2026.07.28 09:39:46 WARN  Using H2 2.4.240 which is newer than the version Flyway has been verified with. The latest verified version of H2 is 2.3.232.
2026.07.28 09:39:46 WARN  no build tool detected in workspace '/Users/onurercen/Desktop/ml4j'. The most common cause for this problem is that the editor was opened in the wrong working directory, for example if you use sbt then the workspace directory should contain build.sbt. 
2026.07.28 09:39:46 WARN  Build server is not auto-connectable.
2026.07.28 09:39:46 WARN  no build target for: /Users/onurercen/Desktop/ml4j/tensor/Tensor.java
2026.07.28 09:39:46 WARN  Running javac-semanticdb failed for file:///Users/onurercen/Desktop/ml4j/tensor/Tensor.java. Output:

Tem 28, 2026 9:39:52 ÖÖ org.eclipse.lsp4j.jsonrpc.services.GenericEndpoint notify
INFO: Unsupported notification method: $/setTrace
Tem 28, 2026 9:39:52 ÖÖ org.eclipse.lsp4j.jsonrpc.services.GenericEndpoint notify
INFO: Unsupported notification method: $/setTrace
2026.07.28 09:41:04 WARN  no build target for: /Users/onurercen/Desktop/ml4j/tensor/Tensor.java
2026.07.28 09:41:04 INFO  no build target found for /Users/onurercen/Desktop/ml4j/tensor/Tensor.java. Using fallback presentation compiler.
2026.07.28 09:41:06 INFO  no build target found for /Users/onurercen/Desktop/ml4j/tensor/Tensor.java. Using fallback presentation compiler.
2026.07.28 09:41:06 INFO  no build target found for /Users/onurercen/Desktop/ml4j/tensor/Tensor.java. Using fallback presentation compiler.
2026.07.28 09:41:06 WARN  Running javac-semanticdb failed for file:///Users/onurercen/Desktop/ml4j/tensor/Tensor.java. Output:

2026.07.28 09:41:06 INFO  no build target found for /Users/onurercen/Desktop/ml4j/tensor/Tensor.java. Using fallback presentation compiler.
2026.07.28 09:41:06 INFO  no build target found for /Users/onurercen/Desktop/ml4j/tensor/Tensor.java. Using fallback presentation compiler.
2026.07.28 09:41:06 INFO  no build target found for /Users/onurercen/Desktop/ml4j/tensor/Tensor.java. Using fallback presentation compiler.
2026.07.28 09:41:07 INFO  no build target found for /Users/onurercen/Desktop/ml4j/tensor/Tensor.java. Using fallback presentation compiler.
2026.07.28 09:41:06 INFO  no build target found for /Users/onurercen/Desktop/ml4j/tensor/Tensor.java. Using fallback presentation compiler.
2026.07.28 09:41:06 INFO  no build target found for /Users/onurercen/Desktop/ml4j/tensor/Tensor.java. Using fallback presentation compiler.
2026.07.28 09:41:06 INFO  no build target found for /Users/onurercen/Desktop/ml4j/tensor/Tensor.java. Using fallback presentation compiler.
2026.07.28 09:41:06 INFO  no build target found for /Users/onurercen/Desktop/ml4j/tensor/Tensor.java. Using fallback presentation compiler.
2026.07.28 09:41:07 INFO  no build target found for /Users/onurercen/Desktop/ml4j/tensor/Tensor.java. Using fallback presentation compiler.
2026.07.28 09:41:07 INFO  no build target found for /Users/onurercen/Desktop/ml4j/tensor/Tensor.java. Using fallback presentation compiler.
2026.07.28 09:41:07 INFO  no build target found for /Users/onurercen/Desktop/ml4j/tensor/Tensor.java. Using fallback presentation compiler.
2026.07.28 09:41:08 INFO  no build target found for /Users/onurercen/Desktop/ml4j/tensor/Tensor.java. Using fallback presentation compiler.
2026.07.28 09:41:07 INFO  no build target found for /Users/onurercen/Desktop/ml4j/tensor/Tensor.java. Using fallback presentation compiler.
2026.07.28 09:41:07 INFO  no build target found for /Users/onurercen/Desktop/ml4j/tensor/Tensor.java. Using fallback presentation compiler.
2026.07.28 09:41:08 INFO  no build target found for /Users/onurercen/Desktop/ml4j/tensor/Tensor.java. Using fallback presentation compiler.
2026.07.28 09:41:07 INFO  no build target found for /Users/onurercen/Desktop/ml4j/tensor/Tensor.java. Using fallback presentation compiler.
2026.07.28 09:41:08 WARN  Running javac-semanticdb failed for file:///Users/onurercen/Desktop/ml4j/tensor/Tensor.java. Output:

2026.07.28 09:41:08 INFO  no build target found for /Users/onurercen/Desktop/ml4j/tensor/Tensor.java. Using fallback presentation compiler.
2026.07.28 09:41:09 INFO  no build target found for /Users/onurercen/Desktop/ml4j/tensor/Tensor.java. Using fallback presentation compiler.
2026.07.28 09:41:09 INFO  no build target found for /Users/onurercen/Desktop/ml4j/tensor/Tensor.java. Using fallback presentation compiler.
2026.07.28 09:41:09 WARN  Running javac-semanticdb failed for file:///Users/onurercen/Desktop/ml4j/tensor/Tensor.java. Output:

2026.07.28 09:41:09 INFO  no build target found for /Users/onurercen/Desktop/ml4j/tensor/Tensor.java. Using fallback presentation compiler.
2026.07.28 09:41:09 INFO  no build target found for /Users/onurercen/Desktop/ml4j/tensor/Tensor.java. Using fallback presentation compiler.
2026.07.28 09:41:09 INFO  no build target found for /Users/onurercen/Desktop/ml4j/tensor/Tensor.java. Using fallback presentation compiler.
2026.07.28 09:41:09 WARN  Running javac-semanticdb failed for file:///Users/onurercen/Desktop/ml4j/tensor/Tensor.java. Output:

2026.07.28 09:41:09 INFO  no build target found for /Users/onurercen/Desktop/ml4j/tensor/Tensor.java. Using fallback presentation compiler.
2026.07.28 09:41:08 INFO  no build target found for /Users/onurercen/Desktop/ml4j/tensor/Tensor.java. Using fallback presentation compiler.
2026.07.28 09:41:09 INFO  no build target found for /Users/onurercen/Desktop/ml4j/tensor/Tensor.java. Using fallback presentation compiler.
2026.07.28 09:41:10 INFO  no build target found for /Users/onurercen/Desktop/ml4j/tensor/Tensor.java. Using fallback presentation compiler.
2026.07.28 09:41:09 INFO  no build target found for /Users/onurercen/Desktop/ml4j/tensor/Tensor.java. Using fallback presentation compiler.
2026.07.28 09:41:10 INFO  no build target found for /Users/onurercen/Desktop/ml4j/tensor/Tensor.java. Using fallback presentation compiler.
2026.07.28 09:41:10 INFO  no build target found for /Users/onurercen/Desktop/ml4j/tensor/Tensor.java. Using fallback presentation compiler.
2026.07.28 09:41:10 WARN  Running javac-semanticdb failed for file:///Users/onurercen/Desktop/ml4j/tensor/Tensor.java. Output:

2026.07.28 09:41:10 INFO  no build target found for /Users/onurercen/Desktop/ml4j/tensor/Tensor.java. Using fallback presentation compiler.
2026.07.28 09:41:10 INFO  no build target found for /Users/onurercen/Desktop/ml4j/tensor/Tensor.java. Using fallback presentation compiler.
2026.07.28 09:41:11 INFO  no build target found for /Users/onurercen/Desktop/ml4j/tensor/Tensor.java. Using fallback presentation compiler.
2026.07.28 09:41:11 INFO  no build target found for /Users/onurercen/Desktop/ml4j/tensor/Tensor.java. Using fallback presentation compiler.
2026.07.28 09:41:11 WARN  Running javac-semanticdb failed for file:///Users/onurercen/Desktop/ml4j/tensor/Tensor.java. Output:

2026.07.28 09:41:11 INFO  no build target found for /Users/onurercen/Desktop/ml4j/tensor/Tensor.java. Using fallback presentation compiler.
2026.07.28 09:41:11 INFO  no build target found for /Users/onurercen/Desktop/ml4j/tensor/Tensor.java. Using fallback presentation compiler.
2026.07.28 09:41:15 INFO  no build target found for /Users/onurercen/Desktop/ml4j/tensor/Tensor.java. Using fallback presentation compiler.
2026.07.28 09:41:15 INFO  no build target found for /Users/onurercen/Desktop/ml4j/tensor/Tensor.java. Using fallback presentation compiler.
2026.07.28 09:41:20 INFO  no build target found for /Users/onurercen/Desktop/ml4j/tensor/Tensor.java. Using fallback presentation compiler.
2026.07.28 09:41:22 INFO  no build target found for /Users/onurercen/Desktop/ml4j/tensor/Tensor.java. Using fallback presentation compiler.
2026.07.28 09:41:22 INFO  no build target found for /Users/onurercen/Desktop/ml4j/tensor/Tensor.java. Using fallback presentation compiler.
2026.07.28 09:41:22 INFO  no build target found for /Users/onurercen/Desktop/ml4j/tensor/Tensor.java. Using fallback presentation compiler.
2026.07.28 09:41:22 WARN  Running javac-semanticdb failed for file:///Users/onurercen/Desktop/ml4j/tensor/Tensor.java. Output:

2026.07.28 09:41:22 INFO  no build target found for /Users/onurercen/Desktop/ml4j/tensor/Tensor.java. Using fallback presentation compiler.
2026.07.28 09:41:23 INFO  no build target found for /Users/onurercen/Desktop/ml4j/tensor/Tensor.java. Using fallback presentation compiler.
2026.07.28 09:41:23 INFO  no build target found for /Users/onurercen/Desktop/ml4j/tensor/Tensor.java. Using fallback presentation compiler.
2026.07.28 09:41:23 INFO  no build target found for /Users/onurercen/Desktop/ml4j/tensor/Tensor.java. Using fallback presentation compiler.
2026.07.28 09:41:23 INFO  no build target found for /Users/onurercen/Desktop/ml4j/tensor/Tensor.java. Using fallback presentation compiler.
2026.07.28 09:41:23 INFO  no build target found for /Users/onurercen/Desktop/ml4j/tensor/Tensor.java. Using fallback presentation compiler.
2026.07.28 09:41:23 WARN  Running javac-semanticdb failed for file:///Users/onurercen/Desktop/ml4j/tensor/Tensor.java. Output:

2026.07.28 09:41:23 INFO  no build target found for /Users/onurercen/Desktop/ml4j/tensor/Tensor.java. Using fallback presentation compiler.
2026.07.28 09:41:23 INFO  no build target found for /Users/onurercen/Desktop/ml4j/tensor/Tensor.java. Using fallback presentation compiler.
2026.07.28 09:41:24 INFO  no build target found for /Users/onurercen/Desktop/ml4j/tensor/Tensor.java. Using fallback presentation compiler.
2026.07.28 09:41:23 INFO  no build target found for /Users/onurercen/Desktop/ml4j/tensor/Tensor.java. Using fallback presentation compiler.
2026.07.28 09:41:24 INFO  no build target found for /Users/onurercen/Desktop/ml4j/tensor/Tensor.java. Using fallback presentation compiler.
2026.07.28 09:41:24 INFO  no build target found for /Users/onurercen/Desktop/ml4j/tensor/Tensor.java. Using fallback presentation compiler.
2026.07.28 09:41:24 WARN  Running javac-semanticdb failed for file:///Users/onurercen/Desktop/ml4j/tensor/Tensor.java. Output:

2026.07.28 09:41:24 INFO  no build target found for /Users/onurercen/Desktop/ml4j/tensor/Tensor.java. Using fallback presentation compiler.
2026.07.28 09:41:24 INFO  no build target found for /Users/onurercen/Desktop/ml4j/tensor/Tensor.java. Using fallback presentation compiler.
2026.07.28 09:41:24 INFO  no build target found for /Users/onurercen/Desktop/ml4j/tensor/Tensor.java. Using fallback presentation compiler.
2026.07.28 09:41:24 INFO  no build target found for /Users/onurercen/Desktop/ml4j/tensor/Tensor.java. Using fallback presentation compiler.
2026.07.28 09:41:25 INFO  no build target found for /Users/onurercen/Desktop/ml4j/tensor/Tensor.java. Using fallback presentation compiler.
2026.07.28 09:41:24 INFO  no build target found for /Users/onurercen/Desktop/ml4j/tensor/Tensor.java. Using fallback presentation compiler.
2026.07.28 09:41:24 INFO  no build target found for /Users/onurercen/Desktop/ml4j/tensor/Tensor.java. Using fallback presentation compiler.
2026.07.28 09:41:24 INFO  no build target found for /Users/onurercen/Desktop/ml4j/tensor/Tensor.java. Using fallback presentation compiler.
2026.07.28 09:41:25 INFO  no build target found for /Users/onurercen/Desktop/ml4j/tensor/Tensor.java. Using fallback presentation compiler.
2026.07.28 09:41:25 INFO  no build target found for /Users/onurercen/Desktop/ml4j/tensor/Tensor.java. Using fallback presentation compiler.
2026.07.28 09:41:25 INFO  no build target found for /Users/onurercen/Desktop/ml4j/tensor/Tensor.java. Using fallback presentation compiler.
2026.07.28 09:41:25 INFO  no build target found for /Users/onurercen/Desktop/ml4j/tensor/Tensor.java. Using fallback presentation compiler.
2026.07.28 09:41:25 WARN  Running javac-semanticdb failed for file:///Users/onurercen/Desktop/ml4j/tensor/Tensor.java. Output:

2026.07.28 09:41:25 INFO  no build target found for /Users/onurercen/Desktop/ml4j/tensor/Tensor.java. Using fallback presentation compiler.
2026.07.28 09:41:25 INFO  no build target found for /Users/onurercen/Desktop/ml4j/tensor/Tensor.java. Using fallback presentation compiler.
2026.07.28 09:41:25 INFO  no build target found for /Users/onurercen/Desktop/ml4j/tensor/Tensor.java. Using fallback presentation compiler.
2026.07.28 09:41:25 INFO  no build target found for /Users/onurercen/Desktop/ml4j/tensor/Tensor.java. Using fallback presentation compiler.
2026.07.28 09:41:26 INFO  no build target found for /Users/onurercen/Desktop/ml4j/tensor/Tensor.java. Using fallback presentation compiler.
2026.07.28 09:41:26 INFO  no build target found for /Users/onurercen/Desktop/ml4j/tensor/Tensor.java. Using fallback presentation compiler.
2026.07.28 09:41:26 INFO  no build target found for /Users/onurercen/Desktop/ml4j/tensor/Tensor.java. Using fallback presentation compiler.
2026.07.28 09:41:26 INFO  no build target found for /Users/onurercen/Desktop/ml4j/tensor/Tensor.java. Using fallback presentation compiler.
2026.07.28 09:41:26 INFO  no build target found for /Users/onurercen/Desktop/ml4j/tensor/Tensor.java. Using fallback presentation compiler.
2026.07.28 09:41:26 INFO  no build target found for /Users/onurercen/Desktop/ml4j/tensor/Tensor.java. Using fallback presentation compiler.
2026.07.28 09:41:27 WARN  Running javac-semanticdb failed for file:///Users/onurercen/Desktop/ml4j/tensor/Tensor.java. Output:

2026.07.28 09:41:26 INFO  no build target found for /Users/onurercen/Desktop/ml4j/tensor/Tensor.java. Using fallback presentation compiler.
2026.07.28 09:41:26 INFO  no build target found for /Users/onurercen/Desktop/ml4j/tensor/Tensor.java. Using fallback presentation compiler.
2026.07.28 09:41:26 WARN  Running javac-semanticdb failed for file:///Users/onurercen/Desktop/ml4j/tensor/Tensor.java. Output:

2026.07.28 09:41:27 INFO  no build target found for /Users/onurercen/Desktop/ml4j/tensor/Tensor.java. Using fallback presentation compiler.
2026.07.28 09:41:27 INFO  no build target found for /Users/onurercen/Desktop/ml4j/tensor/Tensor.java. Using fallback presentation compiler.
2026.07.28 09:41:27 INFO  no build target found for /Users/onurercen/Desktop/ml4j/tensor/Tensor.java. Using fallback presentation compiler.
2026.07.28 09:41:27 INFO  no build target found for /Users/onurercen/Desktop/ml4j/tensor/Tensor.java. Using fallback presentation compiler.
2026.07.28 09:41:29 INFO  no build target found for /Users/onurercen/Desktop/ml4j/tensor/Tensor.java. Using fallback presentation compiler.
2026.07.28 09:41:29 INFO  no build target found for /Users/onurercen/Desktop/ml4j/tensor/Tensor.java. Using fallback presentation compiler.
2026.07.28 09:41:30 INFO  no build target found for /Users/onurercen/Desktop/ml4j/tensor/Tensor.java. Using fallback presentation compiler.
2026.07.28 09:41:30 INFO  no build target found for /Users/onurercen/Desktop/ml4j/tensor/Tensor.java. Using fallback presentation compiler.
2026.07.28 09:44:32 INFO  no build target found for /Users/onurercen/Desktop/ml4j/TensorOps.java. Using fallback presentation compiler.
2026.07.28 09:44:32 WARN  no build target for: /Users/onurercen/Desktop/ml4j/TensorOps.java
2026.07.28 09:44:32 INFO  no build target found for /Users/onurercen/Desktop/ml4j/tensor/Tensor.java. Using fallback presentation compiler.
2026.07.28 09:44:32 WARN  no build target for: /Users/onurercen/Desktop/ml4j/TensorOps.java
2026.07.28 09:44:32 INFO  no build target found for /Users/onurercen/Desktop/ml4j/TensorOps.java. Using fallback presentation compiler.
2026.07.28 09:44:32 INFO  no build target found for /Users/onurercen/Desktop/ml4j/TensorOps.java. Using fallback presentation compiler.
2026.07.28 09:44:37 INFO  no build target found for /Users/onurercen/Desktop/ml4j/TensorOps.java. Using fallback presentation compiler.
2026.07.28 09:44:37 INFO  no build target found for /Users/onurercen/Desktop/ml4j/TensorOps.java. Using fallback presentation compiler.
2026.07.28 09:44:41 INFO  no build target found for /Users/onurercen/Desktop/ml4j/TensorOps.java. Using fallback presentation compiler.
2026.07.28 09:44:41 INFO  no build target found for /Users/onurercen/Desktop/ml4j/tensor/Tensor.java. Using fallback presentation compiler.
2026.07.28 09:44:41 WARN  no build target for: /Users/onurercen/Desktop/ml4j/tensor/Tensor.java
2026.07.28 09:44:41 INFO  no build target found for /Users/onurercen/Desktop/ml4j/tensor/Tensor.java. Using fallback presentation compiler.
2026.07.28 09:44:41 INFO  no build target found for /Users/onurercen/Desktop/ml4j/tensor/Tensor.java. Using fallback presentation compiler.
2026.07.28 09:44:41 INFO  no build target found for /Users/onurercen/Desktop/ml4j/tensor/Tensor.java. Using fallback presentation compiler.
2026.07.28 09:44:58 WARN  no build target for: /Users/onurercen/Desktop/ml4j/tensor/Shape.java
2026.07.28 09:44:58 INFO  no build target found for /Users/onurercen/Desktop/ml4j/tensor/Shape.java. Using fallback presentation compiler.
2026.07.28 09:44:58 WARN  Running javac-semanticdb failed for file:///Users/onurercen/Desktop/ml4j/tensor/Shape.java. Output:

2026.07.28 09:44:58 INFO  no build target found for /Users/onurercen/Desktop/ml4j/tensor/Shape.java. Using fallback presentation compiler.
2026.07.28 09:44:58 INFO  no build target found for /Users/onurercen/Desktop/ml4j/tensor/Shape.java. Using fallback presentation compiler.
2026.07.28 09:44:58 INFO  no build target found for /Users/onurercen/Desktop/ml4j/tensor/Shape.java. Using fallback presentation compiler.
2026.07.28 09:44:58 INFO  no build target found for /Users/onurercen/Desktop/ml4j/tensor/Shape.java. Using fallback presentation compiler.
2026.07.28 09:44:58 WARN  Running javac-semanticdb failed for file:///Users/onurercen/Desktop/ml4j/tensor/Shape.java. Output:

2026.07.28 09:45:01 INFO  no build target found for /Users/onurercen/Desktop/ml4j/tensor/Tensor.java. Using fallback presentation compiler.
2026.07.28 09:45:01 WARN  no build target for: /Users/onurercen/Desktop/ml4j/tensor/Tensor.java
2026.07.28 09:45:01 INFO  no build target found for /Users/onurercen/Desktop/ml4j/tensor/Tensor.java. Using fallback presentation compiler.
2026.07.28 09:45:01 INFO  no build target found for /Users/onurercen/Desktop/ml4j/tensor/Tensor.java. Using fallback presentation compiler.
2026.07.28 09:45:01 INFO  no build target found for /Users/onurercen/Desktop/ml4j/tensor/Tensor.java. Using fallback presentation compiler.
2026.07.28 09:45:11 WARN  no build target for: /Users/onurercen/Desktop/ml4j/tensor/TensorOps.java
2026.07.28 09:45:11 INFO  no build target found for /Users/onurercen/Desktop/ml4j/tensor/TensorOps.java. Using fallback presentation compiler.
2026.07.28 09:45:11 WARN  Running javac-semanticdb failed for file:///Users/onurercen/Desktop/ml4j/tensor/TensorOps.java. Output:

2026.07.28 09:45:11 INFO  no build target found for /Users/onurercen/Desktop/ml4j/tensor/TensorOps.java. Using fallback presentation compiler.
2026.07.28 09:45:11 INFO  no build target found for /Users/onurercen/Desktop/ml4j/tensor/TensorOps.java. Using fallback presentation compiler.
2026.07.28 09:45:11 INFO  no build target found for /Users/onurercen/Desktop/ml4j/tensor/TensorOps.java. Using fallback presentation compiler.
2026.07.28 09:45:11 INFO  no build target found for /Users/onurercen/Desktop/ml4j/tensor/TensorOps.java. Using fallback presentation compiler.
2026.07.28 09:45:11 WARN  Running javac-semanticdb failed for file:///Users/onurercen/Desktop/ml4j/tensor/TensorOps.java. Output:

2026.07.28 09:45:39 WARN  no build target for: /Users/onurercen/Desktop/ml4j/tensor/TensorOps.java
2026.07.28 09:45:39 INFO  no build target found for /Users/onurercen/Desktop/ml4j/tensor/TensorOps.java. Using fallback presentation compiler.
2026.07.28 09:46:36 INFO  no build target found for /Users/onurercen/Desktop/ml4j/tensor/Tensor.java. Using fallback presentation compiler.
2026.07.28 09:46:36 WARN  no build target for: /Users/onurercen/Desktop/ml4j/tensor/Tensor.java
2026.07.28 09:46:36 INFO  no build target found for /Users/onurercen/Desktop/ml4j/tensor/Tensor.java. Using fallback presentation compiler.
2026.07.28 09:46:36 INFO  no build target found for /Users/onurercen/Desktop/ml4j/tensor/Tensor.java. Using fallback presentation compiler.
2026.07.28 09:46:36 INFO  no build target found for /Users/onurercen/Desktop/ml4j/tensor/Tensor.java. Using fallback presentation compiler.
2026.07.28 09:46:58 INFO  no build target found for /Users/onurercen/Desktop/ml4j/tensor/Tensor.java. Using fallback presentation compiler.
2026.07.28 09:47:00 INFO  no build target found for /Users/onurercen/Desktop/ml4j/tensor/Tensor.java. Using fallback presentation compiler.
2026.07.28 09:47:00 WARN  Running javac-semanticdb failed for file:///Users/onurercen/Desktop/ml4j/tensor/Tensor.java. Output:

2026.07.28 09:47:00 INFO  no build target found for /Users/onurercen/Desktop/ml4j/tensor/Tensor.java. Using fallback presentation compiler.
2026.07.28 09:47:00 INFO  no build target found for /Users/onurercen/Desktop/ml4j/tensor/Tensor.java. Using fallback presentation compiler.
2026.07.28 09:47:01 INFO  no build target found for /Users/onurercen/Desktop/ml4j/tensor/Tensor.java. Using fallback presentation compiler.
2026.07.28 09:47:01 INFO  no build target found for /Users/onurercen/Desktop/ml4j/tensor/Tensor.java. Using fallback presentation compiler.
2026.07.28 09:47:01 INFO  no build target found for /Users/onurercen/Desktop/ml4j/tensor/Tensor.java. Using fallback presentation compiler.
2026.07.28 09:47:01 INFO  no build target found for /Users/onurercen/Desktop/ml4j/tensor/Tensor.java. Using fallback presentation compiler.
2026.07.28 09:47:01 INFO  no build target found for /Users/onurercen/Desktop/ml4j/tensor/Tensor.java. Using fallback presentation compiler.
2026.07.28 09:47:02 INFO  no build target found for /Users/onurercen/Desktop/ml4j/tensor/Tensor.java. Using fallback presentation compiler.
2026.07.28 09:47:01 INFO  no build target found for /Users/onurercen/Desktop/ml4j/tensor/Tensor.java. Using fallback presentation compiler.
2026.07.28 09:47:01 INFO  no build target found for /Users/onurercen/Desktop/ml4j/tensor/Tensor.java. Using fallback presentation compiler.
2026.07.28 09:47:01 INFO  no build target found for /Users/onurercen/Desktop/ml4j/tensor/Tensor.java. Using fallback presentation compiler.
2026.07.28 09:47:02 INFO  no build target found for /Users/onurercen/Desktop/ml4j/tensor/Tensor.java. Using fallback presentation compiler.
2026.07.28 09:47:02 WARN  Running javac-semanticdb failed for file:///Users/onurercen/Desktop/ml4j/tensor/Tensor.java. Output:

2026.07.28 09:47:02 INFO  no build target found for /Users/onurercen/Desktop/ml4j/tensor/Tensor.java. Using fallback presentation compiler.
2026.07.28 09:47:02 INFO  no build target found for /Users/onurercen/Desktop/ml4j/tensor/Tensor.java. Using fallback presentation compiler.
2026.07.28 09:47:03 INFO  no build target found for /Users/onurercen/Desktop/ml4j/tensor/Tensor.java. Using fallback presentation compiler.
2026.07.28 09:47:02 INFO  no build target found for /Users/onurercen/Desktop/ml4j/tensor/Tensor.java. Using fallback presentation compiler.
2026.07.28 09:47:02 INFO  no build target found for /Users/onurercen/Desktop/ml4j/tensor/Tensor.java. Using fallback presentation compiler.
2026.07.28 09:47:03 INFO  no build target found for /Users/onurercen/Desktop/ml4j/tensor/Tensor.java. Using fallback presentation compiler.
2026.07.28 09:47:02 INFO  no build target found for /Users/onurercen/Desktop/ml4j/tensor/Tensor.java. Using fallback presentation compiler.
2026.07.28 09:47:03 WARN  Running javac-semanticdb failed for file:///Users/onurercen/Desktop/ml4j/tensor/Tensor.java. Output:

2026.07.28 09:47:02 INFO  no build target found for /Users/onurercen/Desktop/ml4j/tensor/Tensor.java. Using fallback presentation compiler.
2026.07.28 09:47:02 INFO  no build target found for /Users/onurercen/Desktop/ml4j/tensor/Tensor.java. Using fallback presentation compiler.
2026.07.28 09:47:03 INFO  no build target found for /Users/onurercen/Desktop/ml4j/tensor/Tensor.java. Using fallback presentation compiler.
2026.07.28 09:47:04 INFO  no build target found for /Users/onurercen/Desktop/ml4j/tensor/Tensor.java. Using fallback presentation compiler.
2026.07.28 09:47:04 WARN  Running javac-semanticdb failed for file:///Users/onurercen/Desktop/ml4j/tensor/Tensor.java. Output:

2026.07.28 09:47:04 INFO  no build target found for /Users/onurercen/Desktop/ml4j/tensor/Tensor.java. Using fallback presentation compiler.
2026.07.28 09:47:04 INFO  no build target found for /Users/onurercen/Desktop/ml4j/tensor/Tensor.java. Using fallback presentation compiler.
2026.07.28 09:47:05 INFO  no build target found for /Users/onurercen/Desktop/ml4j/tensor/Tensor.java. Using fallback presentation compiler.
2026.07.28 09:47:05 WARN  Running javac-semanticdb failed for file:///Users/onurercen/Desktop/ml4j/tensor/Tensor.java. Output:

2026.07.28 09:47:05 INFO  no build target found for /Users/onurercen/Desktop/ml4j/tensor/Tensor.java. Using fallback presentation compiler.
2026.07.28 09:47:05 INFO  no build target found for /Users/onurercen/Desktop/ml4j/tensor/Tensor.java. Using fallback presentation compiler.
2026.07.28 09:47:05 INFO  no build target found for /Users/onurercen/Desktop/ml4j/tensor/Tensor.java. Using fallback presentation compiler.
2026.07.28 09:47:05 WARN  Running javac-semanticdb failed for file:///Users/onurercen/Desktop/ml4j/tensor/Tensor.java. Output:

2026.07.28 09:47:05 INFO  no build target found for /Users/onurercen/Desktop/ml4j/tensor/Tensor.java. Using fallback presentation compiler.
2026.07.28 09:47:06 INFO  no build target found for /Users/onurercen/Desktop/ml4j/tensor/Tensor.java. Using fallback presentation compiler.
2026.07.28 09:47:06 INFO  no build target found for /Users/onurercen/Desktop/ml4j/tensor/Tensor.java. Using fallback presentation compiler.
2026.07.28 09:47:06 INFO  no build target found for /Users/onurercen/Desktop/ml4j/tensor/Tensor.java. Using fallback presentation compiler.
2026.07.28 09:47:06 INFO  no build target found for /Users/onurercen/Desktop/ml4j/tensor/Tensor.java. Using fallback presentation compiler.
2026.07.28 09:47:06 INFO  no build target found for /Users/onurercen/Desktop/ml4j/tensor/Tensor.java. Using fallback presentation compiler.
2026.07.28 09:47:06 INFO  no build target found for /Users/onurercen/Desktop/ml4j/tensor/Tensor.java. Using fallback presentation compiler.
2026.07.28 09:47:06 INFO  no build target found for /Users/onurercen/Desktop/ml4j/tensor/Tensor.java. Using fallback presentation compiler.
2026.07.28 09:47:06 INFO  no build target found for /Users/onurercen/Desktop/ml4j/tensor/Tensor.java. Using fallback presentation compiler.
2026.07.28 09:47:06 INFO  no build target found for /Users/onurercen/Desktop/ml4j/tensor/Tensor.java. Using fallback presentation compiler.
2026.07.28 09:47:06 INFO  no build target found for /Users/onurercen/Desktop/ml4j/tensor/Tensor.java. Using fallback presentation compiler.
2026.07.28 09:47:07 INFO  no build target found for /Users/onurercen/Desktop/ml4j/tensor/Tensor.java. Using fallback presentation compiler.
2026.07.28 09:47:07 WARN  Running javac-semanticdb failed for file:///Users/onurercen/Desktop/ml4j/tensor/Tensor.java. Output:

2026.07.28 09:47:07 INFO  no build target found for /Users/onurercen/Desktop/ml4j/tensor/Tensor.java. Using fallback presentation compiler.
2026.07.28 09:47:07 INFO  no build target found for /Users/onurercen/Desktop/ml4j/tensor/Tensor.java. Using fallback presentation compiler.
2026.07.28 09:47:07 WARN  Running javac-semanticdb failed for file:///Users/onurercen/Desktop/ml4j/tensor/Tensor.java. Output:

2026.07.28 09:47:07 INFO  no build target found for /Users/onurercen/Desktop/ml4j/tensor/Tensor.java. Using fallback presentation compiler.
2026.07.28 09:47:07 INFO  no build target found for /Users/onurercen/Desktop/ml4j/tensor/Tensor.java. Using fallback presentation compiler.
2026.07.28 09:47:07 INFO  no build target found for /Users/onurercen/Desktop/ml4j/tensor/Tensor.java. Using fallback presentation compiler.
2026.07.28 09:47:07 INFO  no build target found for /Users/onurercen/Desktop/ml4j/tensor/Tensor.java. Using fallback presentation compiler.
2026.07.28 09:47:07 INFO  no build target found for /Users/onurercen/Desktop/ml4j/tensor/Tensor.java. Using fallback presentation compiler.
2026.07.28 09:47:07 INFO  no build target found for /Users/onurercen/Desktop/ml4j/tensor/Tensor.java. Using fallback presentation compiler.
2026.07.28 09:47:08 WARN  Running javac-semanticdb failed for file:///Users/onurercen/Desktop/ml4j/tensor/Tensor.java. Output:

2026.07.28 09:47:08 INFO  no build target found for /Users/onurercen/Desktop/ml4j/tensor/Tensor.java. Using fallback presentation compiler.
2026.07.28 09:47:09 INFO  no build target found for /Users/onurercen/Desktop/ml4j/tensor/Tensor.java. Using fallback presentation compiler.
2026.07.28 09:47:09 INFO  no build target found for /Users/onurercen/Desktop/ml4j/tensor/Tensor.java. Using fallback presentation compiler.
2026.07.28 09:47:10 INFO  no build target found for /Users/onurercen/Desktop/ml4j/tensor/Tensor.java. Using fallback presentation compiler.
2026.07.28 09:47:10 WARN  Running javac-semanticdb failed for file:///Users/onurercen/Desktop/ml4j/tensor/Tensor.java. Output:

2026.07.28 09:47:09 INFO  no build target found for /Users/onurercen/Desktop/ml4j/tensor/Tensor.java. Using fallback presentation compiler.
2026.07.28 09:47:09 INFO  no build target found for /Users/onurercen/Desktop/ml4j/tensor/Tensor.java. Using fallback presentation compiler.
2026.07.28 09:47:10 WARN  Running javac-semanticdb failed for file:///Users/onurercen/Desktop/ml4j/tensor/Tensor.java. Output:

2026.07.28 09:47:09 INFO  no build target found for /Users/onurercen/Desktop/ml4j/tensor/Tensor.java. Using fallback presentation compiler.
2026.07.28 09:47:10 INFO  no build target found for /Users/onurercen/Desktop/ml4j/tensor/Tensor.java. Using fallback presentation compiler.
2026.07.28 09:47:09 INFO  no build target found for /Users/onurercen/Desktop/ml4j/tensor/Tensor.java. Using fallback presentation compiler.
2026.07.28 09:47:10 INFO  no build target found for /Users/onurercen/Desktop/ml4j/tensor/Tensor.java. Using fallback presentation compiler.
2026.07.28 09:47:10 INFO  no build target found for /Users/onurercen/Desktop/ml4j/tensor/Tensor.java. Using fallback presentation compiler.
2026.07.28 09:47:10 INFO  no build target found for /Users/onurercen/Desktop/ml4j/tensor/Tensor.java. Using fallback presentation compiler.
2026.07.28 09:47:10 INFO  no build target found for /Users/onurercen/Desktop/ml4j/tensor/Tensor.java. Using fallback presentation compiler.
2026.07.28 09:47:10 INFO  no build target found for /Users/onurercen/Desktop/ml4j/tensor/Tensor.java. Using fallback presentation compiler.
2026.07.28 09:47:11 INFO  no build target found for /Users/onurercen/Desktop/ml4j/tensor/Tensor.java. Using fallback presentation compiler.
2026.07.28 09:47:11 WARN  Running javac-semanticdb failed for file:///Users/onurercen/Desktop/ml4j/tensor/Tensor.java. Output:

2026.07.28 09:47:10 INFO  no build target found for /Users/onurercen/Desktop/ml4j/tensor/Tensor.java. Using fallback presentation compiler.
2026.07.28 09:47:10 INFO  no build target found for /Users/onurercen/Desktop/ml4j/tensor/Tensor.java. Using fallback presentation compiler.
2026.07.28 09:47:11 WARN  Running javac-semanticdb failed for file:///Users/onurercen/Desktop/ml4j/tensor/Tensor.java. Output:

2026.07.28 09:47:11 INFO  no build target found for /Users/onurercen/Desktop/ml4j/tensor/Tensor.java. Using fallback presentation compiler.
2026.07.28 09:47:12 INFO  no build target found for /Users/onurercen/Desktop/ml4j/tensor/Tensor.java. Using fallback presentation compiler.
2026.07.28 09:47:16 INFO  no build target found for /Users/onurercen/Desktop/ml4j/tensor/Tensor.java. Using fallback presentation compiler.
2026.07.28 09:47:16 INFO  no build target found for /Users/onurercen/Desktop/ml4j/tensor/Tensor.java. Using fallback presentation compiler.
2026.07.28 09:47:16 INFO  no build target found for /Users/onurercen/Desktop/ml4j/tensor/Tensor.java. Using fallback presentation compiler.
2026.07.28 09:47:16 WARN  Running javac-semanticdb failed for file:///Users/onurercen/Desktop/ml4j/tensor/Tensor.java. Output:

2026.07.28 09:47:16 INFO  no build target found for /Users/onurercen/Desktop/ml4j/tensor/Tensor.java. Using fallback presentation compiler.
2026.07.28 09:47:16 INFO  no build target found for /Users/onurercen/Desktop/ml4j/tensor/Tensor.java. Using fallback presentation compiler.
2026.07.28 09:47:17 WARN  Running javac-semanticdb failed for file:///Users/onurercen/Desktop/ml4j/tensor/Tensor.java. Output:

2026.07.28 09:47:17 INFO  no build target found for /Users/onurercen/Desktop/ml4j/tensor/Tensor.java. Using fallback presentation compiler.
2026.07.28 09:47:17 INFO  no build target found for /Users/onurercen/Desktop/ml4j/tensor/Tensor.java. Using fallback presentation compiler.
2026.07.28 09:47:17 INFO  no build target found for /Users/onurercen/Desktop/ml4j/tensor/Tensor.java. Using fallback presentation compiler.
2026.07.28 09:47:17 INFO  no build target found for /Users/onurercen/Desktop/ml4j/tensor/Tensor.java. Using fallback presentation compiler.
2026.07.28 09:47:17 INFO  no build target found for /Users/onurercen/Desktop/ml4j/tensor/Tensor.java. Using fallback presentation compiler.
2026.07.28 09:47:17 INFO  no build target found for /Users/onurercen/Desktop/ml4j/tensor/Tensor.java. Using fallback presentation compiler.
2026.07.28 09:47:17 INFO  no build target found for /Users/onurercen/Desktop/ml4j/tensor/Tensor.java. Using fallback presentation compiler.
2026.07.28 09:47:17 INFO  no build target found for /Users/onurercen/Desktop/ml4j/tensor/Tensor.java. Using fallback presentation compiler.
2026.07.28 09:47:17 INFO  no build target found for /Users/onurercen/Desktop/ml4j/tensor/Tensor.java. Using fallback presentation compiler.
2026.07.28 09:47:18 WARN  Running javac-semanticdb failed for file:///Users/onurercen/Desktop/ml4j/tensor/Tensor.java. Output:

2026.07.28 09:47:18 INFO  no build target found for /Users/onurercen/Desktop/ml4j/tensor/Tensor.java. Using fallback presentation compiler.
2026.07.28 09:47:18 INFO  no build target found for /Users/onurercen/Desktop/ml4j/tensor/Tensor.java. Using fallback presentation compiler.
2026.07.28 09:47:18 WARN  Running javac-semanticdb failed for file:///Users/onurercen/Desktop/ml4j/tensor/Tensor.java. Output:

2026.07.28 09:47:18 INFO  no build target found for /Users/onurercen/Desktop/ml4j/tensor/Tensor.java. Using fallback presentation compiler.
2026.07.28 09:47:18 INFO  no build target found for /Users/onurercen/Desktop/ml4j/tensor/Tensor.java. Using fallback presentation compiler.
2026.07.28 09:47:18 INFO  no build target found for /Users/onurercen/Desktop/ml4j/tensor/Tensor.java. Using fallback presentation compiler.
2026.07.28 09:47:18 INFO  no build target found for /Users/onurercen/Desktop/ml4j/tensor/Tensor.java. Using fallback presentation compiler.
2026.07.28 09:47:18 INFO  no build target found for /Users/onurercen/Desktop/ml4j/tensor/Tensor.java. Using fallback presentation compiler.
2026.07.28 09:47:18 INFO  no build target found for /Users/onurercen/Desktop/ml4j/tensor/Tensor.java. Using fallback presentation compiler.
2026.07.28 09:47:18 WARN  Running javac-semanticdb failed for file:///Users/onurercen/Desktop/ml4j/tensor/Tensor.java. Output:

2026.07.28 09:47:19 INFO  no build target found for /Users/onurercen/Desktop/ml4j/tensor/Tensor.java. Using fallback presentation compiler.
2026.07.28 09:47:19 INFO  no build target found for /Users/onurercen/Desktop/ml4j/tensor/Tensor.java. Using fallback presentation compiler.
2026.07.28 09:47:19 INFO  no build target found for /Users/onurercen/Desktop/ml4j/tensor/Tensor.java. Using fallback presentation compiler.
2026.07.28 09:47:19 INFO  no build target found for /Users/onurercen/Desktop/ml4j/tensor/Tensor.java. Using fallback presentation compiler.
2026.07.28 09:47:19 INFO  no build target found for /Users/onurercen/Desktop/ml4j/tensor/Tensor.java. Using fallback presentation compiler.
2026.07.28 09:47:19 WARN  Running javac-semanticdb failed for file:///Users/onurercen/Desktop/ml4j/tensor/Tensor.java. Output:

2026.07.28 09:47:19 INFO  no build target found for /Users/onurercen/Desktop/ml4j/tensor/Tensor.java. Using fallback presentation compiler.
2026.07.28 09:47:19 INFO  no build target found for /Users/onurercen/Desktop/ml4j/tensor/Tensor.java. Using fallback presentation compiler.
2026.07.28 09:47:20 INFO  no build target found for /Users/onurercen/Desktop/ml4j/tensor/Tensor.java. Using fallback presentation compiler.
2026.07.28 09:47:19 INFO  no build target found for /Users/onurercen/Desktop/ml4j/tensor/Tensor.java. Using fallback presentation compiler.
2026.07.28 09:47:20 INFO  no build target found for /Users/onurercen/Desktop/ml4j/tensor/Tensor.java. Using fallback presentation compiler.
2026.07.28 09:47:20 WARN  Running javac-semanticdb failed for file:///Users/onurercen/Desktop/ml4j/tensor/Tensor.java. Output:

2026.07.28 09:47:19 INFO  no build target found for /Users/onurercen/Desktop/ml4j/tensor/Tensor.java. Using fallback presentation compiler.
2026.07.28 09:47:20 INFO  no build target found for /Users/onurercen/Desktop/ml4j/tensor/Tensor.java. Using fallback presentation compiler.
2026.07.28 09:47:20 INFO  no build target found for /Users/onurercen/Desktop/ml4j/tensor/Tensor.java. Using fallback presentation compiler.
2026.07.28 09:47:20 WARN  Running javac-semanticdb failed for file:///Users/onurercen/Desktop/ml4j/tensor/Tensor.java. Output:

2026.07.28 09:47:20 INFO  no build target found for /Users/onurercen/Desktop/ml4j/tensor/Tensor.java. Using fallback presentation compiler.
2026.07.28 09:47:20 INFO  no build target found for /Users/onurercen/Desktop/ml4j/tensor/Tensor.java. Using fallback presentation compiler.
2026.07.28 09:47:21 INFO  no build target found for /Users/onurercen/Desktop/ml4j/tensor/Tensor.java. Using fallback presentation compiler.
2026.07.28 09:47:21 INFO  no build target found for /Users/onurercen/Desktop/ml4j/tensor/Tensor.java. Using fallback presentation compiler.
2026.07.28 09:47:21 WARN  Running javac-semanticdb failed for file:///Users/onurercen/Desktop/ml4j/tensor/Tensor.java. Output:

2026.07.28 09:47:22 INFO  no build target found for /Users/onurercen/Desktop/ml4j/tensor/Tensor.java. Using fallback presentation compiler.
2026.07.28 09:47:21 INFO  no build target found for /Users/onurercen/Desktop/ml4j/tensor/Tensor.java. Using fallback presentation compiler.
2026.07.28 09:47:21 INFO  no build target found for /Users/onurercen/Desktop/ml4j/tensor/Tensor.java. Using fallback presentation compiler.
2026.07.28 09:47:21 INFO  no build target found for /Users/onurercen/Desktop/ml4j/tensor/Tensor.java. Using fallback presentation compiler.
2026.07.28 09:47:22 INFO  no build target found for /Users/onurercen/Desktop/ml4j/tensor/Tensor.java. Using fallback presentation compiler.
2026.07.28 09:47:21 INFO  no build target found for /Users/onurercen/Desktop/ml4j/tensor/Tensor.java. Using fallback presentation compiler.
2026.07.28 09:47:22 INFO  no build target found for /Users/onurercen/Desktop/ml4j/tensor/Tensor.java. Using fallback presentation compiler.
2026.07.28 09:47:22 INFO  no build target found for /Users/onurercen/Desktop/ml4j/tensor/Tensor.java. Using fallback presentation compiler.
2026.07.28 09:47:22 INFO  no build target found for /Users/onurercen/Desktop/ml4j/tensor/Tensor.java. Using fallback presentation compiler.
2026.07.28 09:47:22 INFO  no build target found for /Users/onurercen/Desktop/ml4j/tensor/Tensor.java. Using fallback presentation compiler.
2026.07.28 09:47:22 INFO  no build target found for /Users/onurercen/Desktop/ml4j/tensor/Tensor.java. Using fallback presentation compiler.
2026.07.28 09:47:23 INFO  no build target found for /Users/onurercen/Desktop/ml4j/tensor/Tensor.java. Using fallback presentation compiler.
2026.07.28 09:47:22 INFO  no build target found for /Users/onurercen/Desktop/ml4j/tensor/Tensor.java. Using fallback presentation compiler.
2026.07.28 09:47:22 INFO  no build target found for /Users/onurercen/Desktop/ml4j/tensor/Tensor.java. Using fallback presentation compiler.
2026.07.28 09:47:22 INFO  no build target found for /Users/onurercen/Desktop/ml4j/tensor/Tensor.java. Using fallback presentation compiler.
2026.07.28 09:47:23 INFO  no build target found for /Users/onurercen/Desktop/ml4j/tensor/Tensor.java. Using fallback presentation compiler.
2026.07.28 09:47:22 INFO  no build target found for /Users/onurercen/Desktop/ml4j/tensor/Tensor.java. Using fallback presentation compiler.
2026.07.28 09:47:23 WARN  Running javac-semanticdb failed for file:///Users/onurercen/Desktop/ml4j/tensor/Tensor.java. Output:

2026.07.28 09:47:24 INFO  no build target found for /Users/onurercen/Desktop/ml4j/tensor/Tensor.java. Using fallback presentation compiler.
2026.07.28 09:47:24 INFO  no build target found for /Users/onurercen/Desktop/ml4j/tensor/Tensor.java. Using fallback presentation compiler.
2026.07.28 09:47:24 INFO  no build target found for /Users/onurercen/Desktop/ml4j/tensor/Tensor.java. Using fallback presentation compiler.
2026.07.28 09:47:24 INFO  no build target found for /Users/onurercen/Desktop/ml4j/tensor/Tensor.java. Using fallback presentation compiler.
2026.07.28 09:47:24 INFO  no build target found for /Users/onurercen/Desktop/ml4j/tensor/Tensor.java. Using fallback presentation compiler.
2026.07.28 09:47:25 INFO  no build target found for /Users/onurercen/Desktop/ml4j/tensor/Tensor.java. Using fallback presentation compiler.
2026.07.28 09:47:25 INFO  no build target found for /Users/onurercen/Desktop/ml4j/tensor/Tensor.java. Using fallback presentation compiler.
2026.07.28 09:47:26 WARN  Running javac-semanticdb failed for file:///Users/onurercen/Desktop/ml4j/tensor/Tensor.java. Output:

2026.07.28 09:47:26 INFO  no build target found for /Users/onurercen/Desktop/ml4j/tensor/Tensor.java. Using fallback presentation compiler.
2026.07.28 09:47:25 INFO  no build target found for /Users/onurercen/Desktop/ml4j/tensor/Tensor.java. Using fallback presentation compiler.
2026.07.28 09:47:27 INFO  no build target found for /Users/onurercen/Desktop/ml4j/tensor/Tensor.java. Using fallback presentation compiler.
2026.07.28 09:47:27 WARN  Running javac-semanticdb failed for file:///Users/onurercen/Desktop/ml4j/tensor/Tensor.java. Output:

2026.07.28 09:47:27 INFO  no build target found for /Users/onurercen/Desktop/ml4j/tensor/Tensor.java. Using fallback presentation compiler.
2026.07.28 09:47:30 INFO  no build target found for /Users/onurercen/Desktop/ml4j/tensor/Tensor.java. Using fallback presentation compiler.
2026.07.28 09:47:30 INFO  no build target found for /Users/onurercen/Desktop/ml4j/tensor/Tensor.java. Using fallback presentation compiler.
2026.07.28 09:47:30 INFO  no build target found for /Users/onurercen/Desktop/ml4j/tensor/Tensor.java. Using fallback presentation compiler.
2026.07.28 09:47:30 INFO  no build target found for /Users/onurercen/Desktop/ml4j/tensor/Tensor.java. Using fallback presentation compiler.
2026.07.28 09:47:31 WARN  Running javac-semanticdb failed for file:///Users/onurercen/Desktop/ml4j/tensor/Tensor.java. Output:

2026.07.28 09:47:30 INFO  no build target found for /Users/onurercen/Desktop/ml4j/tensor/Tensor.java. Using fallback presentation compiler.
2026.07.28 09:47:33 INFO  no build target found for /Users/onurercen/Desktop/ml4j/tensor/Tensor.java. Using fallback presentation compiler.
2026.07.28 09:47:33 WARN  Running javac-semanticdb failed for file:///Users/onurercen/Desktop/ml4j/tensor/Tensor.java. Output:

2026.07.28 09:47:34 INFO  no build target found for /Users/onurercen/Desktop/ml4j/tensor/Tensor.java. Using fallback presentation compiler.
2026.07.28 09:47:37 INFO  no build target found for /Users/onurercen/Desktop/ml4j/tensor/Tensor.java. Using fallback presentation compiler.
2026.07.28 09:47:37 INFO  no build target found for /Users/onurercen/Desktop/ml4j/tensor/Tensor.java. Using fallback presentation compiler.
2026.07.28 09:47:38 INFO  no build target found for /Users/onurercen/Desktop/ml4j/tensor/Tensor.java. Using fallback presentation compiler.
2026.07.28 09:47:37 INFO  no build target found for /Users/onurercen/Desktop/ml4j/tensor/Tensor.java. Using fallback presentation compiler.
2026.07.28 09:47:38 WARN  Running javac-semanticdb failed for file:///Users/onurercen/Desktop/ml4j/tensor/Tensor.java. Output:

2026.07.28 09:47:37 INFO  no build target found for /Users/onurercen/Desktop/ml4j/tensor/Tensor.java. Using fallback presentation compiler.
2026.07.28 09:47:37 INFO  no build target found for /Users/onurercen/Desktop/ml4j/tensor/Tensor.java. Using fallback presentation compiler.
2026.07.28 09:47:38 WARN  Running javac-semanticdb failed for file:///Users/onurercen/Desktop/ml4j/tensor/Tensor.java. Output:

2026.07.28 09:47:38 INFO  no build target found for /Users/onurercen/Desktop/ml4j/tensor/Tensor.java. Using fallback presentation compiler.
2026.07.28 09:47:38 INFO  no build target found for /Users/onurercen/Desktop/ml4j/tensor/Tensor.java. Using fallback presentation compiler.
2026.07.28 09:47:38 INFO  no build target found for /Users/onurercen/Desktop/ml4j/tensor/Tensor.java. Using fallback presentation compiler.
2026.07.28 09:47:38 INFO  no build target found for /Users/onurercen/Desktop/ml4j/tensor/Tensor.java. Using fallback presentation compiler.
2026.07.28 09:47:39 INFO  no build target found for /Users/onurercen/Desktop/ml4j/tensor/Tensor.java. Using fallback presentation compiler.
2026.07.28 09:47:38 INFO  no build target found for /Users/onurercen/Desktop/ml4j/tensor/Tensor.java. Using fallback presentation compiler.
2026.07.28 09:47:38 INFO  no build target found for /Users/onurercen/Desktop/ml4j/tensor/Tensor.java. Using fallback presentation compiler.
2026.07.28 09:47:38 INFO  no build target found for /Users/onurercen/Desktop/ml4j/tensor/Tensor.java. Using fallback presentation compiler.
2026.07.28 09:47:39 INFO  no build target found for /Users/onurercen/Desktop/ml4j/tensor/Tensor.java. Using fallback presentation compiler.
2026.07.28 09:47:38 INFO  no build target found for /Users/onurercen/Desktop/ml4j/tensor/Tensor.java. Using fallback presentation compiler.
2026.07.28 09:47:38 INFO  no build target found for /Users/onurercen/Desktop/ml4j/tensor/Tensor.java. Using fallback presentation compiler.
2026.07.28 09:47:38 INFO  no build target found for /Users/onurercen/Desktop/ml4j/tensor/Tensor.java. Using fallback presentation compiler.
2026.07.28 09:47:39 INFO  no build target found for /Users/onurercen/Desktop/ml4j/tensor/Tensor.java. Using fallback presentation compiler.
2026.07.28 09:47:39 INFO  no build target found for /Users/onurercen/Desktop/ml4j/tensor/Tensor.java. Using fallback presentation compiler.
2026.07.28 09:47:39 WARN  Running javac-semanticdb failed for file:///Users/onurercen/Desktop/ml4j/tensor/Tensor.java. Output:

2026.07.28 09:47:39 INFO  no build target found for /Users/onurercen/Desktop/ml4j/tensor/Tensor.java. Using fallback presentation compiler.
2026.07.28 09:47:39 INFO  no build target found for /Users/onurercen/Desktop/ml4j/tensor/Tensor.java. Using fallback presentation compiler.
2026.07.28 09:47:39 INFO  no build target found for /Users/onurercen/Desktop/ml4j/tensor/Tensor.java. Using fallback presentation compiler.
2026.07.28 09:47:39 INFO  no build target found for /Users/onurercen/Desktop/ml4j/tensor/Tensor.java. Using fallback presentation compiler.
2026.07.28 09:47:39 INFO  no build target found for /Users/onurercen/Desktop/ml4j/tensor/Tensor.java. Using fallback presentation compiler.
2026.07.28 09:47:39 INFO  no build target found for /Users/onurercen/Desktop/ml4j/tensor/Tensor.java. Using fallback presentation compiler.
2026.07.28 09:47:39 INFO  no build target found for /Users/onurercen/Desktop/ml4j/tensor/Tensor.java. Using fallback presentation compiler.
2026.07.28 09:47:39 INFO  no build target found for /Users/onurercen/Desktop/ml4j/tensor/Tensor.java. Using fallback presentation compiler.
2026.07.28 09:47:39 INFO  no build target found for /Users/onurercen/Desktop/ml4j/tensor/Tensor.java. Using fallback presentation compiler.
2026.07.28 09:47:39 INFO  no build target found for /Users/onurercen/Desktop/ml4j/tensor/Tensor.java. Using fallback presentation compiler.
2026.07.28 09:47:40 INFO  no build target found for /Users/onurercen/Desktop/ml4j/tensor/Tensor.java. Using fallback presentation compiler.
2026.07.28 09:47:39 INFO  no build target found for /Users/onurercen/Desktop/ml4j/tensor/Tensor.java. Using fallback presentation compiler.
2026.07.28 09:47:41 INFO  no build target found for /Users/onurercen/Desktop/ml4j/tensor/Tensor.java. Using fallback presentation compiler.
2026.07.28 09:47:41 INFO  no build target found for /Users/onurercen/Desktop/ml4j/tensor/Tensor.java. Using fallback presentation compiler.
2026.07.28 09:47:40 INFO  no build target found for /Users/onurercen/Desktop/ml4j/tensor/Tensor.java. Using fallback presentation compiler.
2026.07.28 09:47:41 INFO  no build target found for /Users/onurercen/Desktop/ml4j/tensor/Tensor.java. Using fallback presentation compiler.
2026.07.28 09:47:41 WARN  Running javac-semanticdb failed for file:///Users/onurercen/Desktop/ml4j/tensor/Tensor.java. Output:

2026.07.28 09:47:41 INFO  no build target found for /Users/onurercen/Desktop/ml4j/tensor/Tensor.java. Using fallback presentation compiler.
2026.07.28 09:47:41 INFO  no build target found for /Users/onurercen/Desktop/ml4j/tensor/Tensor.java. Using fallback presentation compiler.
2026.07.28 09:47:41 INFO  no build target found for /Users/onurercen/Desktop/ml4j/tensor/Tensor.java. Using fallback presentation compiler.
2026.07.28 09:47:40 INFO  no build target found for /Users/onurercen/Desktop/ml4j/tensor/Tensor.java. Using fallback presentation compiler.
2026.07.28 09:47:41 INFO  no build target found for /Users/onurercen/Desktop/ml4j/tensor/Tensor.java. Using fallback presentation compiler.
2026.07.28 09:47:41 INFO  no build target found for /Users/onurercen/Desktop/ml4j/tensor/Tensor.java. Using fallback presentation compiler.
2026.07.28 09:47:42 INFO  no build target found for /Users/onurercen/Desktop/ml4j/tensor/Tensor.java. Using fallback presentation compiler.
2026.07.28 09:47:42 INFO  no build target found for /Users/onurercen/Desktop/ml4j/tensor/Tensor.java. Using fallback presentation compiler.
2026.07.28 09:47:42 INFO  no build target found for /Users/onurercen/Desktop/ml4j/tensor/Tensor.java. Using fallback presentation compiler.
2026.07.28 09:47:42 WARN  Running javac-semanticdb failed for file:///Users/onurercen/Desktop/ml4j/tensor/Tensor.java. Output:

2026.07.28 09:47:42 INFO  no build target found for /Users/onurercen/Desktop/ml4j/tensor/Tensor.java. Using fallback presentation compiler.
2026.07.28 09:47:42 INFO  no build target found for /Users/onurercen/Desktop/ml4j/tensor/Tensor.java. Using fallback presentation compiler.
2026.07.28 09:47:42 INFO  no build target found for /Users/onurercen/Desktop/ml4j/tensor/Tensor.java. Using fallback presentation compiler.
2026.07.28 09:47:42 INFO  no build target found for /Users/onurercen/Desktop/ml4j/tensor/Tensor.java. Using fallback presentation compiler.
2026.07.28 09:47:42 INFO  no build target found for /Users/onurercen/Desktop/ml4j/tensor/Tensor.java. Using fallback presentation compiler.
2026.07.28 09:47:43 INFO  no build target found for /Users/onurercen/Desktop/ml4j/tensor/Tensor.java. Using fallback presentation compiler.
2026.07.28 09:47:43 INFO  no build target found for /Users/onurercen/Desktop/ml4j/tensor/Tensor.java. Using fallback presentation compiler.
2026.07.28 09:47:43 INFO  no build target found for /Users/onurercen/Desktop/ml4j/tensor/Tensor.java. Using fallback presentation compiler.
2026.07.28 09:47:42 INFO  no build target found for /Users/onurercen/Desktop/ml4j/tensor/Tensor.java. Using fallback presentation compiler.
2026.07.28 09:47:43 INFO  no build target found for /Users/onurercen/Desktop/ml4j/tensor/Tensor.java. Using fallback presentation compiler.
2026.07.28 09:47:43 WARN  Running javac-semanticdb failed for file:///Users/onurercen/Desktop/ml4j/tensor/Tensor.java. Output:

2026.07.28 09:47:43 INFO  no build target found for /Users/onurercen/Desktop/ml4j/tensor/Tensor.java. Using fallback presentation compiler.
2026.07.28 09:47:43 INFO  no build target found for /Users/onurercen/Desktop/ml4j/tensor/Tensor.java. Using fallback presentation compiler.
2026.07.28 09:47:43 WARN  Running javac-semanticdb failed for file:///Users/onurercen/Desktop/ml4j/tensor/Tensor.java. Output:

2026.07.28 09:47:43 INFO  no build target found for /Users/onurercen/Desktop/ml4j/tensor/Tensor.java. Using fallback presentation compiler.
2026.07.28 09:47:44 INFO  no build target found for /Users/onurercen/Desktop/ml4j/tensor/Tensor.java. Using fallback presentation compiler.
2026.07.28 09:47:59 INFO  no build target found for /Users/onurercen/Desktop/ml4j/tensor/Tensor.java. Using fallback presentation compiler.
2026.07.28 09:47:59 WARN  Running javac-semanticdb failed for file:///Users/onurercen/Desktop/ml4j/tensor/Tensor.java. Output:

2026.07.28 09:47:59 INFO  no build target found for /Users/onurercen/Desktop/ml4j/tensor/Tensor.java. Using fallback presentation compiler.
2026.07.28 09:47:59 INFO  no build target found for /Users/onurercen/Desktop/ml4j/tensor/Tensor.java. Using fallback presentation compiler.
2026.07.28 09:47:59 INFO  no build target found for /Users/onurercen/Desktop/ml4j/tensor/Tensor.java. Using fallback presentation compiler.
2026.07.28 09:48:00 WARN  Running javac-semanticdb failed for file:///Users/onurercen/Desktop/ml4j/tensor/Tensor.java. Output:

2026.07.28 09:48:00 INFO  no build target found for /Users/onurercen/Desktop/ml4j/tensor/Tensor.java. Using fallback presentation compiler.
2026.07.28 09:48:00 INFO  no build target found for /Users/onurercen/Desktop/ml4j/tensor/Tensor.java. Using fallback presentation compiler.
2026.07.28 09:48:03 INFO  no build target found for /Users/onurercen/Desktop/ml4j/tensor/Tensor.java. Using fallback presentation compiler.
2026.07.28 09:48:03 INFO  no build target found for /Users/onurercen/Desktop/ml4j/tensor/Tensor.java. Using fallback presentation compiler.
2026.07.28 09:48:03 WARN  Running javac-semanticdb failed for file:///Users/onurercen/Desktop/ml4j/tensor/Tensor.java. Output:

2026.07.28 09:48:03 INFO  no build target found for /Users/onurercen/Desktop/ml4j/tensor/Tensor.java. Using fallback presentation compiler.
2026.07.28 09:48:03 INFO  no build target found for /Users/onurercen/Desktop/ml4j/tensor/Tensor.java. Using fallback presentation compiler.
2026.07.28 09:48:09 INFO  no build target found for /Users/onurercen/Desktop/ml4j/tensor/Tensor.java. Using fallback presentation compiler.
2026.07.28 09:48:09 INFO  no build target found for /Users/onurercen/Desktop/ml4j/tensor/Tensor.java. Using fallback presentation compiler.
2026.07.28 09:48:09 WARN  Running javac-semanticdb failed for file:///Users/onurercen/Desktop/ml4j/tensor/Tensor.java. Output:

2026.07.28 09:48:09 INFO  no build target found for /Users/onurercen/Desktop/ml4j/tensor/Tensor.java. Using fallback presentation compiler.
2026.07.28 09:48:09 INFO  no build target found for /Users/onurercen/Desktop/ml4j/tensor/Tensor.java. Using fallback presentation compiler.
2026.07.28 09:48:09 INFO  no build target found for /Users/onurercen/Desktop/ml4j/tensor/Tensor.java. Using fallback presentation compiler.
2026.07.28 09:48:15 WARN  no build target for: /Users/onurercen/Desktop/ml4j/tensor/Tensor.java
2026.07.28 09:48:15 INFO  no build target found for /Users/onurercen/Desktop/ml4j/tensor/Tensor.java. Using fallback presentation compiler.
2026.07.28 09:48:16 INFO  no build target found for /Users/onurercen/Desktop/ml4j/tensor/Tensor.java. Using fallback presentation compiler.
2026.07.28 09:48:16 INFO  no build target found for /Users/onurercen/Desktop/ml4j/tensor/Tensor.java. Using fallback presentation compiler.
2026.07.28 09:49:10 INFO  no build target found for /Users/onurercen/Desktop/ml4j/tensor/Tensor.java. Using fallback presentation compiler.
2026.07.28 09:49:13 INFO  no build target found for /Users/onurercen/Desktop/ml4j/tensor/Tensor.java. Using fallback presentation compiler.
2026.07.28 09:49:13 INFO  no build target found for /Users/onurercen/Desktop/ml4j/tensor/Tensor.java. Using fallback presentation compiler.
2026.07.28 09:49:14 INFO  no build target found for /Users/onurercen/Desktop/ml4j/tensor/Tensor.java. Using fallback presentation compiler.
2026.07.28 09:49:14 INFO  no build target found for /Users/onurercen/Desktop/ml4j/tensor/Tensor.java. Using fallback presentation compiler.
2026.07.28 09:49:14 INFO  no build target found for /Users/onurercen/Desktop/ml4j/tensor/Tensor.java. Using fallback presentation compiler.
2026.07.28 09:49:25 INFO  no build target found for /Users/onurercen/Desktop/ml4j/tensor/Shape.java. Using fallback presentation compiler.
2026.07.28 09:49:25 WARN  no build target for: /Users/onurercen/Desktop/ml4j/tensor/Shape.java
2026.07.28 09:49:25 INFO  no build target found for /Users/onurercen/Desktop/ml4j/tensor/Shape.java. Using fallback presentation compiler.
2026.07.28 09:49:26 WARN  no build target for: /Users/onurercen/Desktop/ml4j/tensor/Shape.java
2026.07.28 09:49:26 INFO  no build target found for /Users/onurercen/Desktop/ml4j/tensor/Shape.java. Using fallback presentation compiler.
2026.07.28 09:49:27 INFO  no build target found for /Users/onurercen/Desktop/ml4j/tensor/Tensor.java. Using fallback presentation compiler.
2026.07.28 09:49:27 WARN  no build target for: /Users/onurercen/Desktop/ml4j/tensor/Tensor.java
2026.07.28 09:49:27 INFO  no build target found for /Users/onurercen/Desktop/ml4j/tensor/Tensor.java. Using fallback presentation compiler.
2026.07.28 09:50:17 INFO  no build target found for /Users/onurercen/Desktop/ml4j/tensor/Tensor.java. Using fallback presentation compiler.
2026.07.28 09:50:17 INFO  no build target found for /Users/onurercen/Desktop/ml4j/tensor/Tensor.java. Using fallback presentation compiler.
2026.07.28 09:50:17 INFO  no build target found for /Users/onurercen/Desktop/ml4j/tensor/Tensor.java. Using fallback presentation compiler.
2026.07.28 09:50:17 INFO  no build target found for /Users/onurercen/Desktop/ml4j/tensor/Tensor.java. Using fallback presentation compiler.
2026.07.28 09:50:17 INFO  no build target found for /Users/onurercen/Desktop/ml4j/tensor/Tensor.java. Using fallback presentation compiler.
2026.07.28 09:50:17 INFO  no build target found for /Users/onurercen/Desktop/ml4j/tensor/Tensor.java. Using fallback presentation compiler.
2026.07.28 09:50:18 INFO  no build target found for /Users/onurercen/Desktop/ml4j/tensor/Tensor.java. Using fallback presentation compiler.
2026.07.28 09:50:17 INFO  no build target found for /Users/onurercen/Desktop/ml4j/tensor/Tensor.java. Using fallback presentation compiler.
2026.07.28 09:50:17 INFO  no build target found for /Users/onurercen/Desktop/ml4j/tensor/Tensor.java. Using fallback presentation compiler.
2026.07.28 09:50:17 INFO  no build target found for /Users/onurercen/Desktop/ml4j/tensor/Tensor.java. Using fallback presentation compiler.
2026.07.28 09:50:18 INFO  no build target found for /Users/onurercen/Desktop/ml4j/tensor/Tensor.java. Using fallback presentation compiler.
2026.07.28 09:50:18 INFO  no build target found for /Users/onurercen/Desktop/ml4j/tensor/Tensor.java. Using fallback presentation compiler.
2026.07.28 09:50:18 INFO  no build target found for /Users/onurercen/Desktop/ml4j/tensor/Tensor.java. Using fallback presentation compiler.
2026.07.28 09:50:18 INFO  no build target found for /Users/onurercen/Desktop/ml4j/tensor/Tensor.java. Using fallback presentation compiler.
2026.07.28 09:50:18 INFO  no build target found for /Users/onurercen/Desktop/ml4j/tensor/Tensor.java. Using fallback presentation compiler.
2026.07.28 09:50:19 INFO  no build target found for /Users/onurercen/Desktop/ml4j/tensor/Tensor.java. Using fallback presentation compiler.
2026.07.28 09:50:19 INFO  no build target found for /Users/onurercen/Desktop/ml4j/tensor/Tensor.java. Using fallback presentation compiler.
2026.07.28 09:50:19 INFO  no build target found for /Users/onurercen/Desktop/ml4j/tensor/Tensor.java. Using fallback presentation compiler.
2026.07.28 09:50:20 INFO  no build target found for /Users/onurercen/Desktop/ml4j/tensor/Tensor.java. Using fallback presentation compiler.
2026.07.28 09:50:19 INFO  no build target found for /Users/onurercen/Desktop/ml4j/tensor/Tensor.java. Using fallback presentation compiler.
2026.07.28 09:50:19 INFO  no build target found for /Users/onurercen/Desktop/ml4j/tensor/Tensor.java. Using fallback presentation compiler.
2026.07.28 09:50:19 INFO  no build target found for /Users/onurercen/Desktop/ml4j/tensor/Tensor.java. Using fallback presentation compiler.
2026.07.28 09:50:19 INFO  no build target found for /Users/onurercen/Desktop/ml4j/tensor/Tensor.java. Using fallback presentation compiler.
2026.07.28 09:50:20 INFO  no build target found for /Users/onurercen/Desktop/ml4j/tensor/Tensor.java. Using fallback presentation compiler.
2026.07.28 09:50:21 INFO  no build target found for /Users/onurercen/Desktop/ml4j/tensor/Tensor.java. Using fallback presentation compiler.
2026.07.28 09:50:21 INFO  no build target found for /Users/onurercen/Desktop/ml4j/tensor/Tensor.java. Using fallback presentation compiler.
2026.07.28 09:50:21 INFO  no build target found for /Users/onurercen/Desktop/ml4j/tensor/Tensor.java. Using fallback presentation compiler.
2026.07.28 09:50:21 INFO  no build target found for /Users/onurercen/Desktop/ml4j/tensor/Tensor.java. Using fallback presentation compiler.
2026.07.28 09:50:21 INFO  no build target found for /Users/onurercen/Desktop/ml4j/tensor/Tensor.java. Using fallback presentation compiler.
2026.07.28 09:50:21 INFO  no build target found for /Users/onurercen/Desktop/ml4j/tensor/Tensor.java. Using fallback presentation compiler.
2026.07.28 09:50:21 INFO  no build target found for /Users/onurercen/Desktop/ml4j/tensor/Tensor.java. Using fallback presentation compiler.
2026.07.28 09:50:22 INFO  no build target found for /Users/onurercen/Desktop/ml4j/tensor/Tensor.java. Using fallback presentation compiler.
2026.07.28 09:50:22 INFO  no build target found for /Users/onurercen/Desktop/ml4j/tensor/Tensor.java. Using fallback presentation compiler.
2026.07.28 09:50:22 INFO  no build target found for /Users/onurercen/Desktop/ml4j/tensor/Tensor.java. Using fallback presentation compiler.
2026.07.28 09:50:22 INFO  no build target found for /Users/onurercen/Desktop/ml4j/tensor/Tensor.java. Using fallback presentation compiler.
2026.07.28 09:50:22 INFO  no build target found for /Users/onurercen/Desktop/ml4j/tensor/Tensor.java. Using fallback presentation compiler.
2026.07.28 09:50:23 INFO  no build target found for /Users/onurercen/Desktop/ml4j/tensor/Tensor.java. Using fallback presentation compiler.
2026.07.28 09:50:22 INFO  no build target found for /Users/onurercen/Desktop/ml4j/tensor/Tensor.java. Using fallback presentation compiler.
2026.07.28 09:50:22 INFO  no build target found for /Users/onurercen/Desktop/ml4j/tensor/Tensor.java. Using fallback presentation compiler.
2026.07.28 09:50:23 INFO  no build target found for /Users/onurercen/Desktop/ml4j/tensor/Tensor.java. Using fallback presentation compiler.
2026.07.28 09:50:23 INFO  no build target found for /Users/onurercen/Desktop/ml4j/tensor/Tensor.java. Using fallback presentation compiler.
2026.07.28 09:50:23 INFO  no build target found for /Users/onurercen/Desktop/ml4j/tensor/Tensor.java. Using fallback presentation compiler.
2026.07.28 09:50:23 INFO  no build target found for /Users/onurercen/Desktop/ml4j/tensor/Tensor.java. Using fallback presentation compiler.
2026.07.28 09:50:23 INFO  no build target found for /Users/onurercen/Desktop/ml4j/tensor/Tensor.java. Using fallback presentation compiler.
2026.07.28 09:50:23 INFO  no build target found for /Users/onurercen/Desktop/ml4j/tensor/Tensor.java. Using fallback presentation compiler.
2026.07.28 09:50:23 INFO  no build target found for /Users/onurercen/Desktop/ml4j/tensor/Tensor.java. Using fallback presentation compiler.
2026.07.28 09:50:23 INFO  no build target found for /Users/onurercen/Desktop/ml4j/tensor/Tensor.java. Using fallback presentation compiler.
2026.07.28 09:50:23 INFO  no build target found for /Users/onurercen/Desktop/ml4j/tensor/Tensor.java. Using fallback presentation compiler.
2026.07.28 09:50:23 INFO  no build target found for /Users/onurercen/Desktop/ml4j/tensor/Tensor.java. Using fallback presentation compiler.
2026.07.28 09:50:23 INFO  no build target found for /Users/onurercen/Desktop/ml4j/tensor/Tensor.java. Using fallback presentation compiler.
2026.07.28 09:50:24 INFO  no build target found for /Users/onurercen/Desktop/ml4j/tensor/Tensor.java. Using fallback presentation compiler.
2026.07.28 09:50:24 INFO  no build target found for /Users/onurercen/Desktop/ml4j/tensor/Tensor.java. Using fallback presentation compiler.
2026.07.28 09:50:24 INFO  no build target found for /Users/onurercen/Desktop/ml4j/tensor/Tensor.java. Using fallback presentation compiler.
2026.07.28 09:50:24 INFO  no build target found for /Users/onurercen/Desktop/ml4j/tensor/Tensor.java. Using fallback presentation compiler.
2026.07.28 09:50:25 INFO  no build target found for /Users/onurercen/Desktop/ml4j/tensor/Tensor.java. Using fallback presentation compiler.
2026.07.28 09:50:24 INFO  no build target found for /Users/onurercen/Desktop/ml4j/tensor/Tensor.java. Using fallback presentation compiler.
2026.07.28 09:50:27 INFO  no build target found for /Users/onurercen/Desktop/ml4j/tensor/Tensor.java. Using fallback presentation compiler.
2026.07.28 09:50:27 INFO  no build target found for /Users/onurercen/Desktop/ml4j/tensor/Tensor.java. Using fallback presentation compiler.
2026.07.28 09:50:27 INFO  no build target found for /Users/onurercen/Desktop/ml4j/tensor/Tensor.java. Using fallback presentation compiler.
2026.07.28 09:50:27 INFO  no build target found for /Users/onurercen/Desktop/ml4j/tensor/Tensor.java. Using fallback presentation compiler.
2026.07.28 09:50:28 INFO  no build target found for /Users/onurercen/Desktop/ml4j/tensor/Tensor.java. Using fallback presentation compiler.
2026.07.28 09:50:34 INFO  no build target found for /Users/onurercen/Desktop/ml4j/tensor/Tensor.java. Using fallback presentation compiler.
Tem 28, 2026 9:50:57 ÖÖ org.eclipse.lsp4j.jsonrpc.services.GenericEndpoint notify
INFO: Unsupported notification method: $/setTrace
2026.07.28 09:50:59 WARN  no build target for: /Users/onurercen/Desktop/ml4j/tensor/Tensor.java
2026.07.28 09:50:59 INFO  no build target found for /Users/onurercen/Desktop/ml4j/tensor/Tensor.java. Using fallback presentation compiler.
2026.07.28 09:50:59 INFO  no build target found for /Users/onurercen/Desktop/ml4j/tensor/Tensor.java. Using fallback presentation compiler.
2026.07.28 09:50:59 INFO  no build target found for /Users/onurercen/Desktop/ml4j/tensor/Tensor.java. Using fallback presentation compiler.
2026.07.28 09:51:01 INFO  no build target found for /Users/onurercen/Desktop/ml4j/tensor/Tensor.java. Using fallback presentation compiler.
2026.07.28 09:51:01 INFO  no build target found for /Users/onurercen/Desktop/ml4j/tensor/Tensor.java. Using fallback presentation compiler.
2026.07.28 09:51:01 INFO  no build target found for /Users/onurercen/Desktop/ml4j/tensor/Tensor.java. Using fallback presentation compiler.
2026.07.28 09:51:01 INFO  no build target found for /Users/onurercen/Desktop/ml4j/tensor/Tensor.java. Using fallback presentation compiler.
2026.07.28 09:51:02 INFO  no build target found for /Users/onurercen/Desktop/ml4j/tensor/Tensor.java. Using fallback presentation compiler.
2026.07.28 09:51:02 INFO  no build target found for /Users/onurercen/Desktop/ml4j/tensor/Tensor.java. Using fallback presentation compiler.
2026.07.28 09:51:05 INFO  no build target found for /Users/onurercen/Desktop/ml4j/tensor/Tensor.java. Using fallback presentation compiler.
2026.07.28 09:51:05 WARN  no build target for: /Users/onurercen/Desktop/ml4j/tensor/Tensor.java
2026.07.28 09:51:05 INFO  no build target found for /Users/onurercen/Desktop/ml4j/tensor/Tensor.java. Using fallback presentation compiler.
Tem 28, 2026 9:51:17 ÖÖ org.eclipse.lsp4j.jsonrpc.services.GenericEndpoint notify
INFO: Unsupported notification method: $/setTrace
Tem 28, 2026 9:51:21 ÖÖ org.eclipse.lsp4j.jsonrpc.services.GenericEndpoint notify
INFO: Unsupported notification method: $/setTrace
2026.07.28 09:51:23 WARN  no build target for: /Users/onurercen/Desktop/ml4j/tensor/Tensor.java
2026.07.28 09:51:23 INFO  no build target found for /Users/onurercen/Desktop/ml4j/tensor/Tensor.java. Using fallback presentation compiler.
2026.07.28 09:51:26 INFO  no build target found for /Users/onurercen/Desktop/ml4j/tensor/Tensor.java. Using fallback presentation compiler.
2026.07.28 09:51:26 INFO  no build target found for /Users/onurercen/Desktop/ml4j/tensor/Tensor.java. Using fallback presentation compiler.
2026.07.28 09:51:26 INFO  no build target found for /Users/onurercen/Desktop/ml4j/tensor/Tensor.java. Using fallback presentation compiler.
2026.07.28 09:51:26 INFO  no build target found for /Users/onurercen/Desktop/ml4j/tensor/Tensor.java. Using fallback presentation compiler.
2026.07.28 09:51:26 INFO  no build target found for /Users/onurercen/Desktop/ml4j/tensor/Tensor.java. Using fallback presentation compiler.
2026.07.28 09:51:26 INFO  no build target found for /Users/onurercen/Desktop/ml4j/tensor/Tensor.java. Using fallback presentation compiler.
2026.07.28 09:51:27 INFO  no build target found for /Users/onurercen/Desktop/ml4j/tensor/Tensor.java. Using fallback presentation compiler.
2026.07.28 09:51:27 INFO  no build target found for /Users/onurercen/Desktop/ml4j/tensor/Tensor.java. Using fallback presentation compiler.
2026.07.28 09:51:27 INFO  no build target found for /Users/onurercen/Desktop/ml4j/tensor/Tensor.java. Using fallback presentation compiler.
2026.07.28 09:51:27 INFO  no build target found for /Users/onurercen/Desktop/ml4j/tensor/Tensor.java. Using fallback presentation compiler.
2026.07.28 09:51:27 INFO  no build target found for /Users/onurercen/Desktop/ml4j/tensor/Tensor.java. Using fallback presentation compiler.
2026.07.28 09:51:27 INFO  no build target found for /Users/onurercen/Desktop/ml4j/tensor/Tensor.java. Using fallback presentation compiler.
2026.07.28 09:51:28 INFO  no build target found for /Users/onurercen/Desktop/ml4j/tensor/Tensor.java. Using fallback presentation compiler.
2026.07.28 09:51:27 INFO  no build target found for /Users/onurercen/Desktop/ml4j/tensor/Tensor.java. Using fallback presentation compiler.
2026.07.28 09:51:28 INFO  no build target found for /Users/onurercen/Desktop/ml4j/tensor/Tensor.java. Using fallback presentation compiler.
2026.07.28 09:51:28 INFO  no build target found for /Users/onurercen/Desktop/ml4j/tensor/Tensor.java. Using fallback presentation compiler.
2026.07.28 09:51:28 INFO  no build target found for /Users/onurercen/Desktop/ml4j/tensor/Tensor.java. Using fallback presentation compiler.
2026.07.28 09:51:28 INFO  no build target found for /Users/onurercen/Desktop/ml4j/tensor/Tensor.java. Using fallback presentation compiler.
2026.07.28 09:51:28 INFO  no build target found for /Users/onurercen/Desktop/ml4j/tensor/Tensor.java. Using fallback presentation compiler.
2026.07.28 09:51:28 INFO  no build target found for /Users/onurercen/Desktop/ml4j/tensor/Tensor.java. Using fallback presentation compiler.
2026.07.28 09:51:28 INFO  no build target found for /Users/onurercen/Desktop/ml4j/tensor/Tensor.java. Using fallback presentation compiler.
2026.07.28 09:51:28 INFO  no build target found for /Users/onurercen/Desktop/ml4j/tensor/Tensor.java. Using fallback presentation compiler.
2026.07.28 09:51:28 INFO  no build target found for /Users/onurercen/Desktop/ml4j/tensor/Tensor.java. Using fallback presentation compiler.
2026.07.28 09:51:28 INFO  no build target found for /Users/onurercen/Desktop/ml4j/tensor/Tensor.java. Using fallback presentation compiler.
2026.07.28 09:51:28 INFO  no build target found for /Users/onurercen/Desktop/ml4j/tensor/Tensor.java. Using fallback presentation compiler.
2026.07.28 09:51:29 INFO  no build target found for /Users/onurercen/Desktop/ml4j/tensor/Tensor.java. Using fallback presentation compiler.
2026.07.28 09:51:29 INFO  no build target found for /Users/onurercen/Desktop/ml4j/tensor/Tensor.java. Using fallback presentation compiler.
2026.07.28 09:51:29 INFO  no build target found for /Users/onurercen/Desktop/ml4j/tensor/Tensor.java. Using fallback presentation compiler.
2026.07.28 09:51:29 INFO  no build target found for /Users/onurercen/Desktop/ml4j/tensor/Tensor.java. Using fallback presentation compiler.
2026.07.28 09:51:29 INFO  no build target found for /Users/onurercen/Desktop/ml4j/tensor/Tensor.java. Using fallback presentation compiler.
2026.07.28 09:51:29 INFO  no build target found for /Users/onurercen/Desktop/ml4j/tensor/Tensor.java. Using fallback presentation compiler.
2026.07.28 09:51:29 INFO  no build target found for /Users/onurercen/Desktop/ml4j/tensor/Tensor.java. Using fallback presentation compiler.
2026.07.28 09:51:29 INFO  no build target found for /Users/onurercen/Desktop/ml4j/tensor/Tensor.java. Using fallback presentation compiler.
2026.07.28 09:51:29 INFO  no build target found for /Users/onurercen/Desktop/ml4j/tensor/Tensor.java. Using fallback presentation compiler.
2026.07.28 09:51:29 INFO  no build target found for /Users/onurercen/Desktop/ml4j/tensor/Tensor.java. Using fallback presentation compiler.
2026.07.28 09:51:29 INFO  no build target found for /Users/onurercen/Desktop/ml4j/tensor/Tensor.java. Using fallback presentation compiler.
2026.07.28 09:51:29 INFO  no build target found for /Users/onurercen/Desktop/ml4j/tensor/Tensor.java. Using fallback presentation compiler.
2026.07.28 09:51:30 INFO  no build target found for /Users/onurercen/Desktop/ml4j/tensor/Tensor.java. Using fallback presentation compiler.
2026.07.28 09:51:30 INFO  no build target found for /Users/onurercen/Desktop/ml4j/tensor/Tensor.java. Using fallback presentation compiler.
2026.07.28 09:51:30 INFO  no build target found for /Users/onurercen/Desktop/ml4j/tensor/Tensor.java. Using fallback presentation compiler.
2026.07.28 09:51:30 INFO  no build target found for /Users/onurercen/Desktop/ml4j/tensor/Tensor.java. Using fallback presentation compiler.
2026.07.28 09:51:30 INFO  no build target found for /Users/onurercen/Desktop/ml4j/tensor/Tensor.java. Using fallback presentation compiler.
2026.07.28 09:51:30 INFO  no build target found for /Users/onurercen/Desktop/ml4j/tensor/Tensor.java. Using fallback presentation compiler.
2026.07.28 09:51:31 INFO  no build target found for /Users/onurercen/Desktop/ml4j/tensor/Tensor.java. Using fallback presentation compiler.
2026.07.28 09:51:30 INFO  no build target found for /Users/onurercen/Desktop/ml4j/tensor/Tensor.java. Using fallback presentation compiler.
2026.07.28 09:51:30 INFO  no build target found for /Users/onurercen/Desktop/ml4j/tensor/Tensor.java. Using fallback presentation compiler.
2026.07.28 09:51:31 INFO  no build target found for /Users/onurercen/Desktop/ml4j/tensor/Tensor.java. Using fallback presentation compiler.
2026.07.28 09:51:31 INFO  no build target found for /Users/onurercen/Desktop/ml4j/tensor/Tensor.java. Using fallback presentation compiler.
2026.07.28 09:51:31 INFO  no build target found for /Users/onurercen/Desktop/ml4j/tensor/Tensor.java. Using fallback presentation compiler.
2026.07.28 09:51:31 INFO  no build target found for /Users/onurercen/Desktop/ml4j/tensor/Tensor.java. Using fallback presentation compiler.
2026.07.28 09:51:31 INFO  no build target found for /Users/onurercen/Desktop/ml4j/tensor/Tensor.java. Using fallback presentation compiler.
2026.07.28 09:51:32 INFO  no build target found for /Users/onurercen/Desktop/ml4j/tensor/Tensor.java. Using fallback presentation compiler.
2026.07.28 09:51:31 INFO  no build target found for /Users/onurercen/Desktop/ml4j/tensor/Tensor.java. Using fallback presentation compiler.
2026.07.28 09:51:31 INFO  no build target found for /Users/onurercen/Desktop/ml4j/tensor/Tensor.java. Using fallback presentation compiler.
2026.07.28 09:51:31 INFO  no build target found for /Users/onurercen/Desktop/ml4j/tensor/Tensor.java. Using fallback presentation compiler.
2026.07.28 09:51:32 INFO  no build target found for /Users/onurercen/Desktop/ml4j/tensor/Tensor.java. Using fallback presentation compiler.
2026.07.28 09:51:32 INFO  no build target found for /Users/onurercen/Desktop/ml4j/tensor/Tensor.java. Using fallback presentation compiler.
2026.07.28 09:51:32 INFO  no build target found for /Users/onurercen/Desktop/ml4j/tensor/Tensor.java. Using fallback presentation compiler.
2026.07.28 09:51:32 INFO  no build target found for /Users/onurercen/Desktop/ml4j/tensor/Tensor.java. Using fallback presentation compiler.
2026.07.28 09:51:33 INFO  no build target found for /Users/onurercen/Desktop/ml4j/tensor/Tensor.java. Using fallback presentation compiler.
2026.07.28 09:51:43 INFO  no build target found for /Users/onurercen/Desktop/ml4j/tensor/Tensor.java. Using fallback presentation compiler.
2026.07.28 09:51:43 INFO  no build target found for /Users/onurercen/Desktop/ml4j/tensor/Tensor.java. Using fallback presentation compiler.
2026.07.28 09:51:43 INFO  no build target found for /Users/onurercen/Desktop/ml4j/tensor/Tensor.java. Using fallback presentation compiler.
2026.07.28 09:51:44 INFO  no build target found for /Users/onurercen/Desktop/ml4j/tensor/Tensor.java. Using fallback presentation compiler.
2026.07.28 09:51:43 INFO  no build target found for /Users/onurercen/Desktop/ml4j/tensor/Tensor.java. Using fallback presentation compiler.
2026.07.28 09:51:43 INFO  no build target found for /Users/onurercen/Desktop/ml4j/tensor/Tensor.java. Using fallback presentation compiler.
2026.07.28 09:51:44 INFO  no build target found for /Users/onurercen/Desktop/ml4j/tensor/Tensor.java. Using fallback presentation compiler.
2026.07.28 09:51:43 INFO  no build target found for /Users/onurercen/Desktop/ml4j/tensor/Tensor.java. Using fallback presentation compiler.
2026.07.28 09:51:43 INFO  no build target found for /Users/onurercen/Desktop/ml4j/tensor/Tensor.java. Using fallback presentation compiler.
2026.07.28 09:51:43 INFO  no build target found for /Users/onurercen/Desktop/ml4j/tensor/Tensor.java. Using fallback presentation compiler.
2026.07.28 09:51:44 INFO  no build target found for /Users/onurercen/Desktop/ml4j/tensor/Tensor.java. Using fallback presentation compiler.
2026.07.28 09:51:44 INFO  no build target found for /Users/onurercen/Desktop/ml4j/tensor/Tensor.java. Using fallback presentation compiler.
2026.07.28 09:51:44 INFO  no build target found for /Users/onurercen/Desktop/ml4j/tensor/Tensor.java. Using fallback presentation compiler.
2026.07.28 09:51:44 INFO  no build target found for /Users/onurercen/Desktop/ml4j/tensor/Tensor.java. Using fallback presentation compiler.
2026.07.28 09:51:45 INFO  no build target found for /Users/onurercen/Desktop/ml4j/tensor/Tensor.java. Using fallback presentation compiler.
2026.07.28 09:51:44 INFO  no build target found for /Users/onurercen/Desktop/ml4j/tensor/Tensor.java. Using fallback presentation compiler.
2026.07.28 09:51:44 INFO  no build target found for /Users/onurercen/Desktop/ml4j/tensor/Tensor.java. Using fallback presentation compiler.
2026.07.28 09:51:45 INFO  no build target found for /Users/onurercen/Desktop/ml4j/tensor/Tensor.java. Using fallback presentation compiler.
2026.07.28 09:52:05 INFO  no build target found for /Users/onurercen/Desktop/ml4j/tensor/Tensor.java. Using fallback presentation compiler.
2026.07.28 09:52:05 INFO  no build target found for /Users/onurercen/Desktop/ml4j/tensor/Tensor.java. Using fallback presentation compiler.
2026.07.28 09:52:05 INFO  no build target found for /Users/onurercen/Desktop/ml4j/tensor/Tensor.java. Using fallback presentation compiler.
2026.07.28 09:52:05 INFO  no build target found for /Users/onurercen/Desktop/ml4j/tensor/Tensor.java. Using fallback presentation compiler.
2026.07.28 09:52:05 INFO  no build target found for /Users/onurercen/Desktop/ml4j/tensor/Tensor.java. Using fallback presentation compiler.
2026.07.28 09:52:05 INFO  no build target found for /Users/onurercen/Desktop/ml4j/tensor/Tensor.java. Using fallback presentation compiler.
2026.07.28 09:52:05 INFO  no build target found for /Users/onurercen/Desktop/ml4j/tensor/Tensor.java. Using fallback presentation compiler.
2026.07.28 09:52:05 INFO  no build target found for /Users/onurercen/Desktop/ml4j/tensor/Tensor.java. Using fallback presentation compiler.
2026.07.28 09:52:06 INFO  no build target found for /Users/onurercen/Desktop/ml4j/tensor/Tensor.java. Using fallback presentation compiler.
2026.07.28 09:52:05 INFO  no build target found for /Users/onurercen/Desktop/ml4j/tensor/Tensor.java. Using fallback presentation compiler.
2026.07.28 09:52:05 INFO  no build target found for /Users/onurercen/Desktop/ml4j/tensor/Tensor.java. Using fallback presentation compiler.
2026.07.28 09:52:06 INFO  no build target found for /Users/onurercen/Desktop/ml4j/tensor/Tensor.java. Using fallback presentation compiler.
2026.07.28 09:52:06 INFO  no build target found for /Users/onurercen/Desktop/ml4j/tensor/Tensor.java. Using fallback presentation compiler.
2026.07.28 09:52:06 INFO  no build target found for /Users/onurercen/Desktop/ml4j/tensor/Tensor.java. Using fallback presentation compiler.
2026.07.28 09:52:06 INFO  no build target found for /Users/onurercen/Desktop/ml4j/tensor/Tensor.java. Using fallback presentation compiler.
2026.07.28 09:52:06 INFO  no build target found for /Users/onurercen/Desktop/ml4j/tensor/Tensor.java. Using fallback presentation compiler.
2026.07.28 09:52:06 INFO  no build target found for /Users/onurercen/Desktop/ml4j/tensor/Tensor.java. Using fallback presentation compiler.
2026.07.28 09:52:23 INFO  no build target found for /Users/onurercen/Desktop/ml4j/tensor/Tensor.java. Using fallback presentation compiler.
2026.07.28 09:52:23 INFO  no build target found for /Users/onurercen/Desktop/ml4j/tensor/Tensor.java. Using fallback presentation compiler.
2026.07.28 09:52:24 INFO  no build target found for /Users/onurercen/Desktop/ml4j/tensor/Tensor.java. Using fallback presentation compiler.
2026.07.28 09:52:24 INFO  no build target found for /Users/onurercen/Desktop/ml4j/tensor/Tensor.java. Using fallback presentation compiler.
2026.07.28 09:52:24 INFO  no build target found for /Users/onurercen/Desktop/ml4j/tensor/Tensor.java. Using fallback presentation compiler.
2026.07.28 09:52:24 INFO  no build target found for /Users/onurercen/Desktop/ml4j/tensor/Tensor.java. Using fallback presentation compiler.
2026.07.28 09:52:25 INFO  no build target found for /Users/onurercen/Desktop/ml4j/tensor/Tensor.java. Using fallback presentation compiler.
2026.07.28 09:52:24 INFO  no build target found for /Users/onurercen/Desktop/ml4j/tensor/Tensor.java. Using fallback presentation compiler.
2026.07.28 09:52:24 INFO  no build target found for /Users/onurercen/Desktop/ml4j/tensor/Tensor.java. Using fallback presentation compiler.
2026.07.28 09:52:25 INFO  no build target found for /Users/onurercen/Desktop/ml4j/tensor/Tensor.java. Using fallback presentation compiler.
2026.07.28 09:52:25 INFO  no build target found for /Users/onurercen/Desktop/ml4j/tensor/Tensor.java. Using fallback presentation compiler.
2026.07.28 09:52:25 INFO  no build target found for /Users/onurercen/Desktop/ml4j/tensor/Tensor.java. Using fallback presentation compiler.
2026.07.28 09:52:25 INFO  no build target found for /Users/onurercen/Desktop/ml4j/tensor/Tensor.java. Using fallback presentation compiler.
2026.07.28 09:52:26 INFO  no build target found for /Users/onurercen/Desktop/ml4j/tensor/Tensor.java. Using fallback presentation compiler.
2026.07.28 09:52:27 INFO  no build target found for /Users/onurercen/Desktop/ml4j/tensor/Tensor.java. Using fallback presentation compiler.
2026.07.28 09:52:27 INFO  no build target found for /Users/onurercen/Desktop/ml4j/tensor/Tensor.java. Using fallback presentation compiler.
2026.07.28 09:52:27 INFO  no build target found for /Users/onurercen/Desktop/ml4j/tensor/Tensor.java. Using fallback presentation compiler.
2026.07.28 09:52:26 INFO  no build target found for /Users/onurercen/Desktop/ml4j/tensor/Tensor.java. Using fallback presentation compiler.
2026.07.28 09:52:27 INFO  no build target found for /Users/onurercen/Desktop/ml4j/tensor/Tensor.java. Using fallback presentation compiler.
2026.07.28 09:52:27 INFO  no build target found for /Users/onurercen/Desktop/ml4j/tensor/Tensor.java. Using fallback presentation compiler.
2026.07.28 09:52:27 INFO  no build target found for /Users/onurercen/Desktop/ml4j/tensor/Tensor.java. Using fallback presentation compiler.
2026.07.28 09:52:27 INFO  no build target found for /Users/onurercen/Desktop/ml4j/tensor/Tensor.java. Using fallback presentation compiler.
2026.07.28 09:52:27 INFO  no build target found for /Users/onurercen/Desktop/ml4j/tensor/Tensor.java. Using fallback presentation compiler.
2026.07.28 09:52:27 INFO  no build target found for /Users/onurercen/Desktop/ml4j/tensor/Tensor.java. Using fallback presentation compiler.
2026.07.28 09:52:27 INFO  no build target found for /Users/onurercen/Desktop/ml4j/tensor/Tensor.java. Using fallback presentation compiler.
2026.07.28 09:52:28 INFO  no build target found for /Users/onurercen/Desktop/ml4j/tensor/Tensor.java. Using fallback presentation compiler.
2026.07.28 09:52:28 INFO  no build target found for /Users/onurercen/Desktop/ml4j/tensor/Tensor.java. Using fallback presentation compiler.
2026.07.28 09:52:28 INFO  no build target found for /Users/onurercen/Desktop/ml4j/tensor/Tensor.java. Using fallback presentation compiler.
2026.07.28 09:52:28 INFO  no build target found for /Users/onurercen/Desktop/ml4j/tensor/Tensor.java. Using fallback presentation compiler.
2026.07.28 09:52:28 INFO  no build target found for /Users/onurercen/Desktop/ml4j/tensor/Tensor.java. Using fallback presentation compiler.
2026.07.28 09:52:28 INFO  no build target found for /Users/onurercen/Desktop/ml4j/tensor/Tensor.java. Using fallback presentation compiler.
2026.07.28 09:52:28 INFO  no build target found for /Users/onurercen/Desktop/ml4j/tensor/Tensor.java. Using fallback presentation compiler.
2026.07.28 09:52:29 INFO  no build target found for /Users/onurercen/Desktop/ml4j/tensor/Tensor.java. Using fallback presentation compiler.
2026.07.28 09:52:29 INFO  no build target found for /Users/onurercen/Desktop/ml4j/tensor/Tensor.java. Using fallback presentation compiler.
2026.07.28 09:52:29 INFO  no build target found for /Users/onurercen/Desktop/ml4j/tensor/Tensor.java. Using fallback presentation compiler.
2026.07.28 09:52:29 INFO  no build target found for /Users/onurercen/Desktop/ml4j/tensor/Tensor.java. Using fallback presentation compiler.
2026.07.28 09:52:29 INFO  no build target found for /Users/onurercen/Desktop/ml4j/tensor/Tensor.java. Using fallback presentation compiler.
2026.07.28 09:52:29 INFO  no build target found for /Users/onurercen/Desktop/ml4j/tensor/Tensor.java. Using fallback presentation compiler.
2026.07.28 09:52:29 INFO  no build target found for /Users/onurercen/Desktop/ml4j/tensor/Tensor.java. Using fallback presentation compiler.
2026.07.28 09:52:29 INFO  no build target found for /Users/onurercen/Desktop/ml4j/tensor/Tensor.java. Using fallback presentation compiler.
2026.07.28 09:52:30 INFO  no build target found for /Users/onurercen/Desktop/ml4j/tensor/Tensor.java. Using fallback presentation compiler.
2026.07.28 09:52:30 INFO  no build target found for /Users/onurercen/Desktop/ml4j/tensor/Tensor.java. Using fallback presentation compiler.
2026.07.28 09:52:30 INFO  no build target found for /Users/onurercen/Desktop/ml4j/tensor/Tensor.java. Using fallback presentation compiler.
2026.07.28 09:52:30 INFO  no build target found for /Users/onurercen/Desktop/ml4j/tensor/Tensor.java. Using fallback presentation compiler.
2026.07.28 09:52:30 INFO  no build target found for /Users/onurercen/Desktop/ml4j/tensor/Tensor.java. Using fallback presentation compiler.
2026.07.28 09:52:31 INFO  no build target found for /Users/onurercen/Desktop/ml4j/tensor/Tensor.java. Using fallback presentation compiler.
2026.07.28 09:52:30 INFO  no build target found for /Users/onurercen/Desktop/ml4j/tensor/Tensor.java. Using fallback presentation compiler.
2026.07.28 09:52:30 INFO  no build target found for /Users/onurercen/Desktop/ml4j/tensor/Tensor.java. Using fallback presentation compiler.
2026.07.28 09:52:31 INFO  no build target found for /Users/onurercen/Desktop/ml4j/tensor/Tensor.java. Using fallback presentation compiler.
2026.07.28 09:52:31 INFO  no build target found for /Users/onurercen/Desktop/ml4j/tensor/Tensor.java. Using fallback presentation compiler.
2026.07.28 09:52:31 INFO  no build target found for /Users/onurercen/Desktop/ml4j/tensor/Tensor.java. Using fallback presentation compiler.
2026.07.28 09:52:31 INFO  no build target found for /Users/onurercen/Desktop/ml4j/tensor/Tensor.java. Using fallback presentation compiler.
2026.07.28 09:52:31 INFO  no build target found for /Users/onurercen/Desktop/ml4j/tensor/Tensor.java. Using fallback presentation compiler.
2026.07.28 09:52:31 INFO  no build target found for /Users/onurercen/Desktop/ml4j/tensor/Tensor.java. Using fallback presentation compiler.
2026.07.28 09:52:32 INFO  no build target found for /Users/onurercen/Desktop/ml4j/tensor/Tensor.java. Using fallback presentation compiler.
2026.07.28 09:52:32 INFO  no build target found for /Users/onurercen/Desktop/ml4j/tensor/Tensor.java. Using fallback presentation compiler.
2026.07.28 09:52:32 INFO  no build target found for /Users/onurercen/Desktop/ml4j/tensor/Tensor.java. Using fallback presentation compiler.
2026.07.28 09:52:32 INFO  no build target found for /Users/onurercen/Desktop/ml4j/tensor/Tensor.java. Using fallback presentation compiler.
2026.07.28 09:52:32 INFO  no build target found for /Users/onurercen/Desktop/ml4j/tensor/Tensor.java. Using fallback presentation compiler.
2026.07.28 09:52:32 INFO  no build target found for /Users/onurercen/Desktop/ml4j/tensor/Tensor.java. Using fallback presentation compiler.
2026.07.28 09:52:33 INFO  no build target found for /Users/onurercen/Desktop/ml4j/tensor/Tensor.java. Using fallback presentation compiler.
2026.07.28 09:52:32 INFO  no build target found for /Users/onurercen/Desktop/ml4j/tensor/Tensor.java. Using fallback presentation compiler.
2026.07.28 09:52:33 INFO  no build target found for /Users/onurercen/Desktop/ml4j/tensor/Tensor.java. Using fallback presentation compiler.
2026.07.28 09:52:33 INFO  no build target found for /Users/onurercen/Desktop/ml4j/tensor/Tensor.java. Using fallback presentation compiler.
2026.07.28 09:52:33 INFO  no build target found for /Users/onurercen/Desktop/ml4j/tensor/Tensor.java. Using fallback presentation compiler.
2026.07.28 09:52:33 INFO  no build target found for /Users/onurercen/Desktop/ml4j/tensor/Tensor.java. Using fallback presentation compiler.
2026.07.28 09:52:33 INFO  no build target found for /Users/onurercen/Desktop/ml4j/tensor/Tensor.java. Using fallback presentation compiler.
2026.07.28 09:52:34 INFO  no build target found for /Users/onurercen/Desktop/ml4j/tensor/Tensor.java. Using fallback presentation compiler.
2026.07.28 09:52:33 INFO  no build target found for /Users/onurercen/Desktop/ml4j/tensor/Tensor.java. Using fallback presentation compiler.
2026.07.28 09:52:33 INFO  no build target found for /Users/onurercen/Desktop/ml4j/tensor/Tensor.java. Using fallback presentation compiler.
2026.07.28 09:52:34 INFO  no build target found for /Users/onurercen/Desktop/ml4j/tensor/Tensor.java. Using fallback presentation compiler.
2026.07.28 09:52:34 INFO  no build target found for /Users/onurercen/Desktop/ml4j/tensor/Tensor.java. Using fallback presentation compiler.
2026.07.28 09:52:34 INFO  no build target found for /Users/onurercen/Desktop/ml4j/tensor/Tensor.java. Using fallback presentation compiler.
2026.07.28 09:52:34 INFO  no build target found for /Users/onurercen/Desktop/ml4j/tensor/Tensor.java. Using fallback presentation compiler.
2026.07.28 09:52:35 INFO  no build target found for /Users/onurercen/Desktop/ml4j/tensor/Tensor.java. Using fallback presentation compiler.
2026.07.28 09:52:34 INFO  no build target found for /Users/onurercen/Desktop/ml4j/tensor/Tensor.java. Using fallback presentation compiler.
2026.07.28 09:52:36 INFO  no build target found for /Users/onurercen/Desktop/ml4j/tensor/Tensor.java. Using fallback presentation compiler.
2026.07.28 09:52:36 INFO  no build target found for /Users/onurercen/Desktop/ml4j/tensor/Tensor.java. Using fallback presentation compiler.
2026.07.28 09:52:36 INFO  no build target found for /Users/onurercen/Desktop/ml4j/tensor/Tensor.java. Using fallback presentation compiler.
2026.07.28 09:52:36 INFO  no build target found for /Users/onurercen/Desktop/ml4j/tensor/Tensor.java. Using fallback presentation compiler.
2026.07.28 09:52:36 INFO  no build target found for /Users/onurercen/Desktop/ml4j/tensor/Tensor.java. Using fallback presentation compiler.
2026.07.28 09:52:36 INFO  no build target found for /Users/onurercen/Desktop/ml4j/tensor/Tensor.java. Using fallback presentation compiler.
2026.07.28 09:52:36 INFO  no build target found for /Users/onurercen/Desktop/ml4j/tensor/Tensor.java. Using fallback presentation compiler.
2026.07.28 09:52:36 INFO  no build target found for /Users/onurercen/Desktop/ml4j/tensor/Tensor.java. Using fallback presentation compiler.
2026.07.28 09:52:37 INFO  no build target found for /Users/onurercen/Desktop/ml4j/tensor/Tensor.java. Using fallback presentation compiler.
2026.07.28 09:52:37 INFO  no build target found for /Users/onurercen/Desktop/ml4j/tensor/Tensor.java. Using fallback presentation compiler.
2026.07.28 09:52:37 INFO  no build target found for /Users/onurercen/Desktop/ml4j/tensor/Tensor.java. Using fallback presentation compiler.
2026.07.28 09:52:37 INFO  no build target found for /Users/onurercen/Desktop/ml4j/tensor/Tensor.java. Using fallback presentation compiler.
2026.07.28 09:52:37 INFO  no build target found for /Users/onurercen/Desktop/ml4j/tensor/Tensor.java. Using fallback presentation compiler.
2026.07.28 09:52:37 INFO  no build target found for /Users/onurercen/Desktop/ml4j/tensor/Tensor.java. Using fallback presentation compiler.
2026.07.28 09:52:37 INFO  no build target found for /Users/onurercen/Desktop/ml4j/tensor/Tensor.java. Using fallback presentation compiler.
2026.07.28 09:52:37 INFO  no build target found for /Users/onurercen/Desktop/ml4j/tensor/Tensor.java. Using fallback presentation compiler.
2026.07.28 09:52:37 INFO  no build target found for /Users/onurercen/Desktop/ml4j/tensor/Tensor.java. Using fallback presentation compiler.
2026.07.28 09:52:38 INFO  no build target found for /Users/onurercen/Desktop/ml4j/tensor/Tensor.java. Using fallback presentation compiler.
2026.07.28 09:52:37 INFO  no build target found for /Users/onurercen/Desktop/ml4j/tensor/Tensor.java. Using fallback presentation compiler.
2026.07.28 09:52:38 INFO  no build target found for /Users/onurercen/Desktop/ml4j/tensor/Tensor.java. Using fallback presentation compiler.
2026.07.28 09:52:38 INFO  no build target found for /Users/onurercen/Desktop/ml4j/tensor/Tensor.java. Using fallback presentation compiler.
2026.07.28 09:52:38 INFO  no build target found for /Users/onurercen/Desktop/ml4j/tensor/Tensor.java. Using fallback presentation compiler.
2026.07.28 09:52:38 INFO  no build target found for /Users/onurercen/Desktop/ml4j/tensor/Tensor.java. Using fallback presentation compiler.
2026.07.28 09:52:38 INFO  no build target found for /Users/onurercen/Desktop/ml4j/tensor/Tensor.java. Using fallback presentation compiler.
2026.07.28 09:52:38 INFO  no build target found for /Users/onurercen/Desktop/ml4j/tensor/Tensor.java. Using fallback presentation compiler.
2026.07.28 09:52:38 INFO  no build target found for /Users/onurercen/Desktop/ml4j/tensor/Tensor.java. Using fallback presentation compiler.
2026.07.28 09:52:38 INFO  no build target found for /Users/onurercen/Desktop/ml4j/tensor/Tensor.java. Using fallback presentation compiler.
2026.07.28 09:52:38 INFO  no build target found for /Users/onurercen/Desktop/ml4j/tensor/Tensor.java. Using fallback presentation compiler.
2026.07.28 09:52:39 INFO  no build target found for /Users/onurercen/Desktop/ml4j/tensor/Tensor.java. Using fallback presentation compiler.
2026.07.28 09:52:39 INFO  no build target found for /Users/onurercen/Desktop/ml4j/tensor/Tensor.java. Using fallback presentation compiler.
2026.07.28 09:52:39 INFO  no build target found for /Users/onurercen/Desktop/ml4j/tensor/Tensor.java. Using fallback presentation compiler.
2026.07.28 09:52:39 INFO  no build target found for /Users/onurercen/Desktop/ml4j/tensor/Tensor.java. Using fallback presentation compiler.
2026.07.28 09:52:39 INFO  no build target found for /Users/onurercen/Desktop/ml4j/tensor/Tensor.java. Using fallback presentation compiler.
2026.07.28 09:52:39 INFO  no build target found for /Users/onurercen/Desktop/ml4j/tensor/Tensor.java. Using fallback presentation compiler.
2026.07.28 09:52:39 INFO  no build target found for /Users/onurercen/Desktop/ml4j/tensor/Tensor.java. Using fallback presentation compiler.
2026.07.28 09:52:39 INFO  no build target found for /Users/onurercen/Desktop/ml4j/tensor/Tensor.java. Using fallback presentation compiler.
2026.07.28 09:52:40 INFO  no build target found for /Users/onurercen/Desktop/ml4j/tensor/Tensor.java. Using fallback presentation compiler.
2026.07.28 09:52:39 INFO  no build target found for /Users/onurercen/Desktop/ml4j/tensor/Tensor.java. Using fallback presentation compiler.
2026.07.28 09:52:39 INFO  no build target found for /Users/onurercen/Desktop/ml4j/tensor/Tensor.java. Using fallback presentation compiler.
2026.07.28 09:52:40 INFO  no build target found for /Users/onurercen/Desktop/ml4j/tensor/Tensor.java. Using fallback presentation compiler.
2026.07.28 09:52:40 INFO  no build target found for /Users/onurercen/Desktop/ml4j/tensor/Tensor.java. Using fallback presentation compiler.
2026.07.28 09:52:40 INFO  no build target found for /Users/onurercen/Desktop/ml4j/tensor/Tensor.java. Using fallback presentation compiler.
2026.07.28 09:52:40 INFO  no build target found for /Users/onurercen/Desktop/ml4j/tensor/Tensor.java. Using fallback presentation compiler.
2026.07.28 09:52:40 INFO  no build target found for /Users/onurercen/Desktop/ml4j/tensor/Tensor.java. Using fallback presentation compiler.
2026.07.28 09:52:40 INFO  no build target found for /Users/onurercen/Desktop/ml4j/tensor/Tensor.java. Using fallback presentation compiler.
2026.07.28 09:52:41 INFO  no build target found for /Users/onurercen/Desktop/ml4j/tensor/Tensor.java. Using fallback presentation compiler.
2026.07.28 09:52:40 INFO  no build target found for /Users/onurercen/Desktop/ml4j/tensor/Tensor.java. Using fallback presentation compiler.
2026.07.28 09:52:40 INFO  no build target found for /Users/onurercen/Desktop/ml4j/tensor/Tensor.java. Using fallback presentation compiler.
2026.07.28 09:52:41 INFO  no build target found for /Users/onurercen/Desktop/ml4j/tensor/Tensor.java. Using fallback presentation compiler.
2026.07.28 09:52:41 INFO  no build target found for /Users/onurercen/Desktop/ml4j/tensor/Tensor.java. Using fallback presentation compiler.
2026.07.28 09:52:41 INFO  no build target found for /Users/onurercen/Desktop/ml4j/tensor/Tensor.java. Using fallback presentation compiler.
2026.07.28 09:52:41 INFO  no build target found for /Users/onurercen/Desktop/ml4j/tensor/Tensor.java. Using fallback presentation compiler.
2026.07.28 09:52:41 INFO  no build target found for /Users/onurercen/Desktop/ml4j/tensor/Tensor.java. Using fallback presentation compiler.
2026.07.28 09:52:41 INFO  no build target found for /Users/onurercen/Desktop/ml4j/tensor/Tensor.java. Using fallback presentation compiler.
2026.07.28 09:52:42 INFO  no build target found for /Users/onurercen/Desktop/ml4j/tensor/Tensor.java. Using fallback presentation compiler.
2026.07.28 09:52:42 INFO  no build target found for /Users/onurercen/Desktop/ml4j/tensor/Tensor.java. Using fallback presentation compiler.
2026.07.28 09:52:42 INFO  no build target found for /Users/onurercen/Desktop/ml4j/tensor/Tensor.java. Using fallback presentation compiler.
2026.07.28 09:52:44 INFO  no build target found for /Users/onurercen/Desktop/ml4j/tensor/Tensor.java. Using fallback presentation compiler.
2026.07.28 09:52:44 INFO  no build target found for /Users/onurercen/Desktop/ml4j/tensor/Tensor.java. Using fallback presentation compiler.
2026.07.28 09:52:44 INFO  no build target found for /Users/onurercen/Desktop/ml4j/tensor/Tensor.java. Using fallback presentation compiler.
2026.07.28 09:52:44 INFO  no build target found for /Users/onurercen/Desktop/ml4j/tensor/Tensor.java. Using fallback presentation compiler.
2026.07.28 09:52:45 INFO  no build target found for /Users/onurercen/Desktop/ml4j/tensor/Tensor.java. Using fallback presentation compiler.
2026.07.28 09:52:48 INFO  no build target found for /Users/onurercen/Desktop/ml4j/tensor/Tensor.java. Using fallback presentation compiler.
2026.07.28 09:52:48 INFO  no build target found for /Users/onurercen/Desktop/ml4j/tensor/Tensor.java. Using fallback presentation compiler.
2026.07.28 09:52:48 INFO  no build target found for /Users/onurercen/Desktop/ml4j/tensor/Tensor.java. Using fallback presentation compiler.
2026.07.28 09:52:48 INFO  no build target found for /Users/onurercen/Desktop/ml4j/tensor/Tensor.java. Using fallback presentation compiler.
2026.07.28 09:52:48 INFO  no build target found for /Users/onurercen/Desktop/ml4j/tensor/Tensor.java. Using fallback presentation compiler.
2026.07.28 09:52:48 INFO  no build target found for /Users/onurercen/Desktop/ml4j/tensor/Tensor.java. Using fallback presentation compiler.
2026.07.28 09:52:48 INFO  no build target found for /Users/onurercen/Desktop/ml4j/tensor/Tensor.java. Using fallback presentation compiler.
2026.07.28 09:52:48 INFO  no build target found for /Users/onurercen/Desktop/ml4j/tensor/Tensor.java. Using fallback presentation compiler.
2026.07.28 09:52:48 INFO  no build target found for /Users/onurercen/Desktop/ml4j/tensor/Tensor.java. Using fallback presentation compiler.
2026.07.28 09:52:49 INFO  no build target found for /Users/onurercen/Desktop/ml4j/tensor/Tensor.java. Using fallback presentation compiler.
2026.07.28 09:52:49 INFO  no build target found for /Users/onurercen/Desktop/ml4j/tensor/Tensor.java. Using fallback presentation compiler.
2026.07.28 09:52:49 INFO  no build target found for /Users/onurercen/Desktop/ml4j/tensor/Tensor.java. Using fallback presentation compiler.
2026.07.28 09:52:49 INFO  no build target found for /Users/onurercen/Desktop/ml4j/tensor/Tensor.java. Using fallback presentation compiler.
2026.07.28 09:52:49 INFO  no build target found for /Users/onurercen/Desktop/ml4j/tensor/Tensor.java. Using fallback presentation compiler.
2026.07.28 09:52:49 INFO  no build target found for /Users/onurercen/Desktop/ml4j/tensor/Tensor.java. Using fallback presentation compiler.
2026.07.28 09:52:49 INFO  no build target found for /Users/onurercen/Desktop/ml4j/tensor/Tensor.java. Using fallback presentation compiler.
2026.07.28 09:52:50 INFO  no build target found for /Users/onurercen/Desktop/ml4j/tensor/Tensor.java. Using fallback presentation compiler.
2026.07.28 09:52:49 INFO  no build target found for /Users/onurercen/Desktop/ml4j/tensor/Tensor.java. Using fallback presentation compiler.
2026.07.28 09:52:49 INFO  no build target found for /Users/onurercen/Desktop/ml4j/tensor/Tensor.java. Using fallback presentation compiler.
2026.07.28 09:52:49 INFO  no build target found for /Users/onurercen/Desktop/ml4j/tensor/Tensor.java. Using fallback presentation compiler.
2026.07.28 09:52:50 INFO  no build target found for /Users/onurercen/Desktop/ml4j/tensor/Tensor.java. Using fallback presentation compiler.
2026.07.28 09:52:50 INFO  no build target found for /Users/onurercen/Desktop/ml4j/tensor/Tensor.java. Using fallback presentation compiler.
2026.07.28 09:52:50 INFO  no build target found for /Users/onurercen/Desktop/ml4j/tensor/Tensor.java. Using fallback presentation compiler.
2026.07.28 09:52:50 INFO  no build target found for /Users/onurercen/Desktop/ml4j/tensor/Tensor.java. Using fallback presentation compiler.
2026.07.28 09:52:50 INFO  no build target found for /Users/onurercen/Desktop/ml4j/tensor/Tensor.java. Using fallback presentation compiler.
2026.07.28 09:52:50 INFO  no build target found for /Users/onurercen/Desktop/ml4j/tensor/Tensor.java. Using fallback presentation compiler.
2026.07.28 09:52:50 INFO  no build target found for /Users/onurercen/Desktop/ml4j/tensor/Tensor.java. Using fallback presentation compiler.
2026.07.28 09:52:50 INFO  no build target found for /Users/onurercen/Desktop/ml4j/tensor/Tensor.java. Using fallback presentation compiler.
2026.07.28 09:52:51 INFO  no build target found for /Users/onurercen/Desktop/ml4j/tensor/Tensor.java. Using fallback presentation compiler.
2026.07.28 09:52:51 INFO  no build target found for /Users/onurercen/Desktop/ml4j/tensor/Tensor.java. Using fallback presentation compiler.
2026.07.28 09:52:51 INFO  no build target found for /Users/onurercen/Desktop/ml4j/tensor/Tensor.java. Using fallback presentation compiler.
2026.07.28 09:52:51 INFO  no build target found for /Users/onurercen/Desktop/ml4j/tensor/Tensor.java. Using fallback presentation compiler.
2026.07.28 09:52:51 INFO  no build target found for /Users/onurercen/Desktop/ml4j/tensor/Tensor.java. Using fallback presentation compiler.
2026.07.28 09:52:52 INFO  no build target found for /Users/onurercen/Desktop/ml4j/tensor/Tensor.java. Using fallback presentation compiler.
2026.07.28 09:52:51 INFO  no build target found for /Users/onurercen/Desktop/ml4j/tensor/Tensor.java. Using fallback presentation compiler.
2026.07.28 09:52:52 INFO  no build target found for /Users/onurercen/Desktop/ml4j/tensor/Tensor.java. Using fallback presentation compiler.
2026.07.28 09:52:52 INFO  no build target found for /Users/onurercen/Desktop/ml4j/tensor/Tensor.java. Using fallback presentation compiler.
2026.07.28 09:52:52 INFO  no build target found for /Users/onurercen/Desktop/ml4j/tensor/Tensor.java. Using fallback presentation compiler.
2026.07.28 09:52:52 INFO  no build target found for /Users/onurercen/Desktop/ml4j/tensor/Tensor.java. Using fallback presentation compiler.
2026.07.28 09:52:52 INFO  no build target found for /Users/onurercen/Desktop/ml4j/tensor/Tensor.java. Using fallback presentation compiler.
2026.07.28 09:52:52 INFO  no build target found for /Users/onurercen/Desktop/ml4j/tensor/Tensor.java. Using fallback presentation compiler.
2026.07.28 09:52:53 INFO  no build target found for /Users/onurercen/Desktop/ml4j/tensor/Tensor.java. Using fallback presentation compiler.
2026.07.28 09:52:52 INFO  no build target found for /Users/onurercen/Desktop/ml4j/tensor/Tensor.java. Using fallback presentation compiler.
2026.07.28 09:52:52 INFO  no build target found for /Users/onurercen/Desktop/ml4j/tensor/Tensor.java. Using fallback presentation compiler.
2026.07.28 09:52:53 INFO  no build target found for /Users/onurercen/Desktop/ml4j/tensor/Tensor.java. Using fallback presentation compiler.
2026.07.28 09:52:53 INFO  no build target found for /Users/onurercen/Desktop/ml4j/tensor/Tensor.java. Using fallback presentation compiler.
2026.07.28 09:52:53 INFO  no build target found for /Users/onurercen/Desktop/ml4j/tensor/Tensor.java. Using fallback presentation compiler.
2026.07.28 09:52:53 INFO  no build target found for /Users/onurercen/Desktop/ml4j/tensor/Tensor.java. Using fallback presentation compiler.
2026.07.28 09:52:54 INFO  no build target found for /Users/onurercen/Desktop/ml4j/tensor/Tensor.java. Using fallback presentation compiler.
2026.07.28 09:52:53 INFO  no build target found for /Users/onurercen/Desktop/ml4j/tensor/Tensor.java. Using fallback presentation compiler.
2026.07.28 09:52:53 INFO  no build target found for /Users/onurercen/Desktop/ml4j/tensor/Tensor.java. Using fallback presentation compiler.
2026.07.28 09:52:53 INFO  no build target found for /Users/onurercen/Desktop/ml4j/tensor/Tensor.java. Using fallback presentation compiler.
2026.07.28 09:52:54 INFO  no build target found for /Users/onurercen/Desktop/ml4j/tensor/Tensor.java. Using fallback presentation compiler.
2026.07.28 09:52:54 INFO  no build target found for /Users/onurercen/Desktop/ml4j/tensor/Tensor.java. Using fallback presentation compiler.
2026.07.28 09:52:54 INFO  no build target found for /Users/onurercen/Desktop/ml4j/tensor/Tensor.java. Using fallback presentation compiler.
2026.07.28 09:52:54 INFO  no build target found for /Users/onurercen/Desktop/ml4j/tensor/Tensor.java. Using fallback presentation compiler.
2026.07.28 09:52:55 INFO  no build target found for /Users/onurercen/Desktop/ml4j/tensor/Tensor.java. Using fallback presentation compiler.
2026.07.28 09:52:54 INFO  no build target found for /Users/onurercen/Desktop/ml4j/tensor/Tensor.java. Using fallback presentation compiler.
2026.07.28 09:52:54 INFO  no build target found for /Users/onurercen/Desktop/ml4j/tensor/Tensor.java. Using fallback presentation compiler.
2026.07.28 09:52:56 INFO  no build target found for /Users/onurercen/Desktop/ml4j/tensor/Tensor.java. Using fallback presentation compiler.
2026.07.28 09:52:56 INFO  no build target found for /Users/onurercen/Desktop/ml4j/tensor/Tensor.java. Using fallback presentation compiler.
2026.07.28 09:52:56 INFO  no build target found for /Users/onurercen/Desktop/ml4j/tensor/Tensor.java. Using fallback presentation compiler.
2026.07.28 09:52:56 INFO  no build target found for /Users/onurercen/Desktop/ml4j/tensor/Tensor.java. Using fallback presentation compiler.
2026.07.28 09:52:56 INFO  no build target found for /Users/onurercen/Desktop/ml4j/tensor/Tensor.java. Using fallback presentation compiler.
2026.07.28 09:52:56 INFO  no build target found for /Users/onurercen/Desktop/ml4j/tensor/Tensor.java. Using fallback presentation compiler.
2026.07.28 09:52:56 INFO  no build target found for /Users/onurercen/Desktop/ml4j/tensor/Tensor.java. Using fallback presentation compiler.
2026.07.28 09:52:56 INFO  no build target found for /Users/onurercen/Desktop/ml4j/tensor/Tensor.java. Using fallback presentation compiler.
2026.07.28 09:52:57 INFO  no build target found for /Users/onurercen/Desktop/ml4j/tensor/Tensor.java. Using fallback presentation compiler.
2026.07.28 09:52:57 INFO  no build target found for /Users/onurercen/Desktop/ml4j/tensor/Tensor.java. Using fallback presentation compiler.
2026.07.28 09:52:57 INFO  no build target found for /Users/onurercen/Desktop/ml4j/tensor/Tensor.java. Using fallback presentation compiler.
2026.07.28 09:52:57 INFO  no build target found for /Users/onurercen/Desktop/ml4j/tensor/Tensor.java. Using fallback presentation compiler.
2026.07.28 09:52:57 INFO  no build target found for /Users/onurercen/Desktop/ml4j/tensor/Tensor.java. Using fallback presentation compiler.
2026.07.28 09:52:57 INFO  no build target found for /Users/onurercen/Desktop/ml4j/tensor/Tensor.java. Using fallback presentation compiler.
2026.07.28 09:52:58 INFO  no build target found for /Users/onurercen/Desktop/ml4j/tensor/Tensor.java. Using fallback presentation compiler.
2026.07.28 09:52:58 INFO  no build target found for /Users/onurercen/Desktop/ml4j/tensor/Tensor.java. Using fallback presentation compiler.
2026.07.28 09:52:58 INFO  no build target found for /Users/onurercen/Desktop/ml4j/tensor/Tensor.java. Using fallback presentation compiler.
2026.07.28 09:52:58 INFO  no build target found for /Users/onurercen/Desktop/ml4j/tensor/Tensor.java. Using fallback presentation compiler.
2026.07.28 09:53:00 INFO  no build target found for /Users/onurercen/Desktop/ml4j/tensor/Tensor.java. Using fallback presentation compiler.
2026.07.28 09:53:00 INFO  no build target found for /Users/onurercen/Desktop/ml4j/tensor/Tensor.java. Using fallback presentation compiler.
2026.07.28 09:53:00 INFO  no build target found for /Users/onurercen/Desktop/ml4j/tensor/Tensor.java. Using fallback presentation compiler.
2026.07.28 09:53:00 INFO  no build target found for /Users/onurercen/Desktop/ml4j/tensor/Tensor.java. Using fallback presentation compiler.
2026.07.28 09:53:00 INFO  no build target found for /Users/onurercen/Desktop/ml4j/tensor/Tensor.java. Using fallback presentation compiler.
2026.07.28 09:53:00 INFO  no build target found for /Users/onurercen/Desktop/ml4j/tensor/Tensor.java. Using fallback presentation compiler.
2026.07.28 09:53:00 INFO  no build target found for /Users/onurercen/Desktop/ml4j/tensor/Tensor.java. Using fallback presentation compiler.
2026.07.28 09:53:00 INFO  no build target found for /Users/onurercen/Desktop/ml4j/tensor/Tensor.java. Using fallback presentation compiler.
2026.07.28 09:53:00 INFO  no build target found for /Users/onurercen/Desktop/ml4j/tensor/Tensor.java. Using fallback presentation compiler.
2026.07.28 09:53:00 INFO  no build target found for /Users/onurercen/Desktop/ml4j/tensor/Tensor.java. Using fallback presentation compiler.
2026.07.28 09:53:01 INFO  no build target found for /Users/onurercen/Desktop/ml4j/tensor/Tensor.java. Using fallback presentation compiler.
2026.07.28 09:53:01 INFO  no build target found for /Users/onurercen/Desktop/ml4j/tensor/Tensor.java. Using fallback presentation compiler.
2026.07.28 09:53:01 INFO  no build target found for /Users/onurercen/Desktop/ml4j/tensor/Tensor.java. Using fallback presentation compiler.
2026.07.28 09:53:01 INFO  no build target found for /Users/onurercen/Desktop/ml4j/tensor/Tensor.java. Using fallback presentation compiler.
2026.07.28 09:53:01 INFO  no build target found for /Users/onurercen/Desktop/ml4j/tensor/Tensor.java. Using fallback presentation compiler.
2026.07.28 09:53:01 INFO  no build target found for /Users/onurercen/Desktop/ml4j/tensor/Tensor.java. Using fallback presentation compiler.
2026.07.28 09:53:01 INFO  no build target found for /Users/onurercen/Desktop/ml4j/tensor/Tensor.java. Using fallback presentation compiler.
2026.07.28 09:53:01 INFO  no build target found for /Users/onurercen/Desktop/ml4j/tensor/Tensor.java. Using fallback presentation compiler.
2026.07.28 09:53:01 INFO  no build target found for /Users/onurercen/Desktop/ml4j/tensor/Tensor.java. Using fallback presentation compiler.
2026.07.28 09:53:01 INFO  no build target found for /Users/onurercen/Desktop/ml4j/tensor/Tensor.java. Using fallback presentation compiler.
2026.07.28 09:53:01 INFO  no build target found for /Users/onurercen/Desktop/ml4j/tensor/Tensor.java. Using fallback presentation compiler.
2026.07.28 09:53:01 INFO  no build target found for /Users/onurercen/Desktop/ml4j/tensor/Tensor.java. Using fallback presentation compiler.
2026.07.28 09:53:02 INFO  no build target found for /Users/onurercen/Desktop/ml4j/tensor/Tensor.java. Using fallback presentation compiler.
2026.07.28 09:53:02 INFO  no build target found for /Users/onurercen/Desktop/ml4j/tensor/Tensor.java. Using fallback presentation compiler.
2026.07.28 09:53:02 INFO  no build target found for /Users/onurercen/Desktop/ml4j/tensor/Tensor.java. Using fallback presentation compiler.
2026.07.28 09:53:02 INFO  no build target found for /Users/onurercen/Desktop/ml4j/tensor/Tensor.java. Using fallback presentation compiler.
2026.07.28 09:53:02 INFO  no build target found for /Users/onurercen/Desktop/ml4j/tensor/Tensor.java. Using fallback presentation compiler.
2026.07.28 09:53:02 INFO  no build target found for /Users/onurercen/Desktop/ml4j/tensor/Tensor.java. Using fallback presentation compiler.
2026.07.28 09:53:02 INFO  no build target found for /Users/onurercen/Desktop/ml4j/tensor/Tensor.java. Using fallback presentation compiler.
2026.07.28 09:53:02 INFO  no build target found for /Users/onurercen/Desktop/ml4j/tensor/Tensor.java. Using fallback presentation compiler.
2026.07.28 09:53:02 INFO  no build target found for /Users/onurercen/Desktop/ml4j/tensor/Tensor.java. Using fallback presentation compiler.
2026.07.28 09:53:03 INFO  no build target found for /Users/onurercen/Desktop/ml4j/tensor/Tensor.java. Using fallback presentation compiler.
2026.07.28 09:53:03 INFO  no build target found for /Users/onurercen/Desktop/ml4j/tensor/Tensor.java. Using fallback presentation compiler.
2026.07.28 09:53:03 INFO  no build target found for /Users/onurercen/Desktop/ml4j/tensor/Tensor.java. Using fallback presentation compiler.
2026.07.28 09:53:03 INFO  no build target found for /Users/onurercen/Desktop/ml4j/tensor/Tensor.java. Using fallback presentation compiler.
2026.07.28 09:53:02 INFO  no build target found for /Users/onurercen/Desktop/ml4j/tensor/Tensor.java. Using fallback presentation compiler.
2026.07.28 09:53:03 INFO  no build target found for /Users/onurercen/Desktop/ml4j/tensor/Tensor.java. Using fallback presentation compiler.
2026.07.28 09:53:03 INFO  no build target found for /Users/onurercen/Desktop/ml4j/tensor/Tensor.java. Using fallback presentation compiler.
2026.07.28 09:53:03 INFO  no build target found for /Users/onurercen/Desktop/ml4j/tensor/Tensor.java. Using fallback presentation compiler.
2026.07.28 09:53:04 INFO  no build target found for /Users/onurercen/Desktop/ml4j/tensor/Tensor.java. Using fallback presentation compiler.
2026.07.28 09:53:03 INFO  no build target found for /Users/onurercen/Desktop/ml4j/tensor/Tensor.java. Using fallback presentation compiler.
2026.07.28 09:53:04 INFO  no build target found for /Users/onurercen/Desktop/ml4j/tensor/Tensor.java. Using fallback presentation compiler.
2026.07.28 09:53:04 INFO  no build target found for /Users/onurercen/Desktop/ml4j/tensor/Tensor.java. Using fallback presentation compiler.
2026.07.28 09:53:04 INFO  no build target found for /Users/onurercen/Desktop/ml4j/tensor/Tensor.java. Using fallback presentation compiler.
2026.07.28 09:53:04 INFO  no build target found for /Users/onurercen/Desktop/ml4j/tensor/Tensor.java. Using fallback presentation compiler.
2026.07.28 09:53:04 INFO  no build target found for /Users/onurercen/Desktop/ml4j/tensor/Tensor.java. Using fallback presentation compiler.
2026.07.28 09:53:04 INFO  no build target found for /Users/onurercen/Desktop/ml4j/tensor/Tensor.java. Using fallback presentation compiler.
2026.07.28 09:53:05 INFO  no build target found for /Users/onurercen/Desktop/ml4j/tensor/Tensor.java. Using fallback presentation compiler.
2026.07.28 09:53:04 INFO  no build target found for /Users/onurercen/Desktop/ml4j/tensor/Tensor.java. Using fallback presentation compiler.
2026.07.28 09:53:04 INFO  no build target found for /Users/onurercen/Desktop/ml4j/tensor/Tensor.java. Using fallback presentation compiler.
2026.07.28 09:53:04 INFO  no build target found for /Users/onurercen/Desktop/ml4j/tensor/Tensor.java. Using fallback presentation compiler.
2026.07.28 09:53:04 INFO  no build target found for /Users/onurercen/Desktop/ml4j/tensor/Tensor.java. Using fallback presentation compiler.
2026.07.28 09:53:05 INFO  no build target found for /Users/onurercen/Desktop/ml4j/tensor/Tensor.java. Using fallback presentation compiler.
2026.07.28 09:53:05 INFO  no build target found for /Users/onurercen/Desktop/ml4j/tensor/Tensor.java. Using fallback presentation compiler.
2026.07.28 09:53:05 INFO  no build target found for /Users/onurercen/Desktop/ml4j/tensor/Tensor.java. Using fallback presentation compiler.
2026.07.28 09:53:05 INFO  no build target found for /Users/onurercen/Desktop/ml4j/tensor/Tensor.java. Using fallback presentation compiler.
2026.07.28 09:53:05 INFO  no build target found for /Users/onurercen/Desktop/ml4j/tensor/Tensor.java. Using fallback presentation compiler.
2026.07.28 09:53:05 INFO  no build target found for /Users/onurercen/Desktop/ml4j/tensor/Tensor.java. Using fallback presentation compiler.
2026.07.28 09:53:05 INFO  no build target found for /Users/onurercen/Desktop/ml4j/tensor/Tensor.java. Using fallback presentation compiler.
2026.07.28 09:53:06 INFO  no build target found for /Users/onurercen/Desktop/ml4j/tensor/Tensor.java. Using fallback presentation compiler.
2026.07.28 09:53:05 INFO  no build target found for /Users/onurercen/Desktop/ml4j/tensor/Tensor.java. Using fallback presentation compiler.
2026.07.28 09:53:05 INFO  no build target found for /Users/onurercen/Desktop/ml4j/tensor/Tensor.java. Using fallback presentation compiler.
2026.07.28 09:53:06 INFO  no build target found for /Users/onurercen/Desktop/ml4j/tensor/Tensor.java. Using fallback presentation compiler.
2026.07.28 09:53:06 INFO  no build target found for /Users/onurercen/Desktop/ml4j/tensor/Tensor.java. Using fallback presentation compiler.
2026.07.28 09:53:06 INFO  no build target found for /Users/onurercen/Desktop/ml4j/tensor/Tensor.java. Using fallback presentation compiler.
2026.07.28 09:53:06 INFO  no build target found for /Users/onurercen/Desktop/ml4j/tensor/Tensor.java. Using fallback presentation compiler.
2026.07.28 09:53:07 INFO  no build target found for /Users/onurercen/Desktop/ml4j/tensor/Tensor.java. Using fallback presentation compiler.
2026.07.28 09:53:06 INFO  no build target found for /Users/onurercen/Desktop/ml4j/tensor/Tensor.java. Using fallback presentation compiler.
2026.07.28 09:53:06 INFO  no build target found for /Users/onurercen/Desktop/ml4j/tensor/Tensor.java. Using fallback presentation compiler.
2026.07.28 09:53:07 INFO  no build target found for /Users/onurercen/Desktop/ml4j/tensor/Tensor.java. Using fallback presentation compiler.
2026.07.28 09:53:08 INFO  no build target found for /Users/onurercen/Desktop/ml4j/tensor/Tensor.java. Using fallback presentation compiler.
2026.07.28 09:53:08 WARN  no build target for: /Users/onurercen/Desktop/ml4j/tensor/Tensor.java
2026.07.28 09:53:08 INFO  no build target found for /Users/onurercen/Desktop/ml4j/tensor/Tensor.java. Using fallback presentation compiler.
2026.07.28 09:53:08 INFO  no build target found for /Users/onurercen/Desktop/ml4j/tensor/Tensor.java. Using fallback presentation compiler.
2026.07.28 09:53:08 INFO  no build target found for /Users/onurercen/Desktop/ml4j/tensor/Tensor.java. Using fallback presentation compiler.
2026.07.28 09:53:09 INFO  no build target found for /Users/onurercen/Desktop/ml4j/tensor/Tensor.java. Using fallback presentation compiler.
2026.07.28 09:53:09 INFO  no build target found for /Users/onurercen/Desktop/ml4j/tensor/Tensor.java. Using fallback presentation compiler.
2026.07.28 09:53:10 INFO  no build target found for /Users/onurercen/Desktop/ml4j/tensor/Tensor.java. Using fallback presentation compiler.
2026.07.28 09:53:13 INFO  no build target found for /Users/onurercen/Desktop/ml4j/tensor/Tensor.java. Using fallback presentation compiler.
2026.07.28 09:53:13 INFO  no build target found for /Users/onurercen/Desktop/ml4j/tensor/Tensor.java. Using fallback presentation compiler.
2026.07.28 09:53:13 INFO  no build target found for /Users/onurercen/Desktop/ml4j/tensor/Tensor.java. Using fallback presentation compiler.
2026.07.28 09:53:13 INFO  no build target found for /Users/onurercen/Desktop/ml4j/tensor/Tensor.java. Using fallback presentation compiler.
2026.07.28 09:53:13 INFO  no build target found for /Users/onurercen/Desktop/ml4j/tensor/Tensor.java. Using fallback presentation compiler.
2026.07.28 09:53:13 INFO  no build target found for /Users/onurercen/Desktop/ml4j/tensor/Tensor.java. Using fallback presentation compiler.
2026.07.28 09:53:14 INFO  no build target found for /Users/onurercen/Desktop/ml4j/tensor/Tensor.java. Using fallback presentation compiler.
2026.07.28 09:53:14 INFO  no build target found for /Users/onurercen/Desktop/ml4j/tensor/Tensor.java. Using fallback presentation compiler.
2026.07.28 09:53:16 INFO  no build target found for /Users/onurercen/Desktop/ml4j/tensor/Tensor.java. Using fallback presentation compiler.
2026.07.28 09:53:16 INFO  no build target found for /Users/onurercen/Desktop/ml4j/tensor/Tensor.java. Using fallback presentation compiler.
2026.07.28 09:53:16 INFO  no build target found for /Users/onurercen/Desktop/ml4j/tensor/Tensor.java. Using fallback presentation compiler.
2026.07.28 09:53:16 INFO  no build target found for /Users/onurercen/Desktop/ml4j/tensor/Tensor.java. Using fallback presentation compiler.
2026.07.28 09:53:16 INFO  no build target found for /Users/onurercen/Desktop/ml4j/tensor/Tensor.java. Using fallback presentation compiler.
2026.07.28 09:53:17 INFO  no build target found for /Users/onurercen/Desktop/ml4j/tensor/Tensor.java. Using fallback presentation compiler.
2026.07.28 09:53:17 INFO  no build target found for /Users/onurercen/Desktop/ml4j/tensor/Tensor.java. Using fallback presentation compiler.
2026.07.28 09:53:17 INFO  no build target found for /Users/onurercen/Desktop/ml4j/tensor/Tensor.java. Using fallback presentation compiler.
2026.07.28 09:53:17 INFO  no build target found for /Users/onurercen/Desktop/ml4j/tensor/Tensor.java. Using fallback presentation compiler.
2026.07.28 09:53:17 INFO  no build target found for /Users/onurercen/Desktop/ml4j/tensor/Tensor.java. Using fallback presentation compiler.
2026.07.28 09:53:17 INFO  no build target found for /Users/onurercen/Desktop/ml4j/tensor/Tensor.java. Using fallback presentation compiler.
2026.07.28 09:53:18 INFO  no build target found for /Users/onurercen/Desktop/ml4j/tensor/Tensor.java. Using fallback presentation compiler.
2026.07.28 09:53:17 INFO  no build target found for /Users/onurercen/Desktop/ml4j/tensor/Tensor.java. Using fallback presentation compiler.
2026.07.28 09:53:17 INFO  no build target found for /Users/onurercen/Desktop/ml4j/tensor/Tensor.java. Using fallback presentation compiler.
2026.07.28 09:53:17 INFO  no build target found for /Users/onurercen/Desktop/ml4j/tensor/Tensor.java. Using fallback presentation compiler.
2026.07.28 09:53:17 INFO  no build target found for /Users/onurercen/Desktop/ml4j/tensor/Tensor.java. Using fallback presentation compiler.
2026.07.28 09:53:18 INFO  no build target found for /Users/onurercen/Desktop/ml4j/tensor/Tensor.java. Using fallback presentation compiler.
2026.07.28 09:53:18 INFO  no build target found for /Users/onurercen/Desktop/ml4j/tensor/Tensor.java. Using fallback presentation compiler.
2026.07.28 09:53:18 INFO  no build target found for /Users/onurercen/Desktop/ml4j/tensor/Tensor.java. Using fallback presentation compiler.
2026.07.28 09:53:18 INFO  no build target found for /Users/onurercen/Desktop/ml4j/tensor/Tensor.java. Using fallback presentation compiler.
2026.07.28 09:53:18 INFO  no build target found for /Users/onurercen/Desktop/ml4j/tensor/Tensor.java. Using fallback presentation compiler.
2026.07.28 09:53:18 INFO  no build target found for /Users/onurercen/Desktop/ml4j/tensor/Tensor.java. Using fallback presentation compiler.
2026.07.28 09:53:19 INFO  no build target found for /Users/onurercen/Desktop/ml4j/tensor/Tensor.java. Using fallback presentation compiler.
2026.07.28 09:53:19 INFO  no build target found for /Users/onurercen/Desktop/ml4j/tensor/Tensor.java. Using fallback presentation compiler.
2026.07.28 09:53:19 INFO  no build target found for /Users/onurercen/Desktop/ml4j/tensor/Tensor.java. Using fallback presentation compiler.
2026.07.28 09:53:19 INFO  no build target found for /Users/onurercen/Desktop/ml4j/tensor/Tensor.java. Using fallback presentation compiler.
2026.07.28 09:53:19 INFO  no build target found for /Users/onurercen/Desktop/ml4j/tensor/Tensor.java. Using fallback presentation compiler.
2026.07.28 09:53:19 INFO  no build target found for /Users/onurercen/Desktop/ml4j/tensor/Tensor.java. Using fallback presentation compiler.
2026.07.28 09:53:19 INFO  no build target found for /Users/onurercen/Desktop/ml4j/tensor/Tensor.java. Using fallback presentation compiler.
2026.07.28 09:53:19 INFO  no build target found for /Users/onurercen/Desktop/ml4j/tensor/Tensor.java. Using fallback presentation compiler.
2026.07.28 09:53:19 INFO  no build target found for /Users/onurercen/Desktop/ml4j/tensor/Tensor.java. Using fallback presentation compiler.
2026.07.28 09:53:20 INFO  no build target found for /Users/onurercen/Desktop/ml4j/tensor/Tensor.java. Using fallback presentation compiler.
2026.07.28 09:53:20 INFO  no build target found for /Users/onurercen/Desktop/ml4j/tensor/Tensor.java. Using fallback presentation compiler.
2026.07.28 09:53:20 INFO  no build target found for /Users/onurercen/Desktop/ml4j/tensor/Tensor.java. Using fallback presentation compiler.
2026.07.28 09:53:20 INFO  no build target found for /Users/onurercen/Desktop/ml4j/tensor/Tensor.java. Using fallback presentation compiler.
2026.07.28 09:53:21 INFO  no build target found for /Users/onurercen/Desktop/ml4j/tensor/Tensor.java. Using fallback presentation compiler.
2026.07.28 09:53:20 INFO  no build target found for /Users/onurercen/Desktop/ml4j/tensor/Tensor.java. Using fallback presentation compiler.
2026.07.28 09:53:20 INFO  no build target found for /Users/onurercen/Desktop/ml4j/tensor/Tensor.java. Using fallback presentation compiler.
2026.07.28 09:53:21 INFO  no build target found for /Users/onurercen/Desktop/ml4j/tensor/Tensor.java. Using fallback presentation compiler.
2026.07.28 09:53:21 INFO  no build target found for /Users/onurercen/Desktop/ml4j/tensor/Tensor.java. Using fallback presentation compiler.
2026.07.28 09:53:21 INFO  no build target found for /Users/onurercen/Desktop/ml4j/tensor/Tensor.java. Using fallback presentation compiler.
2026.07.28 09:53:21 INFO  no build target found for /Users/onurercen/Desktop/ml4j/tensor/Tensor.java. Using fallback presentation compiler.
2026.07.28 09:53:21 INFO  no build target found for /Users/onurercen/Desktop/ml4j/tensor/Tensor.java. Using fallback presentation compiler.
2026.07.28 09:53:21 INFO  no build target found for /Users/onurercen/Desktop/ml4j/tensor/Tensor.java. Using fallback presentation compiler.
2026.07.28 09:53:21 INFO  no build target found for /Users/onurercen/Desktop/ml4j/tensor/Tensor.java. Using fallback presentation compiler.
2026.07.28 09:53:21 INFO  no build target found for /Users/onurercen/Desktop/ml4j/tensor/Tensor.java. Using fallback presentation compiler.
2026.07.28 09:53:22 INFO  no build target found for /Users/onurercen/Desktop/ml4j/tensor/Tensor.java. Using fallback presentation compiler.
2026.07.28 09:53:22 INFO  no build target found for /Users/onurercen/Desktop/ml4j/tensor/Tensor.java. Using fallback presentation compiler.
2026.07.28 09:53:22 INFO  no build target found for /Users/onurercen/Desktop/ml4j/tensor/Tensor.java. Using fallback presentation compiler.
2026.07.28 09:53:22 INFO  no build target found for /Users/onurercen/Desktop/ml4j/tensor/Tensor.java. Using fallback presentation compiler.
2026.07.28 09:53:23 INFO  no build target found for /Users/onurercen/Desktop/ml4j/tensor/Tensor.java. Using fallback presentation compiler.
2026.07.28 09:53:22 INFO  no build target found for /Users/onurercen/Desktop/ml4j/tensor/Tensor.java. Using fallback presentation compiler.
2026.07.28 09:53:22 INFO  no build target found for /Users/onurercen/Desktop/ml4j/tensor/Tensor.java. Using fallback presentation compiler.
2026.07.28 09:53:22 INFO  no build target found for /Users/onurercen/Desktop/ml4j/tensor/Tensor.java. Using fallback presentation compiler.
2026.07.28 09:53:23 INFO  no build target found for /Users/onurercen/Desktop/ml4j/tensor/Tensor.java. Using fallback presentation compiler.
2026.07.28 09:53:22 INFO  no build target found for /Users/onurercen/Desktop/ml4j/tensor/Tensor.java. Using fallback presentation compiler.
2026.07.28 09:53:24 INFO  no build target found for /Users/onurercen/Desktop/ml4j/tensor/Tensor.java. Using fallback presentation compiler.
2026.07.28 09:53:24 INFO  no build target found for /Users/onurercen/Desktop/ml4j/tensor/Tensor.java. Using fallback presentation compiler.
2026.07.28 09:53:24 INFO  no build target found for /Users/onurercen/Desktop/ml4j/tensor/Tensor.java. Using fallback presentation compiler.
2026.07.28 09:53:24 INFO  no build target found for /Users/onurercen/Desktop/ml4j/tensor/Tensor.java. Using fallback presentation compiler.
2026.07.28 09:53:24 INFO  no build target found for /Users/onurercen/Desktop/ml4j/tensor/Tensor.java. Using fallback presentation compiler.
2026.07.28 09:53:24 INFO  no build target found for /Users/onurercen/Desktop/ml4j/tensor/Tensor.java. Using fallback presentation compiler.
2026.07.28 09:53:24 INFO  no build target found for /Users/onurercen/Desktop/ml4j/tensor/Tensor.java. Using fallback presentation compiler.
2026.07.28 09:53:25 INFO  no build target found for /Users/onurercen/Desktop/ml4j/tensor/Tensor.java. Using fallback presentation compiler.
2026.07.28 09:53:26 INFO  no build target found for /Users/onurercen/Desktop/ml4j/tensor/Tensor.java. Using fallback presentation compiler.
2026.07.28 09:53:25 INFO  no build target found for /Users/onurercen/Desktop/ml4j/tensor/Tensor.java. Using fallback presentation compiler.
2026.07.28 09:53:25 INFO  no build target found for /Users/onurercen/Desktop/ml4j/tensor/Tensor.java. Using fallback presentation compiler.
2026.07.28 09:53:25 INFO  no build target found for /Users/onurercen/Desktop/ml4j/tensor/Tensor.java. Using fallback presentation compiler.
2026.07.28 09:53:26 INFO  no build target found for /Users/onurercen/Desktop/ml4j/tensor/Tensor.java. Using fallback presentation compiler.
2026.07.28 09:53:25 INFO  no build target found for /Users/onurercen/Desktop/ml4j/tensor/Tensor.java. Using fallback presentation compiler.
2026.07.28 09:53:25 INFO  no build target found for /Users/onurercen/Desktop/ml4j/tensor/Tensor.java. Using fallback presentation compiler.
2026.07.28 09:53:25 INFO  no build target found for /Users/onurercen/Desktop/ml4j/tensor/Tensor.java. Using fallback presentation compiler.
2026.07.28 09:53:26 INFO  no build target found for /Users/onurercen/Desktop/ml4j/tensor/Tensor.java. Using fallback presentation compiler.
2026.07.28 09:53:26 INFO  no build target found for /Users/onurercen/Desktop/ml4j/tensor/Tensor.java. Using fallback presentation compiler.
2026.07.28 09:53:26 INFO  no build target found for /Users/onurercen/Desktop/ml4j/tensor/Tensor.java. Using fallback presentation compiler.
2026.07.28 09:53:27 INFO  no build target found for /Users/onurercen/Desktop/ml4j/tensor/Tensor.java. Using fallback presentation compiler.
2026.07.28 09:53:26 INFO  no build target found for /Users/onurercen/Desktop/ml4j/tensor/Tensor.java. Using fallback presentation compiler.
2026.07.28 09:53:28 INFO  no build target found for /Users/onurercen/Desktop/ml4j/tensor/Tensor.java. Using fallback presentation compiler.
2026.07.28 09:53:28 INFO  no build target found for /Users/onurercen/Desktop/ml4j/tensor/Tensor.java. Using fallback presentation compiler.
2026.07.28 09:53:28 INFO  no build target found for /Users/onurercen/Desktop/ml4j/tensor/Tensor.java. Using fallback presentation compiler.
2026.07.28 09:53:28 INFO  no build target found for /Users/onurercen/Desktop/ml4j/tensor/Tensor.java. Using fallback presentation compiler.
2026.07.28 09:53:30 INFO  no build target found for /Users/onurercen/Desktop/ml4j/tensor/Tensor.java. Using fallback presentation compiler.
2026.07.28 09:53:30 INFO  no build target found for /Users/onurercen/Desktop/ml4j/tensor/Tensor.java. Using fallback presentation compiler.
2026.07.28 09:53:30 INFO  no build target found for /Users/onurercen/Desktop/ml4j/tensor/Tensor.java. Using fallback presentation compiler.
2026.07.28 09:53:30 INFO  no build target found for /Users/onurercen/Desktop/ml4j/tensor/Tensor.java. Using fallback presentation compiler.
2026.07.28 09:53:30 INFO  no build target found for /Users/onurercen/Desktop/ml4j/tensor/Tensor.java. Using fallback presentation compiler.
2026.07.28 09:53:30 INFO  no build target found for /Users/onurercen/Desktop/ml4j/tensor/Tensor.java. Using fallback presentation compiler.
2026.07.28 09:53:30 INFO  no build target found for /Users/onurercen/Desktop/ml4j/tensor/Tensor.java. Using fallback presentation compiler.
2026.07.28 09:53:30 INFO  no build target found for /Users/onurercen/Desktop/ml4j/tensor/Tensor.java. Using fallback presentation compiler.
2026.07.28 09:53:30 INFO  no build target found for /Users/onurercen/Desktop/ml4j/tensor/Tensor.java. Using fallback presentation compiler.
2026.07.28 09:53:30 INFO  no build target found for /Users/onurercen/Desktop/ml4j/tensor/Tensor.java. Using fallback presentation compiler.
2026.07.28 09:53:30 INFO  no build target found for /Users/onurercen/Desktop/ml4j/tensor/Tensor.java. Using fallback presentation compiler.
2026.07.28 09:53:30 INFO  no build target found for /Users/onurercen/Desktop/ml4j/tensor/Tensor.java. Using fallback presentation compiler.
2026.07.28 09:53:30 INFO  no build target found for /Users/onurercen/Desktop/ml4j/tensor/Tensor.java. Using fallback presentation compiler.
2026.07.28 09:53:30 INFO  no build target found for /Users/onurercen/Desktop/ml4j/tensor/Tensor.java. Using fallback presentation compiler.
2026.07.28 09:53:30 INFO  no build target found for /Users/onurercen/Desktop/ml4j/tensor/Tensor.java. Using fallback presentation compiler.
2026.07.28 09:53:31 INFO  no build target found for /Users/onurercen/Desktop/ml4j/tensor/Tensor.java. Using fallback presentation compiler.
2026.07.28 09:53:31 INFO  no build target found for /Users/onurercen/Desktop/ml4j/tensor/Tensor.java. Using fallback presentation compiler.
2026.07.28 09:53:31 INFO  no build target found for /Users/onurercen/Desktop/ml4j/tensor/Tensor.java. Using fallback presentation compiler.
2026.07.28 09:53:31 INFO  no build target found for /Users/onurercen/Desktop/ml4j/tensor/Tensor.java. Using fallback presentation compiler.
2026.07.28 09:53:31 INFO  no build target found for /Users/onurercen/Desktop/ml4j/tensor/Tensor.java. Using fallback presentation compiler.
2026.07.28 09:53:32 INFO  no build target found for /Users/onurercen/Desktop/ml4j/tensor/Tensor.java. Using fallback presentation compiler.
2026.07.28 09:53:31 INFO  no build target found for /Users/onurercen/Desktop/ml4j/tensor/Tensor.java. Using fallback presentation compiler.
2026.07.28 09:53:31 INFO  no build target found for /Users/onurercen/Desktop/ml4j/tensor/Tensor.java. Using fallback presentation compiler.
2026.07.28 09:53:32 INFO  no build target found for /Users/onurercen/Desktop/ml4j/tensor/Tensor.java. Using fallback presentation compiler.
2026.07.28 09:53:32 INFO  no build target found for /Users/onurercen/Desktop/ml4j/tensor/Tensor.java. Using fallback presentation compiler.
2026.07.28 09:53:32 INFO  no build target found for /Users/onurercen/Desktop/ml4j/tensor/Tensor.java. Using fallback presentation compiler.
2026.07.28 09:53:32 INFO  no build target found for /Users/onurercen/Desktop/ml4j/tensor/Tensor.java. Using fallback presentation compiler.
2026.07.28 09:53:32 INFO  no build target found for /Users/onurercen/Desktop/ml4j/tensor/Tensor.java. Using fallback presentation compiler.
2026.07.28 09:53:32 INFO  no build target found for /Users/onurercen/Desktop/ml4j/tensor/Tensor.java. Using fallback presentation compiler.
2026.07.28 09:53:32 INFO  no build target found for /Users/onurercen/Desktop/ml4j/tensor/Tensor.java. Using fallback presentation compiler.
2026.07.28 09:53:33 INFO  no build target found for /Users/onurercen/Desktop/ml4j/tensor/Tensor.java. Using fallback presentation compiler.
2026.07.28 09:53:32 INFO  no build target found for /Users/onurercen/Desktop/ml4j/tensor/Tensor.java. Using fallback presentation compiler.
2026.07.28 09:53:32 INFO  no build target found for /Users/onurercen/Desktop/ml4j/tensor/Tensor.java. Using fallback presentation compiler.
2026.07.28 09:53:33 INFO  no build target found for /Users/onurercen/Desktop/ml4j/tensor/Tensor.java. Using fallback presentation compiler.
2026.07.28 09:53:33 INFO  no build target found for /Users/onurercen/Desktop/ml4j/tensor/Tensor.java. Using fallback presentation compiler.
2026.07.28 09:53:34 INFO  no build target found for /Users/onurercen/Desktop/ml4j/tensor/Tensor.java. Using fallback presentation compiler.
2026.07.28 09:53:35 INFO  no build target found for /Users/onurercen/Desktop/ml4j/tensor/Tensor.java. Using fallback presentation compiler.
2026.07.28 09:53:35 INFO  no build target found for /Users/onurercen/Desktop/ml4j/tensor/Tensor.java. Using fallback presentation compiler.
2026.07.28 09:53:35 INFO  no build target found for /Users/onurercen/Desktop/ml4j/tensor/Tensor.java. Using fallback presentation compiler.
2026.07.28 09:53:35 INFO  no build target found for /Users/onurercen/Desktop/ml4j/tensor/Tensor.java. Using fallback presentation compiler.
2026.07.28 09:53:35 INFO  no build target found for /Users/onurercen/Desktop/ml4j/tensor/Tensor.java. Using fallback presentation compiler.
2026.07.28 09:53:35 INFO  no build target found for /Users/onurercen/Desktop/ml4j/tensor/Tensor.java. Using fallback presentation compiler.
2026.07.28 09:53:35 INFO  no build target found for /Users/onurercen/Desktop/ml4j/tensor/Tensor.java. Using fallback presentation compiler.
2026.07.28 09:53:35 INFO  no build target found for /Users/onurercen/Desktop/ml4j/tensor/Tensor.java. Using fallback presentation compiler.
2026.07.28 09:53:35 INFO  no build target found for /Users/onurercen/Desktop/ml4j/tensor/Tensor.java. Using fallback presentation compiler.
2026.07.28 09:53:36 INFO  no build target found for /Users/onurercen/Desktop/ml4j/tensor/Tensor.java. Using fallback presentation compiler.
2026.07.28 09:53:36 INFO  no build target found for /Users/onurercen/Desktop/ml4j/tensor/Tensor.java. Using fallback presentation compiler.
2026.07.28 09:53:36 INFO  no build target found for /Users/onurercen/Desktop/ml4j/tensor/Tensor.java. Using fallback presentation compiler.
2026.07.28 09:53:36 INFO  no build target found for /Users/onurercen/Desktop/ml4j/tensor/Tensor.java. Using fallback presentation compiler.
2026.07.28 09:53:36 INFO  no build target found for /Users/onurercen/Desktop/ml4j/tensor/Tensor.java. Using fallback presentation compiler.
2026.07.28 09:53:38 INFO  no build target found for /Users/onurercen/Desktop/ml4j/tensor/Tensor.java. Using fallback presentation compiler.
2026.07.28 09:53:38 INFO  no build target found for /Users/onurercen/Desktop/ml4j/tensor/Tensor.java. Using fallback presentation compiler.
2026.07.28 09:53:38 INFO  no build target found for /Users/onurercen/Desktop/ml4j/tensor/Tensor.java. Using fallback presentation compiler.
2026.07.28 09:53:38 INFO  no build target found for /Users/onurercen/Desktop/ml4j/tensor/Tensor.java. Using fallback presentation compiler.
2026.07.28 09:53:38 INFO  no build target found for /Users/onurercen/Desktop/ml4j/tensor/Tensor.java. Using fallback presentation compiler.
2026.07.28 09:53:38 INFO  no build target found for /Users/onurercen/Desktop/ml4j/tensor/Tensor.java. Using fallback presentation compiler.
2026.07.28 09:53:38 INFO  no build target found for /Users/onurercen/Desktop/ml4j/tensor/Tensor.java. Using fallback presentation compiler.
2026.07.28 09:53:38 INFO  no build target found for /Users/onurercen/Desktop/ml4j/tensor/Tensor.java. Using fallback presentation compiler.
2026.07.28 09:53:38 INFO  no build target found for /Users/onurercen/Desktop/ml4j/tensor/Tensor.java. Using fallback presentation compiler.
2026.07.28 09:53:39 INFO  no build target found for /Users/onurercen/Desktop/ml4j/tensor/Tensor.java. Using fallback presentation compiler.
2026.07.28 09:53:38 INFO  no build target found for /Users/onurercen/Desktop/ml4j/tensor/Tensor.java. Using fallback presentation compiler.
2026.07.28 09:53:39 INFO  no build target found for /Users/onurercen/Desktop/ml4j/tensor/Tensor.java. Using fallback presentation compiler.
2026.07.28 09:53:39 INFO  no build target found for /Users/onurercen/Desktop/ml4j/tensor/Tensor.java. Using fallback presentation compiler.
2026.07.28 09:53:39 INFO  no build target found for /Users/onurercen/Desktop/ml4j/tensor/Tensor.java. Using fallback presentation compiler.
2026.07.28 09:53:39 INFO  no build target found for /Users/onurercen/Desktop/ml4j/tensor/Tensor.java. Using fallback presentation compiler.
2026.07.28 09:53:39 INFO  no build target found for /Users/onurercen/Desktop/ml4j/tensor/Tensor.java. Using fallback presentation compiler.
2026.07.28 09:53:39 INFO  no build target found for /Users/onurercen/Desktop/ml4j/tensor/Tensor.java. Using fallback presentation compiler.
2026.07.28 09:53:39 INFO  no build target found for /Users/onurercen/Desktop/ml4j/tensor/Tensor.java. Using fallback presentation compiler.
2026.07.28 09:53:40 INFO  no build target found for /Users/onurercen/Desktop/ml4j/tensor/Tensor.java. Using fallback presentation compiler.
2026.07.28 09:53:40 INFO  no build target found for /Users/onurercen/Desktop/ml4j/tensor/Tensor.java. Using fallback presentation compiler.
2026.07.28 09:53:40 INFO  no build target found for /Users/onurercen/Desktop/ml4j/tensor/Tensor.java. Using fallback presentation compiler.
2026.07.28 09:53:40 INFO  no build target found for /Users/onurercen/Desktop/ml4j/tensor/Tensor.java. Using fallback presentation compiler.
2026.07.28 09:53:41 INFO  no build target found for /Users/onurercen/Desktop/ml4j/tensor/Tensor.java. Using fallback presentation compiler.
2026.07.28 09:53:40 INFO  no build target found for /Users/onurercen/Desktop/ml4j/tensor/Tensor.java. Using fallback presentation compiler.
2026.07.28 09:53:42 INFO  no build target found for /Users/onurercen/Desktop/ml4j/tensor/Tensor.java. Using fallback presentation compiler.
2026.07.28 09:53:42 INFO  no build target found for /Users/onurercen/Desktop/ml4j/tensor/Tensor.java. Using fallback presentation compiler.
2026.07.28 09:53:42 INFO  no build target found for /Users/onurercen/Desktop/ml4j/tensor/Tensor.java. Using fallback presentation compiler.
2026.07.28 09:53:42 INFO  no build target found for /Users/onurercen/Desktop/ml4j/tensor/Tensor.java. Using fallback presentation compiler.
2026.07.28 09:54:13 INFO  no build target found for /Users/onurercen/Desktop/ml4j/tensor/Tensor.java. Using fallback presentation compiler.
2026.07.28 09:54:14 INFO  no build target found for /Users/onurercen/Desktop/ml4j/tensor/Tensor.java. Using fallback presentation compiler.
2026.07.28 09:54:14 INFO  no build target found for /Users/onurercen/Desktop/ml4j/tensor/Tensor.java. Using fallback presentation compiler.
2026.07.28 09:54:16 INFO  no build target found for /Users/onurercen/Desktop/ml4j/tensor/Tensor.java. Using fallback presentation compiler.
2026.07.28 09:54:16 INFO  no build target found for /Users/onurercen/Desktop/ml4j/tensor/Tensor.java. Using fallback presentation compiler.
2026.07.28 09:54:16 INFO  no build target found for /Users/onurercen/Desktop/ml4j/tensor/Tensor.java. Using fallback presentation compiler.
2026.07.28 09:54:18 INFO  no build target found for /Users/onurercen/Desktop/ml4j/tensor/Tensor.java. Using fallback presentation compiler.
2026.07.28 09:54:18 INFO  no build target found for /Users/onurercen/Desktop/ml4j/tensor/Tensor.java. Using fallback presentation compiler.
2026.07.28 09:54:18 INFO  no build target found for /Users/onurercen/Desktop/ml4j/tensor/Tensor.java. Using fallback presentation compiler.
2026.07.28 09:54:18 INFO  no build target found for /Users/onurercen/Desktop/ml4j/tensor/Tensor.java. Using fallback presentation compiler.
2026.07.28 09:54:18 INFO  no build target found for /Users/onurercen/Desktop/ml4j/tensor/Tensor.java. Using fallback presentation compiler.
2026.07.28 09:54:18 INFO  no build target found for /Users/onurercen/Desktop/ml4j/tensor/Tensor.java. Using fallback presentation compiler.
2026.07.28 09:54:19 INFO  no build target found for /Users/onurercen/Desktop/ml4j/tensor/Tensor.java. Using fallback presentation compiler.
2026.07.28 09:54:21 INFO  no build target found for /Users/onurercen/Desktop/ml4j/tensor/Tensor.java. Using fallback presentation compiler.
2026.07.28 09:54:21 INFO  no build target found for /Users/onurercen/Desktop/ml4j/tensor/Tensor.java. Using fallback presentation compiler.
2026.07.28 09:54:21 INFO  no build target found for /Users/onurercen/Desktop/ml4j/tensor/Tensor.java. Using fallback presentation compiler.
2026.07.28 09:54:23 INFO  no build target found for /Users/onurercen/Desktop/ml4j/tensor/Tensor.java. Using fallback presentation compiler.
2026.07.28 09:54:23 INFO  no build target found for /Users/onurercen/Desktop/ml4j/tensor/Tensor.java. Using fallback presentation compiler.
2026.07.28 09:54:23 INFO  no build target found for /Users/onurercen/Desktop/ml4j/tensor/Tensor.java. Using fallback presentation compiler.
2026.07.28 09:54:24 WARN  no build target for: /Users/onurercen/Desktop/ml4j/tensor/Tensor.java
2026.07.28 09:54:24 INFO  no build target found for /Users/onurercen/Desktop/ml4j/tensor/Tensor.java. Using fallback presentation compiler.
2026.07.28 09:54:24 WARN  no build target for: /Users/onurercen/Desktop/ml4j/tensor/Tensor.java
2026.07.28 09:54:24 INFO  no build target found for /Users/onurercen/Desktop/ml4j/tensor/Tensor.java. Using fallback presentation compiler.
2026.07.28 09:54:26 INFO  no build target found for /Users/onurercen/Desktop/ml4j/tensor/Tensor.java. Using fallback presentation compiler.
2026.07.28 09:54:27 WARN  no build target for: /Users/onurercen/Desktop/ml4j/tensor/Tensor.java
2026.07.28 09:54:27 INFO  no build target found for /Users/onurercen/Desktop/ml4j/tensor/Tensor.java. Using fallback presentation compiler.
2026.07.28 09:54:27 WARN  no build target for: /Users/onurercen/Desktop/ml4j/tensor/Tensor.java
2026.07.28 09:54:27 INFO  no build target found for /Users/onurercen/Desktop/ml4j/tensor/Tensor.java. Using fallback presentation compiler.
2026.07.28 09:54:27 WARN  no build target for: /Users/onurercen/Desktop/ml4j/tensor/Tensor.java
2026.07.28 09:54:27 INFO  no build target found for /Users/onurercen/Desktop/ml4j/tensor/Tensor.java. Using fallback presentation compiler.
Tem 28, 2026 9:56:09 ÖÖ org.eclipse.lsp4j.jsonrpc.services.GenericEndpoint notify
INFO: Unsupported notification method: $/setTrace
2026.07.28 09:59:07 INFO  no build target found for /Users/onurercen/Desktop/ml4j/tensor/Tensor.java. Using fallback presentation compiler.
2026.07.28 09:59:09 INFO  no build target found for /Users/onurercen/Desktop/ml4j/tensor/Tensor.java. Using fallback presentation compiler.
2026.07.28 09:59:09 INFO  no build target found for /Users/onurercen/Desktop/ml4j/tensor/Tensor.java. Using fallback presentation compiler.
2026.07.28 09:59:09 WARN  no build target for: /Users/onurercen/Desktop/ml4j/tensor/Tensor.java
2026.07.28 09:59:09 INFO  no build target found for /Users/onurercen/Desktop/ml4j/tensor/Tensor.java. Using fallback presentation compiler.
2026.07.28 09:59:09 INFO  no build target found for /Users/onurercen/Desktop/ml4j/tensor/Tensor.java. Using fallback presentation compiler.
2026.07.28 09:59:11 INFO  no build target found for /Users/onurercen/Desktop/ml4j/tensor/Tensor.java. Using fallback presentation compiler.
2026.07.28 10:20:56 INFO  no build target found for /Users/onurercen/Desktop/ml4j/tensor/Tensor.java. Using fallback presentation compiler.
2026.07.28 10:22:06 INFO  no build target found for /Users/onurercen/Desktop/ml4j/tensor/Tensor.java. Using fallback presentation compiler.
2026.07.28 10:22:07 INFO  no build target found for /Users/onurercen/Desktop/ml4j/tensor/Tensor.java. Using fallback presentation compiler.
2026.07.28 10:22:09 INFO  no build target found for /Users/onurercen/Desktop/ml4j/tensor/Tensor.java. Using fallback presentation compiler.
2026.07.28 10:22:09 INFO  no build target found for /Users/onurercen/Desktop/ml4j/tensor/Tensor.java. Using fallback presentation compiler.
2026.07.28 10:22:09 INFO  no build target found for /Users/onurercen/Desktop/ml4j/tensor/Tensor.java. Using fallback presentation compiler.
2026.07.28 10:22:09 INFO  no build target found for /Users/onurercen/Desktop/ml4j/tensor/Tensor.java. Using fallback presentation compiler.
2026.07.28 10:22:10 INFO  no build target found for /Users/onurercen/Desktop/ml4j/tensor/Tensor.java. Using fallback presentation compiler.
2026.07.28 10:22:09 INFO  no build target found for /Users/onurercen/Desktop/ml4j/tensor/Tensor.java. Using fallback presentation compiler.
2026.07.28 10:22:10 INFO  no build target found for /Users/onurercen/Desktop/ml4j/tensor/Tensor.java. Using fallback presentation compiler.
2026.07.28 10:22:10 INFO  no build target found for /Users/onurercen/Desktop/ml4j/tensor/Tensor.java. Using fallback presentation compiler.
2026.07.28 10:22:10 INFO  no build target found for /Users/onurercen/Desktop/ml4j/tensor/Tensor.java. Using fallback presentation compiler.
2026.07.28 10:22:19 INFO  no build target found for /Users/onurercen/Desktop/ml4j/tensor/Tensor.java. Using fallback presentation compiler.
2026.07.28 10:22:19 INFO  no build target found for /Users/onurercen/Desktop/ml4j/tensor/Tensor.java. Using fallback presentation compiler.
2026.07.28 10:22:19 INFO  no build target found for /Users/onurercen/Desktop/ml4j/tensor/Tensor.java. Using fallback presentation compiler.
2026.07.28 10:22:19 INFO  no build target found for /Users/onurercen/Desktop/ml4j/tensor/Tensor.java. Using fallback presentation compiler.
2026.07.28 10:22:19 INFO  no build target found for /Users/onurercen/Desktop/ml4j/tensor/Tensor.java. Using fallback presentation compiler.
2026.07.28 10:22:20 INFO  no build target found for /Users/onurercen/Desktop/ml4j/tensor/Tensor.java. Using fallback presentation compiler.
2026.07.28 10:22:20 INFO  no build target found for /Users/onurercen/Desktop/ml4j/tensor/Tensor.java. Using fallback presentation compiler.
2026.07.28 10:22:22 INFO  no build target found for /Users/onurercen/Desktop/ml4j/tensor/Tensor.java. Using fallback presentation compiler.
2026.07.28 10:22:22 INFO  no build target found for /Users/onurercen/Desktop/ml4j/tensor/Tensor.java. Using fallback presentation compiler.
2026.07.28 10:22:22 INFO  no build target found for /Users/onurercen/Desktop/ml4j/tensor/Tensor.java. Using fallback presentation compiler.
2026.07.28 10:22:22 INFO  no build target found for /Users/onurercen/Desktop/ml4j/tensor/Tensor.java. Using fallback presentation compiler.
2026.07.28 10:22:22 INFO  no build target found for /Users/onurercen/Desktop/ml4j/tensor/Tensor.java. Using fallback presentation compiler.
2026.07.28 10:22:22 INFO  no build target found for /Users/onurercen/Desktop/ml4j/tensor/Tensor.java. Using fallback presentation compiler.
2026.07.28 10:22:23 INFO  no build target found for /Users/onurercen/Desktop/ml4j/tensor/Tensor.java. Using fallback presentation compiler.
2026.07.28 10:22:23 INFO  no build target found for /Users/onurercen/Desktop/ml4j/tensor/Tensor.java. Using fallback presentation compiler.
2026.07.28 10:22:23 INFO  no build target found for /Users/onurercen/Desktop/ml4j/tensor/Tensor.java. Using fallback presentation compiler.
2026.07.28 10:22:23 INFO  no build target found for /Users/onurercen/Desktop/ml4j/tensor/Tensor.java. Using fallback presentation compiler.
2026.07.28 10:22:23 INFO  no build target found for /Users/onurercen/Desktop/ml4j/tensor/Tensor.java. Using fallback presentation compiler.
2026.07.28 10:22:26 INFO  no build target found for /Users/onurercen/Desktop/ml4j/tensor/Tensor.java. Using fallback presentation compiler.
2026.07.28 10:22:26 INFO  no build target found for /Users/onurercen/Desktop/ml4j/tensor/Tensor.java. Using fallback presentation compiler.
2026.07.28 10:22:26 INFO  no build target found for /Users/onurercen/Desktop/ml4j/tensor/Tensor.java. Using fallback presentation compiler.
2026.07.28 10:22:26 INFO  no build target found for /Users/onurercen/Desktop/ml4j/tensor/Tensor.java. Using fallback presentation compiler.
2026.07.28 10:22:26 INFO  no build target found for /Users/onurercen/Desktop/ml4j/tensor/Tensor.java. Using fallback presentation compiler.
2026.07.28 10:22:26 INFO  no build target found for /Users/onurercen/Desktop/ml4j/tensor/Tensor.java. Using fallback presentation compiler.
2026.07.28 10:22:26 INFO  no build target found for /Users/onurercen/Desktop/ml4j/tensor/Tensor.java. Using fallback presentation compiler.
2026.07.28 10:22:26 INFO  no build target found for /Users/onurercen/Desktop/ml4j/tensor/Tensor.java. Using fallback presentation compiler.
2026.07.28 10:22:26 INFO  no build target found for /Users/onurercen/Desktop/ml4j/tensor/Tensor.java. Using fallback presentation compiler.
2026.07.28 10:22:28 INFO  no build target found for /Users/onurercen/Desktop/ml4j/tensor/Tensor.java. Using fallback presentation compiler.
2026.07.28 10:22:28 INFO  no build target found for /Users/onurercen/Desktop/ml4j/tensor/Tensor.java. Using fallback presentation compiler.
2026.07.28 10:22:30 INFO  no build target found for /Users/onurercen/Desktop/ml4j/tensor/Tensor.java. Using fallback presentation compiler.
2026.07.28 10:22:30 INFO  no build target found for /Users/onurercen/Desktop/ml4j/tensor/Tensor.java. Using fallback presentation compiler.
2026.07.28 10:22:34 INFO  no build target found for /Users/onurercen/Desktop/ml4j/tensor/Tensor.java. Using fallback presentation compiler.
2026.07.28 10:22:34 INFO  no build target found for /Users/onurercen/Desktop/ml4j/tensor/Tensor.java. Using fallback presentation compiler.
2026.07.28 10:22:36 INFO  no build target found for /Users/onurercen/Desktop/ml4j/tensor/Tensor.java. Using fallback presentation compiler.
2026.07.28 10:22:36 INFO  no build target found for /Users/onurercen/Desktop/ml4j/tensor/Tensor.java. Using fallback presentation compiler.
2026.07.28 10:22:36 INFO  no build target found for /Users/onurercen/Desktop/ml4j/tensor/Tensor.java. Using fallback presentation compiler.
2026.07.28 10:22:36 INFO  no build target found for /Users/onurercen/Desktop/ml4j/tensor/Tensor.java. Using fallback presentation compiler.
2026.07.28 10:22:37 INFO  no build target found for /Users/onurercen/Desktop/ml4j/tensor/Tensor.java. Using fallback presentation compiler.
2026.07.28 10:22:37 INFO  no build target found for /Users/onurercen/Desktop/ml4j/tensor/Tensor.java. Using fallback presentation compiler.
2026.07.28 10:22:37 INFO  no build target found for /Users/onurercen/Desktop/ml4j/tensor/Tensor.java. Using fallback presentation compiler.
2026.07.28 10:22:37 INFO  no build target found for /Users/onurercen/Desktop/ml4j/tensor/Tensor.java. Using fallback presentation compiler.
2026.07.28 10:22:37 INFO  no build target found for /Users/onurercen/Desktop/ml4j/tensor/Tensor.java. Using fallback presentation compiler.
2026.07.28 10:22:37 INFO  no build target found for /Users/onurercen/Desktop/ml4j/tensor/Tensor.java. Using fallback presentation compiler.
2026.07.28 10:22:37 INFO  no build target found for /Users/onurercen/Desktop/ml4j/tensor/Tensor.java. Using fallback presentation compiler.
2026.07.28 10:22:37 INFO  no build target found for /Users/onurercen/Desktop/ml4j/tensor/Tensor.java. Using fallback presentation compiler.
2026.07.28 10:22:37 INFO  no build target found for /Users/onurercen/Desktop/ml4j/tensor/Tensor.java. Using fallback presentation compiler.
2026.07.28 10:22:37 INFO  no build target found for /Users/onurercen/Desktop/ml4j/tensor/Tensor.java. Using fallback presentation compiler.
2026.07.28 10:22:37 INFO  no build target found for /Users/onurercen/Desktop/ml4j/tensor/Tensor.java. Using fallback presentation compiler.
2026.07.28 10:22:37 INFO  no build target found for /Users/onurercen/Desktop/ml4j/tensor/Tensor.java. Using fallback presentation compiler.
2026.07.28 10:22:37 INFO  no build target found for /Users/onurercen/Desktop/ml4j/tensor/Tensor.java. Using fallback presentation compiler.
2026.07.28 10:22:37 INFO  no build target found for /Users/onurercen/Desktop/ml4j/tensor/Tensor.java. Using fallback presentation compiler.
2026.07.28 10:22:38 INFO  no build target found for /Users/onurercen/Desktop/ml4j/tensor/Tensor.java. Using fallback presentation compiler.
2026.07.28 10:22:38 INFO  no build target found for /Users/onurercen/Desktop/ml4j/tensor/Tensor.java. Using fallback presentation compiler.
2026.07.28 10:22:38 INFO  no build target found for /Users/onurercen/Desktop/ml4j/tensor/Tensor.java. Using fallback presentation compiler.
2026.07.28 10:22:38 INFO  no build target found for /Users/onurercen/Desktop/ml4j/tensor/Tensor.java. Using fallback presentation compiler.
2026.07.28 10:22:38 INFO  no build target found for /Users/onurercen/Desktop/ml4j/tensor/Tensor.java. Using fallback presentation compiler.
2026.07.28 10:22:38 INFO  no build target found for /Users/onurercen/Desktop/ml4j/tensor/Tensor.java. Using fallback presentation compiler.
2026.07.28 10:22:38 INFO  no build target found for /Users/onurercen/Desktop/ml4j/tensor/Tensor.java. Using fallback presentation compiler.
2026.07.28 10:22:38 INFO  no build target found for /Users/onurercen/Desktop/ml4j/tensor/Tensor.java. Using fallback presentation compiler.
2026.07.28 10:22:38 INFO  no build target found for /Users/onurercen/Desktop/ml4j/tensor/Tensor.java. Using fallback presentation compiler.
2026.07.28 10:22:38 INFO  no build target found for /Users/onurercen/Desktop/ml4j/tensor/Tensor.java. Using fallback presentation compiler.
2026.07.28 10:22:38 INFO  no build target found for /Users/onurercen/Desktop/ml4j/tensor/Tensor.java. Using fallback presentation compiler.
2026.07.28 10:22:38 INFO  no build target found for /Users/onurercen/Desktop/ml4j/tensor/Tensor.java. Using fallback presentation compiler.
2026.07.28 10:22:38 INFO  no build target found for /Users/onurercen/Desktop/ml4j/tensor/Tensor.java. Using fallback presentation compiler.
2026.07.28 10:22:38 INFO  no build target found for /Users/onurercen/Desktop/ml4j/tensor/Tensor.java. Using fallback presentation compiler.
2026.07.28 10:22:38 INFO  no build target found for /Users/onurercen/Desktop/ml4j/tensor/Tensor.java. Using fallback presentation compiler.
2026.07.28 10:22:39 INFO  no build target found for /Users/onurercen/Desktop/ml4j/tensor/Tensor.java. Using fallback presentation compiler.
2026.07.28 10:22:39 INFO  no build target found for /Users/onurercen/Desktop/ml4j/tensor/Tensor.java. Using fallback presentation compiler.
2026.07.28 10:22:39 INFO  no build target found for /Users/onurercen/Desktop/ml4j/tensor/Tensor.java. Using fallback presentation compiler.
2026.07.28 10:22:39 INFO  no build target found for /Users/onurercen/Desktop/ml4j/tensor/Tensor.java. Using fallback presentation compiler.
2026.07.28 10:22:39 INFO  no build target found for /Users/onurercen/Desktop/ml4j/tensor/Tensor.java. Using fallback presentation compiler.
2026.07.28 10:22:39 INFO  no build target found for /Users/onurercen/Desktop/ml4j/tensor/Tensor.java. Using fallback presentation compiler.
2026.07.28 10:22:39 INFO  no build target found for /Users/onurercen/Desktop/ml4j/tensor/Tensor.java. Using fallback presentation compiler.
2026.07.28 10:22:39 INFO  no build target found for /Users/onurercen/Desktop/ml4j/tensor/Tensor.java. Using fallback presentation compiler.
2026.07.28 10:22:39 INFO  no build target found for /Users/onurercen/Desktop/ml4j/tensor/Tensor.java. Using fallback presentation compiler.
2026.07.28 10:22:39 INFO  no build target found for /Users/onurercen/Desktop/ml4j/tensor/Tensor.java. Using fallback presentation compiler.
2026.07.28 10:22:39 INFO  no build target found for /Users/onurercen/Desktop/ml4j/tensor/Tensor.java. Using fallback presentation compiler.
2026.07.28 10:22:39 INFO  no build target found for /Users/onurercen/Desktop/ml4j/tensor/Tensor.java. Using fallback presentation compiler.
2026.07.28 10:22:39 INFO  no build target found for /Users/onurercen/Desktop/ml4j/tensor/Tensor.java. Using fallback presentation compiler.
2026.07.28 10:22:39 INFO  no build target found for /Users/onurercen/Desktop/ml4j/tensor/Tensor.java. Using fallback presentation compiler.
2026.07.28 10:22:40 INFO  no build target found for /Users/onurercen/Desktop/ml4j/tensor/Tensor.java. Using fallback presentation compiler.
2026.07.28 10:22:40 INFO  no build target found for /Users/onurercen/Desktop/ml4j/tensor/Tensor.java. Using fallback presentation compiler.
2026.07.28 10:22:42 INFO  no build target found for /Users/onurercen/Desktop/ml4j/tensor/Tensor.java. Using fallback presentation compiler.
2026.07.28 10:22:42 INFO  no build target found for /Users/onurercen/Desktop/ml4j/tensor/Tensor.java. Using fallback presentation compiler.
2026.07.28 10:22:42 INFO  no build target found for /Users/onurercen/Desktop/ml4j/tensor/Tensor.java. Using fallback presentation compiler.
2026.07.28 10:22:42 INFO  no build target found for /Users/onurercen/Desktop/ml4j/tensor/Tensor.java. Using fallback presentation compiler.
2026.07.28 10:22:42 INFO  no build target found for /Users/onurercen/Desktop/ml4j/tensor/Tensor.java. Using fallback presentation compiler.
2026.07.28 10:22:43 INFO  no build target found for /Users/onurercen/Desktop/ml4j/tensor/Tensor.java. Using fallback presentation compiler.
2026.07.28 10:22:42 INFO  no build target found for /Users/onurercen/Desktop/ml4j/tensor/Tensor.java. Using fallback presentation compiler.
2026.07.28 10:22:42 INFO  no build target found for /Users/onurercen/Desktop/ml4j/tensor/Tensor.java. Using fallback presentation compiler.
2026.07.28 10:22:42 INFO  no build target found for /Users/onurercen/Desktop/ml4j/tensor/Tensor.java. Using fallback presentation compiler.
2026.07.28 10:22:43 INFO  no build target found for /Users/onurercen/Desktop/ml4j/tensor/Tensor.java. Using fallback presentation compiler.
2026.07.28 10:22:43 INFO  no build target found for /Users/onurercen/Desktop/ml4j/tensor/Tensor.java. Using fallback presentation compiler.
2026.07.28 10:22:43 INFO  no build target found for /Users/onurercen/Desktop/ml4j/tensor/Tensor.java. Using fallback presentation compiler.
2026.07.28 10:22:43 INFO  no build target found for /Users/onurercen/Desktop/ml4j/tensor/Tensor.java. Using fallback presentation compiler.
2026.07.28 10:22:43 INFO  no build target found for /Users/onurercen/Desktop/ml4j/tensor/Tensor.java. Using fallback presentation compiler.
2026.07.28 10:22:43 INFO  no build target found for /Users/onurercen/Desktop/ml4j/tensor/Tensor.java. Using fallback presentation compiler.
2026.07.28 10:22:44 INFO  no build target found for /Users/onurercen/Desktop/ml4j/tensor/Tensor.java. Using fallback presentation compiler.
2026.07.28 10:22:43 INFO  no build target found for /Users/onurercen/Desktop/ml4j/tensor/Tensor.java. Using fallback presentation compiler.
2026.07.28 10:22:43 INFO  no build target found for /Users/onurercen/Desktop/ml4j/tensor/Tensor.java. Using fallback presentation compiler.
2026.07.28 10:22:43 INFO  no build target found for /Users/onurercen/Desktop/ml4j/tensor/Tensor.java. Using fallback presentation compiler.
2026.07.28 10:22:44 INFO  no build target found for /Users/onurercen/Desktop/ml4j/tensor/Tensor.java. Using fallback presentation compiler.
2026.07.28 10:22:44 INFO  no build target found for /Users/onurercen/Desktop/ml4j/tensor/Tensor.java. Using fallback presentation compiler.
2026.07.28 10:22:44 INFO  no build target found for /Users/onurercen/Desktop/ml4j/tensor/Tensor.java. Using fallback presentation compiler.
2026.07.28 10:22:45 INFO  no build target found for /Users/onurercen/Desktop/ml4j/tensor/Tensor.java. Using fallback presentation compiler.
2026.07.28 10:22:44 INFO  no build target found for /Users/onurercen/Desktop/ml4j/tensor/Tensor.java. Using fallback presentation compiler.
2026.07.28 10:22:44 INFO  no build target found for /Users/onurercen/Desktop/ml4j/tensor/Tensor.java. Using fallback presentation compiler.
2026.07.28 10:22:45 INFO  no build target found for /Users/onurercen/Desktop/ml4j/tensor/Tensor.java. Using fallback presentation compiler.
2026.07.28 10:22:44 INFO  no build target found for /Users/onurercen/Desktop/ml4j/tensor/Tensor.java. Using fallback presentation compiler.
2026.07.28 10:22:45 INFO  no build target found for /Users/onurercen/Desktop/ml4j/tensor/Tensor.java. Using fallback presentation compiler.
2026.07.28 10:22:47 INFO  no build target found for /Users/onurercen/Desktop/ml4j/tensor/Tensor.java. Using fallback presentation compiler.
2026.07.28 10:22:47 INFO  no build target found for /Users/onurercen/Desktop/ml4j/tensor/Tensor.java. Using fallback presentation compiler.
2026.07.28 10:22:47 INFO  no build target found for /Users/onurercen/Desktop/ml4j/tensor/Tensor.java. Using fallback presentation compiler.
2026.07.28 10:22:48 INFO  no build target found for /Users/onurercen/Desktop/ml4j/tensor/Tensor.java. Using fallback presentation compiler.
2026.07.28 10:22:47 INFO  no build target found for /Users/onurercen/Desktop/ml4j/tensor/Tensor.java. Using fallback presentation compiler.
2026.07.28 10:22:47 INFO  no build target found for /Users/onurercen/Desktop/ml4j/tensor/Tensor.java. Using fallback presentation compiler.
2026.07.28 10:22:47 INFO  no build target found for /Users/onurercen/Desktop/ml4j/tensor/Tensor.java. Using fallback presentation compiler.
2026.07.28 10:22:48 INFO  no build target found for /Users/onurercen/Desktop/ml4j/tensor/Tensor.java. Using fallback presentation compiler.
2026.07.28 10:22:47 INFO  no build target found for /Users/onurercen/Desktop/ml4j/tensor/Tensor.java. Using fallback presentation compiler.
2026.07.28 10:22:47 INFO  no build target found for /Users/onurercen/Desktop/ml4j/tensor/Tensor.java. Using fallback presentation compiler.
2026.07.28 10:22:48 INFO  no build target found for /Users/onurercen/Desktop/ml4j/tensor/Tensor.java. Using fallback presentation compiler.
2026.07.28 10:22:49 WARN  no build target for: /Users/onurercen/Desktop/ml4j/tensor/Tensor.java
2026.07.28 10:22:49 INFO  no build target found for /Users/onurercen/Desktop/ml4j/tensor/Tensor.java. Using fallback presentation compiler.
2026.07.28 10:22:49 WARN  no build target for: /Users/onurercen/Desktop/ml4j/tensor/Tensor.java
2026.07.28 10:22:49 INFO  no build target found for /Users/onurercen/Desktop/ml4j/tensor/Tensor.java. Using fallback presentation compiler.
2026.07.28 10:22:52 INFO  no build target found for /Users/onurercen/Desktop/ml4j/tensor/Tensor.java. Using fallback presentation compiler.
2026.07.28 10:22:52 INFO  no build target found for /Users/onurercen/Desktop/ml4j/tensor/Tensor.java. Using fallback presentation compiler.
2026.07.28 10:22:52 INFO  no build target found for /Users/onurercen/Desktop/ml4j/tensor/Tensor.java. Using fallback presentation compiler.
2026.07.28 10:22:53 INFO  no build target found for /Users/onurercen/Desktop/ml4j/tensor/Tensor.java. Using fallback presentation compiler.
2026.07.28 10:22:53 INFO  no build target found for /Users/onurercen/Desktop/ml4j/tensor/Tensor.java. Using fallback presentation compiler.
2026.07.28 10:22:53 INFO  no build target found for /Users/onurercen/Desktop/ml4j/tensor/Tensor.java. Using fallback presentation compiler.
2026.07.28 10:22:53 INFO  no build target found for /Users/onurercen/Desktop/ml4j/tensor/Tensor.java. Using fallback presentation compiler.
2026.07.28 10:22:53 INFO  no build target found for /Users/onurercen/Desktop/ml4j/tensor/Tensor.java. Using fallback presentation compiler.
2026.07.28 10:22:53 INFO  no build target found for /Users/onurercen/Desktop/ml4j/tensor/Tensor.java. Using fallback presentation compiler.
2026.07.28 10:22:53 INFO  no build target found for /Users/onurercen/Desktop/ml4j/tensor/Tensor.java. Using fallback presentation compiler.
2026.07.28 10:22:54 INFO  no build target found for /Users/onurercen/Desktop/ml4j/tensor/Tensor.java. Using fallback presentation compiler.
2026.07.28 10:22:53 INFO  no build target found for /Users/onurercen/Desktop/ml4j/tensor/Tensor.java. Using fallback presentation compiler.
2026.07.28 10:22:53 INFO  no build target found for /Users/onurercen/Desktop/ml4j/tensor/Tensor.java. Using fallback presentation compiler.
2026.07.28 10:22:53 INFO  no build target found for /Users/onurercen/Desktop/ml4j/tensor/Tensor.java. Using fallback presentation compiler.
2026.07.28 10:22:54 INFO  no build target found for /Users/onurercen/Desktop/ml4j/tensor/Tensor.java. Using fallback presentation compiler.
2026.07.28 10:22:54 INFO  no build target found for /Users/onurercen/Desktop/ml4j/tensor/Tensor.java. Using fallback presentation compiler.
2026.07.28 10:22:54 INFO  no build target found for /Users/onurercen/Desktop/ml4j/tensor/Tensor.java. Using fallback presentation compiler.
2026.07.28 10:22:54 INFO  no build target found for /Users/onurercen/Desktop/ml4j/tensor/Tensor.java. Using fallback presentation compiler.
2026.07.28 10:22:54 INFO  no build target found for /Users/onurercen/Desktop/ml4j/tensor/Tensor.java. Using fallback presentation compiler.
2026.07.28 10:22:54 INFO  no build target found for /Users/onurercen/Desktop/ml4j/tensor/Tensor.java. Using fallback presentation compiler.
2026.07.28 10:22:54 INFO  no build target found for /Users/onurercen/Desktop/ml4j/tensor/Tensor.java. Using fallback presentation compiler.
2026.07.28 10:22:54 INFO  no build target found for /Users/onurercen/Desktop/ml4j/tensor/Tensor.java. Using fallback presentation compiler.
2026.07.28 10:22:55 INFO  no build target found for /Users/onurercen/Desktop/ml4j/tensor/Tensor.java. Using fallback presentation compiler.
2026.07.28 10:22:56 INFO  no build target found for /Users/onurercen/Desktop/ml4j/tensor/Tensor.java. Using fallback presentation compiler.
2026.07.28 10:22:56 INFO  no build target found for /Users/onurercen/Desktop/ml4j/tensor/Tensor.java. Using fallback presentation compiler.
2026.07.28 10:22:56 INFO  no build target found for /Users/onurercen/Desktop/ml4j/tensor/Tensor.java. Using fallback presentation compiler.
2026.07.28 10:22:55 INFO  no build target found for /Users/onurercen/Desktop/ml4j/tensor/Tensor.java. Using fallback presentation compiler.
2026.07.28 10:22:56 INFO  no build target found for /Users/onurercen/Desktop/ml4j/tensor/Tensor.java. Using fallback presentation compiler.
2026.07.28 10:22:56 INFO  no build target found for /Users/onurercen/Desktop/ml4j/tensor/Tensor.java. Using fallback presentation compiler.
2026.07.28 10:22:57 INFO  no build target found for /Users/onurercen/Desktop/ml4j/tensor/Tensor.java. Using fallback presentation compiler.
2026.07.28 10:22:56 INFO  no build target found for /Users/onurercen/Desktop/ml4j/tensor/Tensor.java. Using fallback presentation compiler.
2026.07.28 10:22:56 INFO  no build target found for /Users/onurercen/Desktop/ml4j/tensor/Tensor.java. Using fallback presentation compiler.
2026.07.28 10:22:57 INFO  no build target found for /Users/onurercen/Desktop/ml4j/tensor/Tensor.java. Using fallback presentation compiler.
2026.07.28 10:22:57 INFO  no build target found for /Users/onurercen/Desktop/ml4j/tensor/Tensor.java. Using fallback presentation compiler.
2026.07.28 10:22:57 INFO  no build target found for /Users/onurercen/Desktop/ml4j/tensor/Tensor.java. Using fallback presentation compiler.
2026.07.28 10:22:58 INFO  no build target found for /Users/onurercen/Desktop/ml4j/tensor/Tensor.java. Using fallback presentation compiler.
2026.07.28 10:22:57 INFO  no build target found for /Users/onurercen/Desktop/ml4j/tensor/Tensor.java. Using fallback presentation compiler.
2026.07.28 10:23:01 INFO  no build target found for /Users/onurercen/Desktop/ml4j/tensor/Tensor.java. Using fallback presentation compiler.
2026.07.28 10:23:01 INFO  no build target found for /Users/onurercen/Desktop/ml4j/tensor/Tensor.java. Using fallback presentation compiler.
2026.07.28 10:23:01 INFO  no build target found for /Users/onurercen/Desktop/ml4j/tensor/Tensor.java. Using fallback presentation compiler.
2026.07.28 10:23:01 INFO  no build target found for /Users/onurercen/Desktop/ml4j/tensor/Tensor.java. Using fallback presentation compiler.
2026.07.28 10:23:01 INFO  no build target found for /Users/onurercen/Desktop/ml4j/tensor/Tensor.java. Using fallback presentation compiler.
2026.07.28 10:23:02 INFO  no build target found for /Users/onurercen/Desktop/ml4j/tensor/Tensor.java. Using fallback presentation compiler.
2026.07.28 10:23:01 INFO  no build target found for /Users/onurercen/Desktop/ml4j/tensor/Tensor.java. Using fallback presentation compiler.
2026.07.28 10:23:01 INFO  no build target found for /Users/onurercen/Desktop/ml4j/tensor/Tensor.java. Using fallback presentation compiler.
2026.07.28 10:23:02 INFO  no build target found for /Users/onurercen/Desktop/ml4j/tensor/Tensor.java. Using fallback presentation compiler.
2026.07.28 10:23:01 INFO  no build target found for /Users/onurercen/Desktop/ml4j/tensor/Tensor.java. Using fallback presentation compiler.
2026.07.28 10:23:02 INFO  no build target found for /Users/onurercen/Desktop/ml4j/tensor/Tensor.java. Using fallback presentation compiler.
2026.07.28 10:23:02 INFO  no build target found for /Users/onurercen/Desktop/ml4j/tensor/Tensor.java. Using fallback presentation compiler.
2026.07.28 10:23:02 INFO  no build target found for /Users/onurercen/Desktop/ml4j/tensor/Tensor.java. Using fallback presentation compiler.
2026.07.28 10:23:02 INFO  no build target found for /Users/onurercen/Desktop/ml4j/tensor/Tensor.java. Using fallback presentation compiler.
2026.07.28 10:23:03 INFO  no build target found for /Users/onurercen/Desktop/ml4j/tensor/Tensor.java. Using fallback presentation compiler.
2026.07.28 10:23:02 INFO  no build target found for /Users/onurercen/Desktop/ml4j/tensor/Tensor.java. Using fallback presentation compiler.
2026.07.28 10:23:03 INFO  no build target found for /Users/onurercen/Desktop/ml4j/tensor/Tensor.java. Using fallback presentation compiler.
2026.07.28 10:23:03 INFO  no build target found for /Users/onurercen/Desktop/ml4j/tensor/Tensor.java. Using fallback presentation compiler.
2026.07.28 10:23:04 INFO  no build target found for /Users/onurercen/Desktop/ml4j/tensor/Tensor.java. Using fallback presentation compiler.
2026.07.28 10:23:03 INFO  no build target found for /Users/onurercen/Desktop/ml4j/tensor/Tensor.java. Using fallback presentation compiler.
2026.07.28 10:23:03 INFO  no build target found for /Users/onurercen/Desktop/ml4j/tensor/Tensor.java. Using fallback presentation compiler.
2026.07.28 10:23:04 INFO  no build target found for /Users/onurercen/Desktop/ml4j/tensor/Tensor.java. Using fallback presentation compiler.
2026.07.28 10:23:03 INFO  no build target found for /Users/onurercen/Desktop/ml4j/tensor/Tensor.java. Using fallback presentation compiler.
2026.07.28 10:23:03 INFO  no build target found for /Users/onurercen/Desktop/ml4j/tensor/Tensor.java. Using fallback presentation compiler.
2026.07.28 10:23:04 INFO  no build target found for /Users/onurercen/Desktop/ml4j/tensor/Tensor.java. Using fallback presentation compiler.
2026.07.28 10:23:05 INFO  no build target found for /Users/onurercen/Desktop/ml4j/tensor/Tensor.java. Using fallback presentation compiler.
2026.07.28 10:23:05 INFO  no build target found for /Users/onurercen/Desktop/ml4j/tensor/Tensor.java. Using fallback presentation compiler.
2026.07.28 10:23:05 INFO  no build target found for /Users/onurercen/Desktop/ml4j/tensor/Tensor.java. Using fallback presentation compiler.
2026.07.28 10:23:05 INFO  no build target found for /Users/onurercen/Desktop/ml4j/tensor/Tensor.java. Using fallback presentation compiler.
2026.07.28 10:23:05 INFO  no build target found for /Users/onurercen/Desktop/ml4j/tensor/Tensor.java. Using fallback presentation compiler.
2026.07.28 10:23:05 WARN  no build target for: /Users/onurercen/Desktop/ml4j/tensor/Tensor.java
2026.07.28 10:23:05 INFO  no build target found for /Users/onurercen/Desktop/ml4j/tensor/Tensor.java. Using fallback presentation compiler.
2026.07.28 10:23:05 WARN  no build target for: /Users/onurercen/Desktop/ml4j/tensor/Tensor.java
2026.07.28 10:23:06 INFO  no build target found for /Users/onurercen/Desktop/ml4j/tensor/Tensor.java. Using fallback presentation compiler.
2026.07.28 10:23:12 INFO  no build target found for /Users/onurercen/Desktop/ml4j/tensor/Tensor.java. Using fallback presentation compiler.
2026.07.28 10:23:13 WARN  no build target for: /Users/onurercen/Desktop/ml4j/tensor/Tensor.java
2026.07.28 10:23:13 INFO  no build target found for /Users/onurercen/Desktop/ml4j/tensor/Tensor.java. Using fallback presentation compiler.
2026.07.28 10:23:15 INFO  no build target found for /Users/onurercen/Desktop/ml4j/tensor/TensorOps.java. Using fallback presentation compiler.
2026.07.28 10:23:15 WARN  no build target for: /Users/onurercen/Desktop/ml4j/tensor/TensorOps.java
2026.07.28 10:23:15 INFO  no build target found for /Users/onurercen/Desktop/ml4j/tensor/TensorOps.java. Using fallback presentation compiler.
2026.07.28 10:23:15 INFO  no build target found for /Users/onurercen/Desktop/ml4j/tensor/Tensor.java. Using fallback presentation compiler.
2026.07.28 10:23:16 WARN  no build target for: /Users/onurercen/Desktop/ml4j/tensor/Tensor.java
2026.07.28 10:23:15 INFO  no build target found for /Users/onurercen/Desktop/ml4j/tensor/Tensor.java. Using fallback presentation compiler.
2026.07.28 10:23:15 INFO  no build target found for /Users/onurercen/Desktop/ml4j/tensor/Tensor.java. Using fallback presentation compiler.
2026.07.28 10:23:16 INFO  no build target found for /Users/onurercen/Desktop/ml4j/tensor/Tensor.java. Using fallback presentation compiler.
2026.07.28 10:25:24 INFO  no build target found for /Users/onurercen/Desktop/ml4j/tensor/Tensor.java. Using fallback presentation compiler.
Tem 28, 2026 10:25:30 ÖÖ org.eclipse.lsp4j.jsonrpc.services.GenericEndpoint notify
INFO: Unsupported notification method: $/setTrace
2026.07.28 10:25:32 WARN  no build target for: /Users/onurercen/Desktop/ml4j/tensor/Tensor.java
2026.07.28 10:25:32 INFO  no build target found for /Users/onurercen/Desktop/ml4j/tensor/Tensor.java. Using fallback presentation compiler.
2026.07.28 10:25:32 INFO  no build target found for /Users/onurercen/Desktop/ml4j/tensor/Tensor.java. Using fallback presentation compiler.
2026.07.28 10:25:33 INFO  no build target found for /Users/onurercen/Desktop/ml4j/tensor/Tensor.java. Using fallback presentation compiler.
2026.07.28 10:25:33 INFO  no build target found for /Users/onurercen/Desktop/ml4j/tensor/Tensor.java. Using fallback presentation compiler.
2026.07.28 10:25:33 INFO  no build target found for /Users/onurercen/Desktop/ml4j/tensor/Tensor.java. Using fallback presentation compiler.
2026.07.28 10:25:34 INFO  no build target found for /Users/onurercen/Desktop/ml4j/tensor/Tensor.java. Using fallback presentation compiler.
2026.07.28 10:25:35 INFO  no build target found for /Users/onurercen/Desktop/ml4j/tensor/Tensor.java. Using fallback presentation compiler.
2026.07.28 10:25:35 INFO  no build target found for /Users/onurercen/Desktop/ml4j/tensor/Tensor.java. Using fallback presentation compiler.
2026.07.28 10:25:35 INFO  no build target found for /Users/onurercen/Desktop/ml4j/tensor/Tensor.java. Using fallback presentation compiler.
2026.07.28 10:25:35 INFO  no build target found for /Users/onurercen/Desktop/ml4j/tensor/Tensor.java. Using fallback presentation compiler.
2026.07.28 10:25:35 INFO  no build target found for /Users/onurercen/Desktop/ml4j/tensor/Tensor.java. Using fallback presentation compiler.
2026.07.28 10:25:35 INFO  no build target found for /Users/onurercen/Desktop/ml4j/tensor/Tensor.java. Using fallback presentation compiler.
2026.07.28 10:25:35 INFO  no build target found for /Users/onurercen/Desktop/ml4j/tensor/Tensor.java. Using fallback presentation compiler.
2026.07.28 10:25:35 INFO  no build target found for /Users/onurercen/Desktop/ml4j/tensor/Tensor.java. Using fallback presentation compiler.
2026.07.28 10:25:35 INFO  no build target found for /Users/onurercen/Desktop/ml4j/tensor/Tensor.java. Using fallback presentation compiler.
2026.07.28 10:25:35 INFO  no build target found for /Users/onurercen/Desktop/ml4j/tensor/Tensor.java. Using fallback presentation compiler.
2026.07.28 10:25:36 INFO  no build target found for /Users/onurercen/Desktop/ml4j/tensor/Tensor.java. Using fallback presentation compiler.
2026.07.28 10:25:36 INFO  no build target found for /Users/onurercen/Desktop/ml4j/tensor/Tensor.java. Using fallback presentation compiler.
2026.07.28 10:25:36 INFO  no build target found for /Users/onurercen/Desktop/ml4j/tensor/Tensor.java. Using fallback presentation compiler.
2026.07.28 10:25:36 INFO  no build target found for /Users/onurercen/Desktop/ml4j/tensor/Tensor.java. Using fallback presentation compiler.
2026.07.28 10:25:37 INFO  no build target found for /Users/onurercen/Desktop/ml4j/tensor/Tensor.java. Using fallback presentation compiler.
2026.07.28 10:25:37 INFO  no build target found for /Users/onurercen/Desktop/ml4j/tensor/Tensor.java. Using fallback presentation compiler.
2026.07.28 10:25:37 INFO  no build target found for /Users/onurercen/Desktop/ml4j/tensor/Tensor.java. Using fallback presentation compiler.
2026.07.28 10:25:37 INFO  no build target found for /Users/onurercen/Desktop/ml4j/tensor/Tensor.java. Using fallback presentation compiler.
2026.07.28 10:25:37 INFO  no build target found for /Users/onurercen/Desktop/ml4j/tensor/Tensor.java. Using fallback presentation compiler.
2026.07.28 10:25:37 INFO  no build target found for /Users/onurercen/Desktop/ml4j/tensor/Tensor.java. Using fallback presentation compiler.
2026.07.28 10:25:37 INFO  no build target found for /Users/onurercen/Desktop/ml4j/tensor/Tensor.java. Using fallback presentation compiler.
2026.07.28 10:25:37 INFO  no build target found for /Users/onurercen/Desktop/ml4j/tensor/Tensor.java. Using fallback presentation compiler.
2026.07.28 10:25:37 INFO  no build target found for /Users/onurercen/Desktop/ml4j/tensor/Tensor.java. Using fallback presentation compiler.
2026.07.28 10:25:38 INFO  no build target found for /Users/onurercen/Desktop/ml4j/tensor/Tensor.java. Using fallback presentation compiler.
2026.07.28 10:25:38 INFO  no build target found for /Users/onurercen/Desktop/ml4j/tensor/Tensor.java. Using fallback presentation compiler.
2026.07.28 10:25:38 INFO  no build target found for /Users/onurercen/Desktop/ml4j/tensor/Tensor.java. Using fallback presentation compiler.
2026.07.28 10:25:38 INFO  no build target found for /Users/onurercen/Desktop/ml4j/tensor/Tensor.java. Using fallback presentation compiler.
2026.07.28 10:25:38 INFO  no build target found for /Users/onurercen/Desktop/ml4j/tensor/Tensor.java. Using fallback presentation compiler.
2026.07.28 10:25:38 INFO  no build target found for /Users/onurercen/Desktop/ml4j/tensor/Tensor.java. Using fallback presentation compiler.
2026.07.28 10:25:38 INFO  no build target found for /Users/onurercen/Desktop/ml4j/tensor/Tensor.java. Using fallback presentation compiler.
2026.07.28 10:25:38 INFO  no build target found for /Users/onurercen/Desktop/ml4j/tensor/Tensor.java. Using fallback presentation compiler.
2026.07.28 10:25:39 INFO  no build target found for /Users/onurercen/Desktop/ml4j/tensor/Tensor.java. Using fallback presentation compiler.
2026.07.28 10:25:39 INFO  no build target found for /Users/onurercen/Desktop/ml4j/tensor/Tensor.java. Using fallback presentation compiler.
2026.07.28 10:25:39 INFO  no build target found for /Users/onurercen/Desktop/ml4j/tensor/Tensor.java. Using fallback presentation compiler.
2026.07.28 10:25:39 INFO  no build target found for /Users/onurercen/Desktop/ml4j/tensor/Tensor.java. Using fallback presentation compiler.
2026.07.28 10:25:41 INFO  no build target found for /Users/onurercen/Desktop/ml4j/tensor/Tensor.java. Using fallback presentation compiler.
2026.07.28 10:25:41 INFO  no build target found for /Users/onurercen/Desktop/ml4j/tensor/Tensor.java. Using fallback presentation compiler.
2026.07.28 10:25:41 INFO  no build target found for /Users/onurercen/Desktop/ml4j/tensor/Tensor.java. Using fallback presentation compiler.
2026.07.28 10:25:41 INFO  no build target found for /Users/onurercen/Desktop/ml4j/tensor/Tensor.java. Using fallback presentation compiler.
2026.07.28 10:25:42 INFO  no build target found for /Users/onurercen/Desktop/ml4j/tensor/Tensor.java. Using fallback presentation compiler.
2026.07.28 10:25:42 INFO  no build target found for /Users/onurercen/Desktop/ml4j/tensor/Tensor.java. Using fallback presentation compiler.
2026.07.28 10:25:42 INFO  no build target found for /Users/onurercen/Desktop/ml4j/tensor/Tensor.java. Using fallback presentation compiler.
2026.07.28 10:25:42 INFO  no build target found for /Users/onurercen/Desktop/ml4j/tensor/Tensor.java. Using fallback presentation compiler.
2026.07.28 10:25:42 INFO  no build target found for /Users/onurercen/Desktop/ml4j/tensor/Tensor.java. Using fallback presentation compiler.
2026.07.28 10:25:42 INFO  no build target found for /Users/onurercen/Desktop/ml4j/tensor/Tensor.java. Using fallback presentation compiler.
2026.07.28 10:25:43 INFO  no build target found for /Users/onurercen/Desktop/ml4j/tensor/Tensor.java. Using fallback presentation compiler.
2026.07.28 10:25:42 INFO  no build target found for /Users/onurercen/Desktop/ml4j/tensor/Tensor.java. Using fallback presentation compiler.
2026.07.28 10:25:42 INFO  no build target found for /Users/onurercen/Desktop/ml4j/tensor/Tensor.java. Using fallback presentation compiler.
2026.07.28 10:25:43 INFO  no build target found for /Users/onurercen/Desktop/ml4j/tensor/Tensor.java. Using fallback presentation compiler.
2026.07.28 10:25:43 INFO  no build target found for /Users/onurercen/Desktop/ml4j/tensor/Tensor.java. Using fallback presentation compiler.
2026.07.28 10:25:43 INFO  no build target found for /Users/onurercen/Desktop/ml4j/tensor/Tensor.java. Using fallback presentation compiler.
2026.07.28 10:25:43 INFO  no build target found for /Users/onurercen/Desktop/ml4j/tensor/Tensor.java. Using fallback presentation compiler.
2026.07.28 10:25:43 INFO  no build target found for /Users/onurercen/Desktop/ml4j/tensor/Tensor.java. Using fallback presentation compiler.
2026.07.28 10:25:43 INFO  no build target found for /Users/onurercen/Desktop/ml4j/tensor/Tensor.java. Using fallback presentation compiler.
2026.07.28 10:25:44 INFO  no build target found for /Users/onurercen/Desktop/ml4j/tensor/Tensor.java. Using fallback presentation compiler.
2026.07.28 10:25:44 INFO  no build target found for /Users/onurercen/Desktop/ml4j/tensor/Tensor.java. Using fallback presentation compiler.
2026.07.28 10:25:44 INFO  no build target found for /Users/onurercen/Desktop/ml4j/tensor/Tensor.java. Using fallback presentation compiler.
2026.07.28 10:25:44 INFO  no build target found for /Users/onurercen/Desktop/ml4j/tensor/Tensor.java. Using fallback presentation compiler.
2026.07.28 10:25:44 INFO  no build target found for /Users/onurercen/Desktop/ml4j/tensor/Tensor.java. Using fallback presentation compiler.
2026.07.28 10:25:44 INFO  no build target found for /Users/onurercen/Desktop/ml4j/tensor/Tensor.java. Using fallback presentation compiler.
2026.07.28 10:25:44 INFO  no build target found for /Users/onurercen/Desktop/ml4j/tensor/Tensor.java. Using fallback presentation compiler.
2026.07.28 10:25:44 INFO  no build target found for /Users/onurercen/Desktop/ml4j/tensor/Tensor.java. Using fallback presentation compiler.
2026.07.28 10:25:45 INFO  no build target found for /Users/onurercen/Desktop/ml4j/tensor/Tensor.java. Using fallback presentation compiler.
2026.07.28 10:25:45 INFO  no build target found for /Users/onurercen/Desktop/ml4j/tensor/Tensor.java. Using fallback presentation compiler.
2026.07.28 10:26:01 INFO  no build target found for /Users/onurercen/Desktop/ml4j/tensor/Tensor.java. Using fallback presentation compiler.
2026.07.28 10:26:01 INFO  no build target found for /Users/onurercen/Desktop/ml4j/tensor/Tensor.java. Using fallback presentation compiler.
2026.07.28 10:26:02 INFO  no build target found for /Users/onurercen/Desktop/ml4j/tensor/Tensor.java. Using fallback presentation compiler.
2026.07.28 10:26:02 INFO  no build target found for /Users/onurercen/Desktop/ml4j/tensor/Tensor.java. Using fallback presentation compiler.
2026.07.28 10:26:02 INFO  no build target found for /Users/onurercen/Desktop/ml4j/tensor/Tensor.java. Using fallback presentation compiler.
2026.07.28 10:26:02 INFO  no build target found for /Users/onurercen/Desktop/ml4j/tensor/Tensor.java. Using fallback presentation compiler.
2026.07.28 10:26:02 INFO  no build target found for /Users/onurercen/Desktop/ml4j/tensor/Tensor.java. Using fallback presentation compiler.
2026.07.28 10:26:02 INFO  no build target found for /Users/onurercen/Desktop/ml4j/tensor/Tensor.java. Using fallback presentation compiler.
2026.07.28 10:26:03 INFO  no build target found for /Users/onurercen/Desktop/ml4j/tensor/Tensor.java. Using fallback presentation compiler.
2026.07.28 10:26:02 INFO  no build target found for /Users/onurercen/Desktop/ml4j/tensor/Tensor.java. Using fallback presentation compiler.
2026.07.28 10:26:02 INFO  no build target found for /Users/onurercen/Desktop/ml4j/tensor/Tensor.java. Using fallback presentation compiler.
2026.07.28 10:26:02 INFO  no build target found for /Users/onurercen/Desktop/ml4j/tensor/Tensor.java. Using fallback presentation compiler.
2026.07.28 10:26:02 INFO  no build target found for /Users/onurercen/Desktop/ml4j/tensor/Tensor.java. Using fallback presentation compiler.
2026.07.28 10:26:03 INFO  no build target found for /Users/onurercen/Desktop/ml4j/tensor/Tensor.java. Using fallback presentation compiler.
2026.07.28 10:26:02 INFO  no build target found for /Users/onurercen/Desktop/ml4j/tensor/Tensor.java. Using fallback presentation compiler.
2026.07.28 10:26:03 INFO  no build target found for /Users/onurercen/Desktop/ml4j/tensor/Tensor.java. Using fallback presentation compiler.
2026.07.28 10:26:03 INFO  no build target found for /Users/onurercen/Desktop/ml4j/tensor/Tensor.java. Using fallback presentation compiler.
2026.07.28 10:26:03 INFO  no build target found for /Users/onurercen/Desktop/ml4j/tensor/Tensor.java. Using fallback presentation compiler.
2026.07.28 10:26:03 INFO  no build target found for /Users/onurercen/Desktop/ml4j/tensor/Tensor.java. Using fallback presentation compiler.
2026.07.28 10:26:03 INFO  no build target found for /Users/onurercen/Desktop/ml4j/tensor/Tensor.java. Using fallback presentation compiler.
2026.07.28 10:26:03 INFO  no build target found for /Users/onurercen/Desktop/ml4j/tensor/Tensor.java. Using fallback presentation compiler.
2026.07.28 10:26:03 INFO  no build target found for /Users/onurercen/Desktop/ml4j/tensor/Tensor.java. Using fallback presentation compiler.
2026.07.28 10:26:03 INFO  no build target found for /Users/onurercen/Desktop/ml4j/tensor/Tensor.java. Using fallback presentation compiler.
2026.07.28 10:26:04 INFO  no build target found for /Users/onurercen/Desktop/ml4j/tensor/Tensor.java. Using fallback presentation compiler.
2026.07.28 10:26:03 INFO  no build target found for /Users/onurercen/Desktop/ml4j/tensor/Tensor.java. Using fallback presentation compiler.
2026.07.28 10:26:03 INFO  no build target found for /Users/onurercen/Desktop/ml4j/tensor/Tensor.java. Using fallback presentation compiler.
2026.07.28 10:26:03 INFO  no build target found for /Users/onurercen/Desktop/ml4j/tensor/Tensor.java. Using fallback presentation compiler.
2026.07.28 10:26:03 INFO  no build target found for /Users/onurercen/Desktop/ml4j/tensor/Tensor.java. Using fallback presentation compiler.
2026.07.28 10:26:04 INFO  no build target found for /Users/onurercen/Desktop/ml4j/tensor/Tensor.java. Using fallback presentation compiler.
2026.07.28 10:26:03 INFO  no build target found for /Users/onurercen/Desktop/ml4j/tensor/Tensor.java. Using fallback presentation compiler.
2026.07.28 10:26:03 INFO  no build target found for /Users/onurercen/Desktop/ml4j/tensor/Tensor.java. Using fallback presentation compiler.
2026.07.28 10:26:04 INFO  no build target found for /Users/onurercen/Desktop/ml4j/tensor/Tensor.java. Using fallback presentation compiler.
2026.07.28 10:26:04 INFO  no build target found for /Users/onurercen/Desktop/ml4j/tensor/Tensor.java. Using fallback presentation compiler.
2026.07.28 10:26:04 INFO  no build target found for /Users/onurercen/Desktop/ml4j/tensor/Tensor.java. Using fallback presentation compiler.
2026.07.28 10:26:04 INFO  no build target found for /Users/onurercen/Desktop/ml4j/tensor/Tensor.java. Using fallback presentation compiler.
2026.07.28 10:26:04 INFO  no build target found for /Users/onurercen/Desktop/ml4j/tensor/Tensor.java. Using fallback presentation compiler.
2026.07.28 10:26:04 INFO  no build target found for /Users/onurercen/Desktop/ml4j/tensor/Tensor.java. Using fallback presentation compiler.
2026.07.28 10:26:04 INFO  no build target found for /Users/onurercen/Desktop/ml4j/tensor/Tensor.java. Using fallback presentation compiler.
2026.07.28 10:26:05 INFO  no build target found for /Users/onurercen/Desktop/ml4j/tensor/Tensor.java. Using fallback presentation compiler.
2026.07.28 10:26:04 INFO  no build target found for /Users/onurercen/Desktop/ml4j/tensor/Tensor.java. Using fallback presentation compiler.
2026.07.28 10:26:04 INFO  no build target found for /Users/onurercen/Desktop/ml4j/tensor/Tensor.java. Using fallback presentation compiler.
2026.07.28 10:26:04 INFO  no build target found for /Users/onurercen/Desktop/ml4j/tensor/Tensor.java. Using fallback presentation compiler.
2026.07.28 10:26:04 INFO  no build target found for /Users/onurercen/Desktop/ml4j/tensor/Tensor.java. Using fallback presentation compiler.
2026.07.28 10:26:05 INFO  no build target found for /Users/onurercen/Desktop/ml4j/tensor/Tensor.java. Using fallback presentation compiler.
2026.07.28 10:26:07 INFO  no build target found for /Users/onurercen/Desktop/ml4j/tensor/Tensor.java. Using fallback presentation compiler.
2026.07.28 10:26:07 INFO  no build target found for /Users/onurercen/Desktop/ml4j/tensor/Tensor.java. Using fallback presentation compiler.
2026.07.28 10:26:08 INFO  no build target found for /Users/onurercen/Desktop/ml4j/tensor/Tensor.java. Using fallback presentation compiler.
2026.07.28 10:26:09 INFO  no build target found for /Users/onurercen/Desktop/ml4j/tensor/Tensor.java. Using fallback presentation compiler.
2026.07.28 10:26:09 INFO  no build target found for /Users/onurercen/Desktop/ml4j/tensor/Tensor.java. Using fallback presentation compiler.
2026.07.28 10:26:09 INFO  no build target found for /Users/onurercen/Desktop/ml4j/tensor/Tensor.java. Using fallback presentation compiler.
2026.07.28 10:26:09 INFO  no build target found for /Users/onurercen/Desktop/ml4j/tensor/Tensor.java. Using fallback presentation compiler.
2026.07.28 10:26:09 INFO  no build target found for /Users/onurercen/Desktop/ml4j/tensor/Tensor.java. Using fallback presentation compiler.
2026.07.28 10:26:09 INFO  no build target found for /Users/onurercen/Desktop/ml4j/tensor/Tensor.java. Using fallback presentation compiler.
2026.07.28 10:26:10 INFO  no build target found for /Users/onurercen/Desktop/ml4j/tensor/Tensor.java. Using fallback presentation compiler.
2026.07.28 10:26:11 INFO  no build target found for /Users/onurercen/Desktop/ml4j/tensor/Tensor.java. Using fallback presentation compiler.
2026.07.28 10:26:11 INFO  no build target found for /Users/onurercen/Desktop/ml4j/tensor/Tensor.java. Using fallback presentation compiler.
2026.07.28 10:26:11 INFO  no build target found for /Users/onurercen/Desktop/ml4j/tensor/Tensor.java. Using fallback presentation compiler.
2026.07.28 10:26:11 INFO  no build target found for /Users/onurercen/Desktop/ml4j/tensor/Tensor.java. Using fallback presentation compiler.
2026.07.28 10:26:12 INFO  no build target found for /Users/onurercen/Desktop/ml4j/tensor/Tensor.java. Using fallback presentation compiler.
2026.07.28 10:26:12 INFO  no build target found for /Users/onurercen/Desktop/ml4j/tensor/Tensor.java. Using fallback presentation compiler.
2026.07.28 10:26:12 INFO  no build target found for /Users/onurercen/Desktop/ml4j/tensor/Tensor.java. Using fallback presentation compiler.
2026.07.28 10:26:12 INFO  no build target found for /Users/onurercen/Desktop/ml4j/tensor/Tensor.java. Using fallback presentation compiler.
2026.07.28 10:26:12 INFO  no build target found for /Users/onurercen/Desktop/ml4j/tensor/Tensor.java. Using fallback presentation compiler.
2026.07.28 10:26:13 INFO  no build target found for /Users/onurercen/Desktop/ml4j/tensor/Tensor.java. Using fallback presentation compiler.
2026.07.28 10:26:14 INFO  no build target found for /Users/onurercen/Desktop/ml4j/tensor/Tensor.java. Using fallback presentation compiler.
2026.07.28 10:26:14 INFO  no build target found for /Users/onurercen/Desktop/ml4j/tensor/Tensor.java. Using fallback presentation compiler.
2026.07.28 10:26:14 INFO  no build target found for /Users/onurercen/Desktop/ml4j/tensor/Tensor.java. Using fallback presentation compiler.
2026.07.28 10:26:16 INFO  no build target found for /Users/onurercen/Desktop/ml4j/tensor/Tensor.java. Using fallback presentation compiler.
2026.07.28 10:26:16 INFO  no build target found for /Users/onurercen/Desktop/ml4j/tensor/Tensor.java. Using fallback presentation compiler.
2026.07.28 10:26:16 INFO  no build target found for /Users/onurercen/Desktop/ml4j/tensor/Tensor.java. Using fallback presentation compiler.
2026.07.28 10:26:17 INFO  no build target found for /Users/onurercen/Desktop/ml4j/tensor/Tensor.java. Using fallback presentation compiler.
2026.07.28 10:26:17 INFO  no build target found for /Users/onurercen/Desktop/ml4j/tensor/Tensor.java. Using fallback presentation compiler.
2026.07.28 10:26:17 INFO  no build target found for /Users/onurercen/Desktop/ml4j/tensor/Tensor.java. Using fallback presentation compiler.
2026.07.28 10:26:17 INFO  no build target found for /Users/onurercen/Desktop/ml4j/tensor/Tensor.java. Using fallback presentation compiler.
2026.07.28 10:26:17 INFO  no build target found for /Users/onurercen/Desktop/ml4j/tensor/Tensor.java. Using fallback presentation compiler.
2026.07.28 10:26:17 INFO  no build target found for /Users/onurercen/Desktop/ml4j/tensor/Tensor.java. Using fallback presentation compiler.
2026.07.28 10:26:18 INFO  no build target found for /Users/onurercen/Desktop/ml4j/tensor/Tensor.java. Using fallback presentation compiler.
2026.07.28 10:26:19 INFO  no build target found for /Users/onurercen/Desktop/ml4j/tensor/Tensor.java. Using fallback presentation compiler.
2026.07.28 10:26:19 INFO  no build target found for /Users/onurercen/Desktop/ml4j/tensor/Tensor.java. Using fallback presentation compiler.
2026.07.28 10:26:20 INFO  no build target found for /Users/onurercen/Desktop/ml4j/tensor/Tensor.java. Using fallback presentation compiler.
2026.07.28 10:26:20 INFO  no build target found for /Users/onurercen/Desktop/ml4j/tensor/Tensor.java. Using fallback presentation compiler.
2026.07.28 10:26:20 INFO  no build target found for /Users/onurercen/Desktop/ml4j/tensor/Tensor.java. Using fallback presentation compiler.
2026.07.28 10:26:21 WARN  no build target for: /Users/onurercen/Desktop/ml4j/tensor/Tensor.java
2026.07.28 10:26:21 INFO  no build target found for /Users/onurercen/Desktop/ml4j/tensor/Tensor.java. Using fallback presentation compiler.
2026.07.28 10:26:23 INFO  no build target found for /Users/onurercen/Desktop/ml4j/tensor/Tensor.java. Using fallback presentation compiler.
2026.07.28 10:26:26 INFO  no build target found for /Users/onurercen/Desktop/ml4j/tensor/Tensor.java. Using fallback presentation compiler.
2026.07.28 10:26:26 INFO  no build target found for /Users/onurercen/Desktop/ml4j/tensor/Tensor.java. Using fallback presentation compiler.
2026.07.28 10:26:26 INFO  no build target found for /Users/onurercen/Desktop/ml4j/tensor/Tensor.java. Using fallback presentation compiler.
2026.07.28 10:26:27 INFO  no build target found for /Users/onurercen/Desktop/ml4j/tensor/Tensor.java. Using fallback presentation compiler.
2026.07.28 10:26:27 INFO  no build target found for /Users/onurercen/Desktop/ml4j/tensor/Tensor.java. Using fallback presentation compiler.
2026.07.28 10:26:28 INFO  no build target found for /Users/onurercen/Desktop/ml4j/tensor/Tensor.java. Using fallback presentation compiler.
2026.07.28 10:26:29 WARN  no build target for: /Users/onurercen/Desktop/ml4j/tensor/Tensor.java
2026.07.28 10:26:28 INFO  no build target found for /Users/onurercen/Desktop/ml4j/tensor/Tensor.java. Using fallback presentation compiler.
2026.07.28 10:26:33 WARN  no build target for: /Users/onurercen/Desktop/ml4j/tensor/Tensor.java
2026.07.28 10:26:33 INFO  no build target found for /Users/onurercen/Desktop/ml4j/tensor/Tensor.java. Using fallback presentation compiler.
2026.07.28 10:26:39 WARN  no build target for: /Users/onurercen/Desktop/ml4j/tensor/Tensor.java
2026.07.28 10:26:39 INFO  no build target found for /Users/onurercen/Desktop/ml4j/tensor/Tensor.java. Using fallback presentation compiler.
2026.07.28 10:26:47 INFO  no build target found for /Users/onurercen/Desktop/ml4j/tensor/Tensor.java. Using fallback presentation compiler.
2026.07.28 10:27:41 INFO  no build target found for /Users/onurercen/Desktop/ml4j/tensor/Tensor.java. Using fallback presentation compiler.
2026.07.28 10:27:57 INFO  no build target found for /Users/onurercen/Desktop/ml4j/tensor/Tensor.java. Using fallback presentation compiler.
2026.07.28 10:27:59 INFO  no build target found for /Users/onurercen/Desktop/ml4j/tensor/Tensor.java. Using fallback presentation compiler.
2026.07.28 10:27:59 INFO  no build target found for /Users/onurercen/Desktop/ml4j/tensor/Tensor.java. Using fallback presentation compiler.
2026.07.28 10:27:59 INFO  no build target found for /Users/onurercen/Desktop/ml4j/tensor/Tensor.java. Using fallback presentation compiler.
2026.07.28 10:28:00 INFO  no build target found for /Users/onurercen/Desktop/ml4j/tensor/Tensor.java. Using fallback presentation compiler.
2026.07.28 10:28:02 INFO  no build target found for /Users/onurercen/Desktop/ml4j/tensor/Tensor.java. Using fallback presentation compiler.
2026.07.28 10:28:02 INFO  no build target found for /Users/onurercen/Desktop/ml4j/tensor/Tensor.java. Using fallback presentation compiler.
2026.07.28 10:28:02 INFO  no build target found for /Users/onurercen/Desktop/ml4j/tensor/Tensor.java. Using fallback presentation compiler.
2026.07.28 10:28:02 INFO  no build target found for /Users/onurercen/Desktop/ml4j/tensor/Tensor.java. Using fallback presentation compiler.
2026.07.28 10:28:02 INFO  no build target found for /Users/onurercen/Desktop/ml4j/tensor/Tensor.java. Using fallback presentation compiler.
2026.07.28 10:28:02 INFO  no build target found for /Users/onurercen/Desktop/ml4j/tensor/Tensor.java. Using fallback presentation compiler.
2026.07.28 10:28:02 INFO  no build target found for /Users/onurercen/Desktop/ml4j/tensor/Tensor.java. Using fallback presentation compiler.
2026.07.28 10:28:02 INFO  no build target found for /Users/onurercen/Desktop/ml4j/tensor/Tensor.java. Using fallback presentation compiler.
2026.07.28 10:28:02 INFO  no build target found for /Users/onurercen/Desktop/ml4j/tensor/Tensor.java. Using fallback presentation compiler.
2026.07.28 10:28:02 INFO  no build target found for /Users/onurercen/Desktop/ml4j/tensor/Tensor.java. Using fallback presentation compiler.
2026.07.28 10:28:03 INFO  no build target found for /Users/onurercen/Desktop/ml4j/tensor/Tensor.java. Using fallback presentation compiler.
2026.07.28 10:28:03 INFO  no build target found for /Users/onurercen/Desktop/ml4j/tensor/Tensor.java. Using fallback presentation compiler.
2026.07.28 10:28:05 INFO  no build target found for /Users/onurercen/Desktop/ml4j/tensor/Tensor.java. Using fallback presentation compiler.
2026.07.28 10:28:05 INFO  no build target found for /Users/onurercen/Desktop/ml4j/tensor/Tensor.java. Using fallback presentation compiler.
2026.07.28 10:28:05 INFO  no build target found for /Users/onurercen/Desktop/ml4j/tensor/Tensor.java. Using fallback presentation compiler.
2026.07.28 10:28:05 INFO  no build target found for /Users/onurercen/Desktop/ml4j/tensor/Tensor.java. Using fallback presentation compiler.
2026.07.28 10:28:05 INFO  no build target found for /Users/onurercen/Desktop/ml4j/tensor/Tensor.java. Using fallback presentation compiler.
2026.07.28 10:28:06 INFO  no build target found for /Users/onurercen/Desktop/ml4j/tensor/Tensor.java. Using fallback presentation compiler.
2026.07.28 10:28:05 INFO  no build target found for /Users/onurercen/Desktop/ml4j/tensor/Tensor.java. Using fallback presentation compiler.
2026.07.28 10:28:05 INFO  no build target found for /Users/onurercen/Desktop/ml4j/tensor/Tensor.java. Using fallback presentation compiler.
2026.07.28 10:28:06 INFO  no build target found for /Users/onurercen/Desktop/ml4j/tensor/Tensor.java. Using fallback presentation compiler.
2026.07.28 10:28:06 INFO  no build target found for /Users/onurercen/Desktop/ml4j/tensor/Tensor.java. Using fallback presentation compiler.
2026.07.28 10:28:06 INFO  no build target found for /Users/onurercen/Desktop/ml4j/tensor/Tensor.java. Using fallback presentation compiler.
2026.07.28 10:28:06 INFO  no build target found for /Users/onurercen/Desktop/ml4j/tensor/Tensor.java. Using fallback presentation compiler.
2026.07.28 10:28:08 INFO  no build target found for /Users/onurercen/Desktop/ml4j/tensor/Tensor.java. Using fallback presentation compiler.
2026.07.28 10:28:08 INFO  no build target found for /Users/onurercen/Desktop/ml4j/tensor/Tensor.java. Using fallback presentation compiler.
2026.07.28 10:28:08 INFO  no build target found for /Users/onurercen/Desktop/ml4j/tensor/Tensor.java. Using fallback presentation compiler.
2026.07.28 10:28:09 INFO  no build target found for /Users/onurercen/Desktop/ml4j/tensor/Tensor.java. Using fallback presentation compiler.
2026.07.28 10:28:09 INFO  no build target found for /Users/onurercen/Desktop/ml4j/tensor/Tensor.java. Using fallback presentation compiler.
2026.07.28 10:28:09 INFO  no build target found for /Users/onurercen/Desktop/ml4j/tensor/Tensor.java. Using fallback presentation compiler.
2026.07.28 10:28:09 INFO  no build target found for /Users/onurercen/Desktop/ml4j/tensor/Tensor.java. Using fallback presentation compiler.
2026.07.28 10:28:09 INFO  no build target found for /Users/onurercen/Desktop/ml4j/tensor/Tensor.java. Using fallback presentation compiler.
2026.07.28 10:28:09 INFO  no build target found for /Users/onurercen/Desktop/ml4j/tensor/Tensor.java. Using fallback presentation compiler.
2026.07.28 10:28:09 INFO  no build target found for /Users/onurercen/Desktop/ml4j/tensor/Tensor.java. Using fallback presentation compiler.
2026.07.28 10:28:09 INFO  no build target found for /Users/onurercen/Desktop/ml4j/tensor/Tensor.java. Using fallback presentation compiler.
2026.07.28 10:28:09 INFO  no build target found for /Users/onurercen/Desktop/ml4j/tensor/Tensor.java. Using fallback presentation compiler.
2026.07.28 10:28:10 INFO  no build target found for /Users/onurercen/Desktop/ml4j/tensor/Tensor.java. Using fallback presentation compiler.
2026.07.28 10:28:09 INFO  no build target found for /Users/onurercen/Desktop/ml4j/tensor/Tensor.java. Using fallback presentation compiler.
2026.07.28 10:28:10 INFO  no build target found for /Users/onurercen/Desktop/ml4j/tensor/Tensor.java. Using fallback presentation compiler.
2026.07.28 10:28:09 INFO  no build target found for /Users/onurercen/Desktop/ml4j/tensor/Tensor.java. Using fallback presentation compiler.
2026.07.28 10:28:10 INFO  no build target found for /Users/onurercen/Desktop/ml4j/tensor/Tensor.java. Using fallback presentation compiler.
2026.07.28 10:28:10 INFO  no build target found for /Users/onurercen/Desktop/ml4j/tensor/Tensor.java. Using fallback presentation compiler.
2026.07.28 10:28:10 INFO  no build target found for /Users/onurercen/Desktop/ml4j/tensor/Tensor.java. Using fallback presentation compiler.
2026.07.28 10:28:11 INFO  no build target found for /Users/onurercen/Desktop/ml4j/tensor/Tensor.java. Using fallback presentation compiler.
2026.07.28 10:28:12 INFO  no build target found for /Users/onurercen/Desktop/ml4j/tensor/Tensor.java. Using fallback presentation compiler.
2026.07.28 10:28:14 INFO  no build target found for /Users/onurercen/Desktop/ml4j/tensor/Tensor.java. Using fallback presentation compiler.
2026.07.28 10:28:14 INFO  no build target found for /Users/onurercen/Desktop/ml4j/tensor/Tensor.java. Using fallback presentation compiler.
2026.07.28 10:28:14 INFO  no build target found for /Users/onurercen/Desktop/ml4j/tensor/Tensor.java. Using fallback presentation compiler.
2026.07.28 10:28:14 INFO  no build target found for /Users/onurercen/Desktop/ml4j/tensor/Tensor.java. Using fallback presentation compiler.
2026.07.28 10:28:16 INFO  no build target found for /Users/onurercen/Desktop/ml4j/tensor/Tensor.java. Using fallback presentation compiler.
2026.07.28 10:28:16 INFO  no build target found for /Users/onurercen/Desktop/ml4j/tensor/Tensor.java. Using fallback presentation compiler.
2026.07.28 10:28:18 INFO  no build target found for /Users/onurercen/Desktop/ml4j/tensor/Tensor.java. Using fallback presentation compiler.
2026.07.28 10:28:18 INFO  no build target found for /Users/onurercen/Desktop/ml4j/tensor/Tensor.java. Using fallback presentation compiler.
2026.07.28 10:28:18 INFO  no build target found for /Users/onurercen/Desktop/ml4j/tensor/Tensor.java. Using fallback presentation compiler.
2026.07.28 10:28:18 INFO  no build target found for /Users/onurercen/Desktop/ml4j/tensor/Tensor.java. Using fallback presentation compiler.
2026.07.28 10:28:20 INFO  no build target found for /Users/onurercen/Desktop/ml4j/tensor/Tensor.java. Using fallback presentation compiler.
2026.07.28 10:28:20 INFO  no build target found for /Users/onurercen/Desktop/ml4j/tensor/Tensor.java. Using fallback presentation compiler.
2026.07.28 10:28:20 INFO  no build target found for /Users/onurercen/Desktop/ml4j/tensor/Tensor.java. Using fallback presentation compiler.
2026.07.28 10:28:20 INFO  no build target found for /Users/onurercen/Desktop/ml4j/tensor/Tensor.java. Using fallback presentation compiler.
2026.07.28 10:28:23 INFO  no build target found for /Users/onurercen/Desktop/ml4j/tensor/Tensor.java. Using fallback presentation compiler.
2026.07.28 10:28:23 INFO  no build target found for /Users/onurercen/Desktop/ml4j/tensor/Tensor.java. Using fallback presentation compiler.
2026.07.28 10:28:25 INFO  no build target found for /Users/onurercen/Desktop/ml4j/tensor/Tensor.java. Using fallback presentation compiler.
2026.07.28 10:28:28 INFO  no build target found for /Users/onurercen/Desktop/ml4j/tensor/Tensor.java. Using fallback presentation compiler.
2026.07.28 10:28:28 INFO  no build target found for /Users/onurercen/Desktop/ml4j/tensor/Tensor.java. Using fallback presentation compiler.
2026.07.28 10:28:29 INFO  no build target found for /Users/onurercen/Desktop/ml4j/tensor/Tensor.java. Using fallback presentation compiler.
2026.07.28 10:28:28 INFO  no build target found for /Users/onurercen/Desktop/ml4j/tensor/Tensor.java. Using fallback presentation compiler.
2026.07.28 10:28:28 INFO  no build target found for /Users/onurercen/Desktop/ml4j/tensor/Tensor.java. Using fallback presentation compiler.
2026.07.28 10:28:29 INFO  no build target found for /Users/onurercen/Desktop/ml4j/tensor/Tensor.java. Using fallback presentation compiler.
2026.07.28 10:28:29 INFO  no build target found for /Users/onurercen/Desktop/ml4j/tensor/Tensor.java. Using fallback presentation compiler.
2026.07.28 10:28:29 INFO  no build target found for /Users/onurercen/Desktop/ml4j/tensor/Tensor.java. Using fallback presentation compiler.
2026.07.28 10:28:29 INFO  no build target found for /Users/onurercen/Desktop/ml4j/tensor/Tensor.java. Using fallback presentation compiler.
2026.07.28 10:28:30 INFO  no build target found for /Users/onurercen/Desktop/ml4j/tensor/Tensor.java. Using fallback presentation compiler.
2026.07.28 10:28:29 INFO  no build target found for /Users/onurercen/Desktop/ml4j/tensor/Tensor.java. Using fallback presentation compiler.
2026.07.28 10:28:29 INFO  no build target found for /Users/onurercen/Desktop/ml4j/tensor/Tensor.java. Using fallback presentation compiler.
2026.07.28 10:28:30 INFO  no build target found for /Users/onurercen/Desktop/ml4j/tensor/Tensor.java. Using fallback presentation compiler.
2026.07.28 10:28:29 INFO  no build target found for /Users/onurercen/Desktop/ml4j/tensor/Tensor.java. Using fallback presentation compiler.
2026.07.28 10:28:30 INFO  no build target found for /Users/onurercen/Desktop/ml4j/tensor/Tensor.java. Using fallback presentation compiler.
2026.07.28 10:28:33 INFO  no build target found for /Users/onurercen/Desktop/ml4j/tensor/Tensor.java. Using fallback presentation compiler.
2026.07.28 10:28:33 INFO  no build target found for /Users/onurercen/Desktop/ml4j/tensor/Tensor.java. Using fallback presentation compiler.
2026.07.28 10:28:33 INFO  no build target found for /Users/onurercen/Desktop/ml4j/tensor/Tensor.java. Using fallback presentation compiler.
2026.07.28 10:28:34 INFO  no build target found for /Users/onurercen/Desktop/ml4j/tensor/Tensor.java. Using fallback presentation compiler.
2026.07.28 10:28:34 INFO  no build target found for /Users/onurercen/Desktop/ml4j/tensor/Tensor.java. Using fallback presentation compiler.
2026.07.28 10:28:34 INFO  no build target found for /Users/onurercen/Desktop/ml4j/tensor/Tensor.java. Using fallback presentation compiler.
2026.07.28 10:28:34 INFO  no build target found for /Users/onurercen/Desktop/ml4j/tensor/Tensor.java. Using fallback presentation compiler.
2026.07.28 10:28:35 INFO  no build target found for /Users/onurercen/Desktop/ml4j/tensor/Tensor.java. Using fallback presentation compiler.
2026.07.28 10:28:36 INFO  no build target found for /Users/onurercen/Desktop/ml4j/tensor/Tensor.java. Using fallback presentation compiler.
2026.07.28 10:28:36 INFO  no build target found for /Users/onurercen/Desktop/ml4j/tensor/Tensor.java. Using fallback presentation compiler.
2026.07.28 10:28:37 INFO  no build target found for /Users/onurercen/Desktop/ml4j/tensor/Tensor.java. Using fallback presentation compiler.
2026.07.28 10:28:37 INFO  no build target found for /Users/onurercen/Desktop/ml4j/tensor/Tensor.java. Using fallback presentation compiler.
2026.07.28 10:28:39 INFO  no build target found for /Users/onurercen/Desktop/ml4j/tensor/Tensor.java. Using fallback presentation compiler.
2026.07.28 10:28:39 INFO  no build target found for /Users/onurercen/Desktop/ml4j/tensor/Tensor.java. Using fallback presentation compiler.
2026.07.28 10:28:39 INFO  no build target found for /Users/onurercen/Desktop/ml4j/tensor/Tensor.java. Using fallback presentation compiler.
2026.07.28 10:28:39 INFO  no build target found for /Users/onurercen/Desktop/ml4j/tensor/Tensor.java. Using fallback presentation compiler.
2026.07.28 10:28:39 INFO  no build target found for /Users/onurercen/Desktop/ml4j/tensor/Tensor.java. Using fallback presentation compiler.
2026.07.28 10:28:39 INFO  no build target found for /Users/onurercen/Desktop/ml4j/tensor/Tensor.java. Using fallback presentation compiler.
2026.07.28 10:28:40 INFO  no build target found for /Users/onurercen/Desktop/ml4j/tensor/Tensor.java. Using fallback presentation compiler.
2026.07.28 10:28:39 INFO  no build target found for /Users/onurercen/Desktop/ml4j/tensor/Tensor.java. Using fallback presentation compiler.
2026.07.28 10:28:40 INFO  no build target found for /Users/onurercen/Desktop/ml4j/tensor/Tensor.java. Using fallback presentation compiler.
2026.07.28 10:28:41 INFO  no build target found for /Users/onurercen/Desktop/ml4j/tensor/Tensor.java. Using fallback presentation compiler.
2026.07.28 10:28:41 INFO  no build target found for /Users/onurercen/Desktop/ml4j/tensor/Tensor.java. Using fallback presentation compiler.
2026.07.28 10:28:42 INFO  no build target found for /Users/onurercen/Desktop/ml4j/tensor/Tensor.java. Using fallback presentation compiler.
2026.07.28 10:28:41 INFO  no build target found for /Users/onurercen/Desktop/ml4j/tensor/Tensor.java. Using fallback presentation compiler.
2026.07.28 10:28:41 INFO  no build target found for /Users/onurercen/Desktop/ml4j/tensor/Tensor.java. Using fallback presentation compiler.
2026.07.28 10:28:41 INFO  no build target found for /Users/onurercen/Desktop/ml4j/tensor/Tensor.java. Using fallback presentation compiler.
2026.07.28 10:28:41 INFO  no build target found for /Users/onurercen/Desktop/ml4j/tensor/Tensor.java. Using fallback presentation compiler.
2026.07.28 10:28:42 INFO  no build target found for /Users/onurercen/Desktop/ml4j/tensor/Tensor.java. Using fallback presentation compiler.
2026.07.28 10:28:42 INFO  no build target found for /Users/onurercen/Desktop/ml4j/tensor/Tensor.java. Using fallback presentation compiler.
Tem 28, 2026 10:28:42 ÖÖ org.eclipse.lsp4j.jsonrpc.RemoteEndpoint handleCancellation
WARNING: Unmatched cancel notification for request id 2627
2026.07.28 10:28:42 INFO  no build target found for /Users/onurercen/Desktop/ml4j/tensor/Tensor.java. Using fallback presentation compiler.
2026.07.28 10:28:42 INFO  no build target found for /Users/onurercen/Desktop/ml4j/tensor/Tensor.java. Using fallback presentation compiler.
2026.07.28 10:28:42 INFO  no build target found for /Users/onurercen/Desktop/ml4j/tensor/Tensor.java. Using fallback presentation compiler.
2026.07.28 10:28:43 INFO  no build target found for /Users/onurercen/Desktop/ml4j/tensor/Tensor.java. Using fallback presentation compiler.
2026.07.28 10:28:42 INFO  no build target found for /Users/onurercen/Desktop/ml4j/tensor/Tensor.java. Using fallback presentation compiler.
2026.07.28 10:28:42 INFO  no build target found for /Users/onurercen/Desktop/ml4j/tensor/Tensor.java. Using fallback presentation compiler.
2026.07.28 10:28:43 INFO  no build target found for /Users/onurercen/Desktop/ml4j/tensor/Tensor.java. Using fallback presentation compiler.
2026.07.28 10:28:43 INFO  no build target found for /Users/onurercen/Desktop/ml4j/tensor/Tensor.java. Using fallback presentation compiler.
2026.07.28 10:28:43 INFO  no build target found for /Users/onurercen/Desktop/ml4j/tensor/Tensor.java. Using fallback presentation compiler.
2026.07.28 10:28:43 INFO  no build target found for /Users/onurercen/Desktop/ml4j/tensor/Tensor.java. Using fallback presentation compiler.
2026.07.28 10:28:44 INFO  no build target found for /Users/onurercen/Desktop/ml4j/tensor/Tensor.java. Using fallback presentation compiler.
2026.07.28 10:28:43 INFO  no build target found for /Users/onurercen/Desktop/ml4j/tensor/Tensor.java. Using fallback presentation compiler.
2026.07.28 10:28:43 INFO  no build target found for /Users/onurercen/Desktop/ml4j/tensor/Tensor.java. Using fallback presentation compiler.
2026.07.28 10:28:43 INFO  no build target found for /Users/onurercen/Desktop/ml4j/tensor/Tensor.java. Using fallback presentation compiler.
2026.07.28 10:28:44 INFO  no build target found for /Users/onurercen/Desktop/ml4j/tensor/Tensor.java. Using fallback presentation compiler.
2026.07.28 10:28:43 INFO  no build target found for /Users/onurercen/Desktop/ml4j/tensor/Tensor.java. Using fallback presentation compiler.
2026.07.28 10:28:45 INFO  no build target found for /Users/onurercen/Desktop/ml4j/tensor/Tensor.java. Using fallback presentation compiler.
2026.07.28 10:28:45 INFO  no build target found for /Users/onurercen/Desktop/ml4j/tensor/Tensor.java. Using fallback presentation compiler.
2026.07.28 10:28:44 INFO  no build target found for /Users/onurercen/Desktop/ml4j/tensor/Tensor.java. Using fallback presentation compiler.
2026.07.28 10:28:45 INFO  no build target found for /Users/onurercen/Desktop/ml4j/tensor/Tensor.java. Using fallback presentation compiler.
2026.07.28 10:28:45 INFO  no build target found for /Users/onurercen/Desktop/ml4j/tensor/Tensor.java. Using fallback presentation compiler.
2026.07.28 10:28:45 INFO  no build target found for /Users/onurercen/Desktop/ml4j/tensor/Tensor.java. Using fallback presentation compiler.
2026.07.28 10:28:45 INFO  no build target found for /Users/onurercen/Desktop/ml4j/tensor/Tensor.java. Using fallback presentation compiler.
2026.07.28 10:28:45 INFO  no build target found for /Users/onurercen/Desktop/ml4j/tensor/Tensor.java. Using fallback presentation compiler.
2026.07.28 10:28:45 INFO  no build target found for /Users/onurercen/Desktop/ml4j/tensor/Tensor.java. Using fallback presentation compiler.
2026.07.28 10:28:45 INFO  no build target found for /Users/onurercen/Desktop/ml4j/tensor/Tensor.java. Using fallback presentation compiler.
2026.07.28 10:28:45 INFO  no build target found for /Users/onurercen/Desktop/ml4j/tensor/Tensor.java. Using fallback presentation compiler.
2026.07.28 10:28:45 INFO  no build target found for /Users/onurercen/Desktop/ml4j/tensor/Tensor.java. Using fallback presentation compiler.
2026.07.28 10:28:46 INFO  no build target found for /Users/onurercen/Desktop/ml4j/tensor/Tensor.java. Using fallback presentation compiler.
2026.07.28 10:28:46 INFO  no build target found for /Users/onurercen/Desktop/ml4j/tensor/Tensor.java. Using fallback presentation compiler.
2026.07.28 10:28:46 INFO  no build target found for /Users/onurercen/Desktop/ml4j/tensor/Tensor.java. Using fallback presentation compiler.
2026.07.28 10:28:46 INFO  no build target found for /Users/onurercen/Desktop/ml4j/tensor/Tensor.java. Using fallback presentation compiler.
2026.07.28 10:28:46 INFO  no build target found for /Users/onurercen/Desktop/ml4j/tensor/Tensor.java. Using fallback presentation compiler.
2026.07.28 10:28:46 INFO  no build target found for /Users/onurercen/Desktop/ml4j/tensor/Tensor.java. Using fallback presentation compiler.
2026.07.28 10:28:46 INFO  no build target found for /Users/onurercen/Desktop/ml4j/tensor/Tensor.java. Using fallback presentation compiler.
2026.07.28 10:28:46 INFO  no build target found for /Users/onurercen/Desktop/ml4j/tensor/Tensor.java. Using fallback presentation compiler.
2026.07.28 10:28:47 INFO  no build target found for /Users/onurercen/Desktop/ml4j/tensor/Tensor.java. Using fallback presentation compiler.
2026.07.28 10:28:52 INFO  no build target found for /Users/onurercen/Desktop/ml4j/tensor/Tensor.java. Using fallback presentation compiler.
2026.07.28 10:28:52 INFO  no build target found for /Users/onurercen/Desktop/ml4j/tensor/Tensor.java. Using fallback presentation compiler.
2026.07.28 10:28:53 INFO  no build target found for /Users/onurercen/Desktop/ml4j/tensor/Tensor.java. Using fallback presentation compiler.
2026.07.28 10:28:52 INFO  no build target found for /Users/onurercen/Desktop/ml4j/tensor/Tensor.java. Using fallback presentation compiler.
2026.07.28 10:29:26 WARN  no build target for: /Users/onurercen/Desktop/ml4j/tensor/Tensor.java
2026.07.28 10:29:26 INFO  no build target found for /Users/onurercen/Desktop/ml4j/tensor/Tensor.java. Using fallback presentation compiler.
2026.07.28 10:29:27 INFO  no build target found for /Users/onurercen/Desktop/ml4j/tensor/Tensor.java. Using fallback presentation compiler.
2026.07.28 10:29:27 INFO  no build target found for /Users/onurercen/Desktop/ml4j/tensor/Tensor.java. Using fallback presentation compiler.
2026.07.28 10:29:28 INFO  no build target found for /Users/onurercen/Desktop/ml4j/tensor/Tensor.java. Using fallback presentation compiler.
2026.07.28 10:29:28 INFO  no build target found for /Users/onurercen/Desktop/ml4j/tensor/Tensor.java. Using fallback presentation compiler.
2026.07.28 10:29:29 INFO  no build target found for /Users/onurercen/Desktop/ml4j/tensor/Tensor.java. Using fallback presentation compiler.
2026.07.28 10:29:31 INFO  no build target found for /Users/onurercen/Desktop/ml4j/tensor/Tensor.java. Using fallback presentation compiler.
2026.07.28 10:29:31 INFO  no build target found for /Users/onurercen/Desktop/ml4j/tensor/Tensor.java. Using fallback presentation compiler.
2026.07.28 10:29:32 INFO  no build target found for /Users/onurercen/Desktop/ml4j/tensor/Tensor.java. Using fallback presentation compiler.
2026.07.28 10:29:32 INFO  no build target found for /Users/onurercen/Desktop/ml4j/tensor/Tensor.java. Using fallback presentation compiler.
2026.07.28 10:29:32 INFO  no build target found for /Users/onurercen/Desktop/ml4j/tensor/Tensor.java. Using fallback presentation compiler.
2026.07.28 10:29:32 INFO  no build target found for /Users/onurercen/Desktop/ml4j/tensor/Tensor.java. Using fallback presentation compiler.
2026.07.28 10:29:32 INFO  no build target found for /Users/onurercen/Desktop/ml4j/tensor/Tensor.java. Using fallback presentation compiler.
2026.07.28 10:29:32 INFO  no build target found for /Users/onurercen/Desktop/ml4j/tensor/Tensor.java. Using fallback presentation compiler.
2026.07.28 10:29:32 INFO  no build target found for /Users/onurercen/Desktop/ml4j/tensor/Tensor.java. Using fallback presentation compiler.
2026.07.28 10:29:33 INFO  no build target found for /Users/onurercen/Desktop/ml4j/tensor/Tensor.java. Using fallback presentation compiler.
2026.07.28 10:29:33 INFO  no build target found for /Users/onurercen/Desktop/ml4j/tensor/Tensor.java. Using fallback presentation compiler.
2026.07.28 10:29:33 INFO  no build target found for /Users/onurercen/Desktop/ml4j/tensor/Tensor.java. Using fallback presentation compiler.
2026.07.28 10:29:33 INFO  no build target found for /Users/onurercen/Desktop/ml4j/tensor/Tensor.java. Using fallback presentation compiler.
2026.07.28 10:29:34 INFO  no build target found for /Users/onurercen/Desktop/ml4j/tensor/Tensor.java. Using fallback presentation compiler.
2026.07.28 10:29:34 INFO  no build target found for /Users/onurercen/Desktop/ml4j/tensor/Tensor.java. Using fallback presentation compiler.
2026.07.28 10:29:35 INFO  no build target found for /Users/onurercen/Desktop/ml4j/tensor/Tensor.java. Using fallback presentation compiler.
2026.07.28 10:29:34 INFO  no build target found for /Users/onurercen/Desktop/ml4j/tensor/Tensor.java. Using fallback presentation compiler.
2026.07.28 10:29:34 INFO  no build target found for /Users/onurercen/Desktop/ml4j/tensor/Tensor.java. Using fallback presentation compiler.
2026.07.28 10:29:34 INFO  no build target found for /Users/onurercen/Desktop/ml4j/tensor/Tensor.java. Using fallback presentation compiler.
2026.07.28 10:29:35 INFO  no build target found for /Users/onurercen/Desktop/ml4j/tensor/Tensor.java. Using fallback presentation compiler.
2026.07.28 10:29:34 INFO  no build target found for /Users/onurercen/Desktop/ml4j/tensor/Tensor.java. Using fallback presentation compiler.
2026.07.28 10:29:34 INFO  no build target found for /Users/onurercen/Desktop/ml4j/tensor/Tensor.java. Using fallback presentation compiler.
2026.07.28 10:29:35 INFO  no build target found for /Users/onurercen/Desktop/ml4j/tensor/Tensor.java. Using fallback presentation compiler.
2026.07.28 10:29:35 INFO  no build target found for /Users/onurercen/Desktop/ml4j/tensor/Tensor.java. Using fallback presentation compiler.
2026.07.28 10:29:35 INFO  no build target found for /Users/onurercen/Desktop/ml4j/tensor/Tensor.java. Using fallback presentation compiler.
2026.07.28 10:29:37 INFO  no build target found for /Users/onurercen/Desktop/ml4j/tensor/Tensor.java. Using fallback presentation compiler.
2026.07.28 10:29:37 INFO  no build target found for /Users/onurercen/Desktop/ml4j/tensor/Tensor.java. Using fallback presentation compiler.
2026.07.28 10:29:37 INFO  no build target found for /Users/onurercen/Desktop/ml4j/tensor/Tensor.java. Using fallback presentation compiler.
2026.07.28 10:29:37 INFO  no build target found for /Users/onurercen/Desktop/ml4j/tensor/Tensor.java. Using fallback presentation compiler.
2026.07.28 10:29:39 INFO  no build target found for /Users/onurercen/Desktop/ml4j/tensor/Tensor.java. Using fallback presentation compiler.
2026.07.28 10:29:39 INFO  no build target found for /Users/onurercen/Desktop/ml4j/tensor/Tensor.java. Using fallback presentation compiler.
2026.07.28 10:29:39 INFO  Created report: Optional[file:///Users/onurercen/Desktop/ml4j/tensor/Tensor.java]
2026.07.28 10:29:39 INFO  empty definition using pc, found symbol in pc: _empty_/Array#length. (full report at: "/Users/onurercen/Desktop/ml4j/.metals/.reports/metals-full/2026-07-28/r_empty-definition_10-29-39-493.md")
2026.07.28 10:29:39 WARN  no build target for: /Users/onurercen/Desktop/ml4j/tensor/Tensor.java
2026.07.28 10:29:39 INFO  no build target found for /Users/onurercen/Desktop/ml4j/tensor/Tensor.java. Using fallback presentation compiler.
2026.07.28 10:30:05 INFO  no build target found for /Users/onurercen/Desktop/ml4j/tensor/Tensor.java. Using fallback presentation compiler.
2026.07.28 10:30:06 WARN  no build target for: /Users/onurercen/Desktop/ml4j/tensor/Tensor.java
2026.07.28 10:30:06 INFO  no build target found for /Users/onurercen/Desktop/ml4j/tensor/Tensor.java. Using fallback presentation compiler.
2026.07.28 10:30:18 INFO  no build target found for /Users/onurercen/Desktop/ml4j/tensor/TensorOps.java. Using fallback presentation compiler.
2026.07.28 10:30:18 WARN  no build target for: /Users/onurercen/Desktop/ml4j/tensor/TensorOps.java
2026.07.28 10:30:18 INFO  no build target found for /Users/onurercen/Desktop/ml4j/tensor/TensorOps.java. Using fallback presentation compiler.
2026.07.28 10:30:26 INFO  no build target found for /Users/onurercen/Desktop/ml4j/tensor/TensorOps.java. Using fallback presentation compiler.
2026.07.28 10:30:26 INFO  no build target found for /Users/onurercen/Desktop/ml4j/tensor/TensorOps.java. Using fallback presentation compiler.
2026.07.28 10:30:26 INFO  no build target found for /Users/onurercen/Desktop/ml4j/tensor/TensorOps.java. Using fallback presentation compiler.
2026.07.28 10:30:26 INFO  no build target found for /Users/onurercen/Desktop/ml4j/tensor/TensorOps.java. Using fallback presentation compiler.
2026.07.28 10:30:26 INFO  no build target found for /Users/onurercen/Desktop/ml4j/tensor/TensorOps.java. Using fallback presentation compiler.
2026.07.28 10:30:26 INFO  no build target found for /Users/onurercen/Desktop/ml4j/tensor/TensorOps.java. Using fallback presentation compiler.
2026.07.28 10:30:26 INFO  no build target found for /Users/onurercen/Desktop/ml4j/tensor/TensorOps.java. Using fallback presentation compiler.
2026.07.28 10:30:27 INFO  no build target found for /Users/onurercen/Desktop/ml4j/tensor/TensorOps.java. Using fallback presentation compiler.
2026.07.28 10:30:27 INFO  no build target found for /Users/onurercen/Desktop/ml4j/tensor/TensorOps.java. Using fallback presentation compiler.
2026.07.28 10:30:27 INFO  no build target found for /Users/onurercen/Desktop/ml4j/tensor/TensorOps.java. Using fallback presentation compiler.
2026.07.28 10:30:27 INFO  no build target found for /Users/onurercen/Desktop/ml4j/tensor/TensorOps.java. Using fallback presentation compiler.
2026.07.28 10:30:27 INFO  no build target found for /Users/onurercen/Desktop/ml4j/tensor/TensorOps.java. Using fallback presentation compiler.
2026.07.28 10:30:27 INFO  no build target found for /Users/onurercen/Desktop/ml4j/tensor/TensorOps.java. Using fallback presentation compiler.
2026.07.28 10:30:27 INFO  no build target found for /Users/onurercen/Desktop/ml4j/tensor/TensorOps.java. Using fallback presentation compiler.
2026.07.28 10:30:28 INFO  no build target found for /Users/onurercen/Desktop/ml4j/tensor/TensorOps.java. Using fallback presentation compiler.
2026.07.28 10:30:29 INFO  no build target found for /Users/onurercen/Desktop/ml4j/tensor/TensorOps.java. Using fallback presentation compiler.
2026.07.28 10:30:29 INFO  no build target found for /Users/onurercen/Desktop/ml4j/tensor/TensorOps.java. Using fallback presentation compiler.
2026.07.28 10:30:29 INFO  no build target found for /Users/onurercen/Desktop/ml4j/tensor/TensorOps.java. Using fallback presentation compiler.
2026.07.28 10:30:29 INFO  no build target found for /Users/onurercen/Desktop/ml4j/tensor/TensorOps.java. Using fallback presentation compiler.
2026.07.28 10:30:30 INFO  no build target found for /Users/onurercen/Desktop/ml4j/tensor/TensorOps.java. Using fallback presentation compiler.
2026.07.28 10:30:29 INFO  no build target found for /Users/onurercen/Desktop/ml4j/tensor/TensorOps.java. Using fallback presentation compiler.
2026.07.28 10:30:30 INFO  no build target found for /Users/onurercen/Desktop/ml4j/tensor/TensorOps.java. Using fallback presentation compiler.
2026.07.28 10:30:30 INFO  no build target found for /Users/onurercen/Desktop/ml4j/tensor/TensorOps.java. Using fallback presentation compiler.
2026.07.28 10:30:30 INFO  no build target found for /Users/onurercen/Desktop/ml4j/tensor/TensorOps.java. Using fallback presentation compiler.
2026.07.28 10:30:30 INFO  no build target found for /Users/onurercen/Desktop/ml4j/tensor/TensorOps.java. Using fallback presentation compiler.
2026.07.28 10:30:30 INFO  no build target found for /Users/onurercen/Desktop/ml4j/tensor/TensorOps.java. Using fallback presentation compiler.
2026.07.28 10:30:31 INFO  no build target found for /Users/onurercen/Desktop/ml4j/tensor/TensorOps.java. Using fallback presentation compiler.
2026.07.28 10:30:30 INFO  no build target found for /Users/onurercen/Desktop/ml4j/tensor/TensorOps.java. Using fallback presentation compiler.
2026.07.28 10:30:30 INFO  no build target found for /Users/onurercen/Desktop/ml4j/tensor/TensorOps.java. Using fallback presentation compiler.
2026.07.28 10:30:31 INFO  no build target found for /Users/onurercen/Desktop/ml4j/tensor/TensorOps.java. Using fallback presentation compiler.
2026.07.28 10:30:34 INFO  no build target found for /Users/onurercen/Desktop/ml4j/tensor/TensorOps.java. Using fallback presentation compiler.
2026.07.28 10:30:34 INFO  no build target found for /Users/onurercen/Desktop/ml4j/tensor/TensorOps.java. Using fallback presentation compiler.
2026.07.28 10:30:35 INFO  no build target found for /Users/onurercen/Desktop/ml4j/tensor/TensorOps.java. Using fallback presentation compiler.
2026.07.28 10:30:34 INFO  no build target found for /Users/onurercen/Desktop/ml4j/tensor/TensorOps.java. Using fallback presentation compiler.
2026.07.28 10:30:34 INFO  no build target found for /Users/onurercen/Desktop/ml4j/tensor/TensorOps.java. Using fallback presentation compiler.
2026.07.28 10:30:34 INFO  no build target found for /Users/onurercen/Desktop/ml4j/tensor/TensorOps.java. Using fallback presentation compiler.
2026.07.28 10:30:35 INFO  no build target found for /Users/onurercen/Desktop/ml4j/tensor/TensorOps.java. Using fallback presentation compiler.
2026.07.28 10:30:36 INFO  no build target found for /Users/onurercen/Desktop/ml4j/tensor/TensorOps.java. Using fallback presentation compiler.
2026.07.28 10:30:36 INFO  no build target found for /Users/onurercen/Desktop/ml4j/tensor/TensorOps.java. Using fallback presentation compiler.
2026.07.28 10:30:36 INFO  no build target found for /Users/onurercen/Desktop/ml4j/tensor/TensorOps.java. Using fallback presentation compiler.
2026.07.28 10:30:36 INFO  no build target found for /Users/onurercen/Desktop/ml4j/tensor/TensorOps.java. Using fallback presentation compiler.
2026.07.28 10:30:36 INFO  no build target found for /Users/onurercen/Desktop/ml4j/tensor/TensorOps.java. Using fallback presentation compiler.
2026.07.28 10:30:36 INFO  no build target found for /Users/onurercen/Desktop/ml4j/tensor/TensorOps.java. Using fallback presentation compiler.
2026.07.28 10:30:36 INFO  no build target found for /Users/onurercen/Desktop/ml4j/tensor/TensorOps.java. Using fallback presentation compiler.
2026.07.28 10:30:36 INFO  no build target found for /Users/onurercen/Desktop/ml4j/tensor/TensorOps.java. Using fallback presentation compiler.
2026.07.28 10:30:36 INFO  no build target found for /Users/onurercen/Desktop/ml4j/tensor/TensorOps.java. Using fallback presentation compiler.
2026.07.28 10:30:36 INFO  no build target found for /Users/onurercen/Desktop/ml4j/tensor/TensorOps.java. Using fallback presentation compiler.
2026.07.28 10:30:36 INFO  no build target found for /Users/onurercen/Desktop/ml4j/tensor/TensorOps.java. Using fallback presentation compiler.
2026.07.28 10:30:36 INFO  no build target found for /Users/onurercen/Desktop/ml4j/tensor/TensorOps.java. Using fallback presentation compiler.
2026.07.28 10:30:36 INFO  no build target found for /Users/onurercen/Desktop/ml4j/tensor/TensorOps.java. Using fallback presentation compiler.
2026.07.28 10:30:37 INFO  no build target found for /Users/onurercen/Desktop/ml4j/tensor/TensorOps.java. Using fallback presentation compiler.
2026.07.28 10:30:37 INFO  no build target found for /Users/onurercen/Desktop/ml4j/tensor/TensorOps.java. Using fallback presentation compiler.
2026.07.28 10:30:37 INFO  no build target found for /Users/onurercen/Desktop/ml4j/tensor/TensorOps.java. Using fallback presentation compiler.
2026.07.28 10:30:37 INFO  no build target found for /Users/onurercen/Desktop/ml4j/tensor/TensorOps.java. Using fallback presentation compiler.
2026.07.28 10:30:37 INFO  no build target found for /Users/onurercen/Desktop/ml4j/tensor/TensorOps.java. Using fallback presentation compiler.
2026.07.28 10:30:37 INFO  no build target found for /Users/onurercen/Desktop/ml4j/tensor/TensorOps.java. Using fallback presentation compiler.
2026.07.28 10:30:37 INFO  no build target found for /Users/onurercen/Desktop/ml4j/tensor/TensorOps.java. Using fallback presentation compiler.
2026.07.28 10:30:37 INFO  no build target found for /Users/onurercen/Desktop/ml4j/tensor/TensorOps.java. Using fallback presentation compiler.
2026.07.28 10:30:38 INFO  no build target found for /Users/onurercen/Desktop/ml4j/tensor/TensorOps.java. Using fallback presentation compiler.
2026.07.28 10:30:38 INFO  no build target found for /Users/onurercen/Desktop/ml4j/tensor/TensorOps.java. Using fallback presentation compiler.
2026.07.28 10:30:38 INFO  no build target found for /Users/onurercen/Desktop/ml4j/tensor/TensorOps.java. Using fallback presentation compiler.
2026.07.28 10:30:38 INFO  no build target found for /Users/onurercen/Desktop/ml4j/tensor/TensorOps.java. Using fallback presentation compiler.
2026.07.28 10:30:38 INFO  no build target found for /Users/onurercen/Desktop/ml4j/tensor/TensorOps.java. Using fallback presentation compiler.
2026.07.28 10:30:38 INFO  no build target found for /Users/onurercen/Desktop/ml4j/tensor/TensorOps.java. Using fallback presentation compiler.
2026.07.28 10:30:38 INFO  no build target found for /Users/onurercen/Desktop/ml4j/tensor/TensorOps.java. Using fallback presentation compiler.
2026.07.28 10:30:39 INFO  no build target found for /Users/onurercen/Desktop/ml4j/tensor/TensorOps.java. Using fallback presentation compiler.
2026.07.28 10:30:39 INFO  no build target found for /Users/onurercen/Desktop/ml4j/tensor/TensorOps.java. Using fallback presentation compiler.
2026.07.28 10:30:39 INFO  no build target found for /Users/onurercen/Desktop/ml4j/tensor/TensorOps.java. Using fallback presentation compiler.
2026.07.28 10:30:39 INFO  no build target found for /Users/onurercen/Desktop/ml4j/tensor/TensorOps.java. Using fallback presentation compiler.
2026.07.28 10:30:39 INFO  no build target found for /Users/onurercen/Desktop/ml4j/tensor/TensorOps.java. Using fallback presentation compiler.
2026.07.28 10:30:40 INFO  no build target found for /Users/onurercen/Desktop/ml4j/tensor/TensorOps.java. Using fallback presentation compiler.
2026.07.28 10:30:40 INFO  no build target found for /Users/onurercen/Desktop/ml4j/tensor/TensorOps.java. Using fallback presentation compiler.
2026.07.28 10:30:40 INFO  no build target found for /Users/onurercen/Desktop/ml4j/tensor/TensorOps.java. Using fallback presentation compiler.
2026.07.28 10:30:40 INFO  no build target found for /Users/onurercen/Desktop/ml4j/tensor/TensorOps.java. Using fallback presentation compiler.
2026.07.28 10:30:56 INFO  no build target found for /Users/onurercen/Desktop/ml4j/tensor/TensorOps.java. Using fallback presentation compiler.
2026.07.28 10:30:56 INFO  no build target found for /Users/onurercen/Desktop/ml4j/tensor/TensorOps.java. Using fallback presentation compiler.
2026.07.28 10:30:57 INFO  no build target found for /Users/onurercen/Desktop/ml4j/tensor/TensorOps.java. Using fallback presentation compiler.
2026.07.28 10:30:57 INFO  no build target found for /Users/onurercen/Desktop/ml4j/tensor/Tensor.java. Using fallback presentation compiler.
2026.07.28 10:30:58 WARN  no build target for: /Users/onurercen/Desktop/ml4j/tensor/Tensor.java
2026.07.28 10:30:58 INFO  no build target found for /Users/onurercen/Desktop/ml4j/tensor/Tensor.java. Using fallback presentation compiler.
2026.07.28 10:30:58 INFO  no build target found for /Users/onurercen/Desktop/ml4j/tensor/Tensor.java. Using fallback presentation compiler.
2026.07.28 10:30:58 INFO  no build target found for /Users/onurercen/Desktop/ml4j/tensor/Tensor.java. Using fallback presentation compiler.
2026.07.28 10:31:02 INFO  no build target found for /Users/onurercen/Desktop/ml4j/tensor/Tensor.java. Using fallback presentation compiler.
2026.07.28 10:31:02 INFO  no build target found for /Users/onurercen/Desktop/ml4j/tensor/Tensor.java. Using fallback presentation compiler.
2026.07.28 10:31:02 INFO  no build target found for /Users/onurercen/Desktop/ml4j/tensor/Tensor.java. Using fallback presentation compiler.
2026.07.28 10:31:03 INFO  no build target found for /Users/onurercen/Desktop/ml4j/tensor/Tensor.java. Using fallback presentation compiler.
2026.07.28 10:31:10 INFO  no build target found for /Users/onurercen/Desktop/ml4j/tensor/Tensor.java. Using fallback presentation compiler.
2026.07.28 10:31:10 INFO  no build target found for /Users/onurercen/Desktop/ml4j/tensor/Tensor.java. Using fallback presentation compiler.
2026.07.28 10:31:10 INFO  no build target found for /Users/onurercen/Desktop/ml4j/tensor/Tensor.java. Using fallback presentation compiler.
2026.07.28 10:31:10 INFO  no build target found for /Users/onurercen/Desktop/ml4j/tensor/Tensor.java. Using fallback presentation compiler.
2026.07.28 10:31:10 INFO  no build target found for /Users/onurercen/Desktop/ml4j/tensor/Tensor.java. Using fallback presentation compiler.
2026.07.28 10:31:10 INFO  no build target found for /Users/onurercen/Desktop/ml4j/tensor/Tensor.java. Using fallback presentation compiler.
2026.07.28 10:31:11 INFO  no build target found for /Users/onurercen/Desktop/ml4j/tensor/Tensor.java. Using fallback presentation compiler.
2026.07.28 10:31:10 INFO  no build target found for /Users/onurercen/Desktop/ml4j/tensor/Tensor.java. Using fallback presentation compiler.
2026.07.28 10:31:10 INFO  no build target found for /Users/onurercen/Desktop/ml4j/tensor/Tensor.java. Using fallback presentation compiler.
2026.07.28 10:31:11 INFO  no build target found for /Users/onurercen/Desktop/ml4j/tensor/Tensor.java. Using fallback presentation compiler.
2026.07.28 10:31:11 INFO  no build target found for /Users/onurercen/Desktop/ml4j/tensor/Tensor.java. Using fallback presentation compiler.
2026.07.28 10:31:11 INFO  no build target found for /Users/onurercen/Desktop/ml4j/tensor/Tensor.java. Using fallback presentation compiler.
2026.07.28 10:31:11 INFO  no build target found for /Users/onurercen/Desktop/ml4j/tensor/Tensor.java. Using fallback presentation compiler.
2026.07.28 10:31:11 INFO  no build target found for /Users/onurercen/Desktop/ml4j/tensor/Tensor.java. Using fallback presentation compiler.
2026.07.28 10:31:12 INFO  no build target found for /Users/onurercen/Desktop/ml4j/tensor/Tensor.java. Using fallback presentation compiler.
2026.07.28 10:31:12 INFO  no build target found for /Users/onurercen/Desktop/ml4j/tensor/Tensor.java. Using fallback presentation compiler.
2026.07.28 10:31:12 INFO  no build target found for /Users/onurercen/Desktop/ml4j/tensor/Tensor.java. Using fallback presentation compiler.
2026.07.28 10:31:14 INFO  no build target found for /Users/onurercen/Desktop/ml4j/tensor/Tensor.java. Using fallback presentation compiler.
2026.07.28 10:31:14 INFO  no build target found for /Users/onurercen/Desktop/ml4j/tensor/Tensor.java. Using fallback presentation compiler.
2026.07.28 10:31:14 INFO  no build target found for /Users/onurercen/Desktop/ml4j/tensor/Tensor.java. Using fallback presentation compiler.
2026.07.28 10:31:14 INFO  no build target found for /Users/onurercen/Desktop/ml4j/tensor/Tensor.java. Using fallback presentation compiler.
2026.07.28 10:31:14 INFO  no build target found for /Users/onurercen/Desktop/ml4j/tensor/Tensor.java. Using fallback presentation compiler.
2026.07.28 10:31:15 INFO  no build target found for /Users/onurercen/Desktop/ml4j/tensor/Tensor.java. Using fallback presentation compiler.
2026.07.28 10:31:15 INFO  no build target found for /Users/onurercen/Desktop/ml4j/tensor/Tensor.java. Using fallback presentation compiler.
2026.07.28 10:31:17 INFO  no build target found for /Users/onurercen/Desktop/ml4j/tensor/Tensor.java. Using fallback presentation compiler.
2026.07.28 10:31:17 INFO  no build target found for /Users/onurercen/Desktop/ml4j/tensor/Tensor.java. Using fallback presentation compiler.
2026.07.28 10:31:17 INFO  no build target found for /Users/onurercen/Desktop/ml4j/tensor/Tensor.java. Using fallback presentation compiler.
2026.07.28 10:31:17 INFO  no build target found for /Users/onurercen/Desktop/ml4j/tensor/Tensor.java. Using fallback presentation compiler.
2026.07.28 10:31:17 WARN  no build target for: /Users/onurercen/Desktop/ml4j/tensor/Tensor.java
2026.07.28 10:31:17 INFO  no build target found for /Users/onurercen/Desktop/ml4j/tensor/Tensor.java. Using fallback presentation compiler.
2026.07.28 10:31:18 INFO  no build target found for /Users/onurercen/Desktop/ml4j/tensor/TensorOps.java. Using fallback presentation compiler.
2026.07.28 10:31:19 WARN  no build target for: /Users/onurercen/Desktop/ml4j/tensor/TensorOps.java
2026.07.28 10:31:19 INFO  no build target found for /Users/onurercen/Desktop/ml4j/tensor/TensorOps.java. Using fallback presentation compiler.
2026.07.28 10:31:18 INFO  no build target found for /Users/onurercen/Desktop/ml4j/tensor/TensorOps.java. Using fallback presentation compiler.
2026.07.28 10:31:18 INFO  no build target found for /Users/onurercen/Desktop/ml4j/tensor/TensorOps.java. Using fallback presentation compiler.
2026.07.28 10:31:18 INFO  no build target found for /Users/onurercen/Desktop/ml4j/tensor/TensorOps.java. Using fallback presentation compiler.
2026.07.28 10:31:20 INFO  no build target found for /Users/onurercen/Desktop/ml4j/tensor/TensorOps.java. Using fallback presentation compiler.
2026.07.28 10:31:20 INFO  no build target found for /Users/onurercen/Desktop/ml4j/tensor/TensorOps.java. Using fallback presentation compiler.
2026.07.28 10:31:20 INFO  no build target found for /Users/onurercen/Desktop/ml4j/tensor/TensorOps.java. Using fallback presentation compiler.
2026.07.28 10:31:20 INFO  no build target found for /Users/onurercen/Desktop/ml4j/tensor/TensorOps.java. Using fallback presentation compiler.
2026.07.28 10:31:21 INFO  no build target found for /Users/onurercen/Desktop/ml4j/tensor/TensorOps.java. Using fallback presentation compiler.
2026.07.28 10:31:21 INFO  no build target found for /Users/onurercen/Desktop/ml4j/tensor/TensorOps.java. Using fallback presentation compiler.
2026.07.28 10:31:21 INFO  no build target found for /Users/onurercen/Desktop/ml4j/tensor/TensorOps.java. Using fallback presentation compiler.
2026.07.28 10:31:21 INFO  no build target found for /Users/onurercen/Desktop/ml4j/tensor/TensorOps.java. Using fallback presentation compiler.
2026.07.28 10:31:21 INFO  no build target found for /Users/onurercen/Desktop/ml4j/tensor/TensorOps.java. Using fallback presentation compiler.
2026.07.28 10:31:21 INFO  no build target found for /Users/onurercen/Desktop/ml4j/tensor/TensorOps.java. Using fallback presentation compiler.
2026.07.28 10:31:22 INFO  no build target found for /Users/onurercen/Desktop/ml4j/tensor/TensorOps.java. Using fallback presentation compiler.
2026.07.28 10:31:21 INFO  no build target found for /Users/onurercen/Desktop/ml4j/tensor/TensorOps.java. Using fallback presentation compiler.
2026.07.28 10:31:21 INFO  no build target found for /Users/onurercen/Desktop/ml4j/tensor/TensorOps.java. Using fallback presentation compiler.
2026.07.28 10:31:21 INFO  no build target found for /Users/onurercen/Desktop/ml4j/tensor/TensorOps.java. Using fallback presentation compiler.
2026.07.28 10:31:22 INFO  no build target found for /Users/onurercen/Desktop/ml4j/tensor/TensorOps.java. Using fallback presentation compiler.
2026.07.28 10:31:22 INFO  no build target found for /Users/onurercen/Desktop/ml4j/tensor/TensorOps.java. Using fallback presentation compiler.
2026.07.28 10:31:23 WARN  no build target for: /Users/onurercen/Desktop/ml4j/tensor/TensorOps.java
2026.07.28 10:31:23 INFO  no build target found for /Users/onurercen/Desktop/ml4j/tensor/TensorOps.java. Using fallback presentation compiler.
Tem 28, 2026 10:31:24 ÖÖ org.eclipse.lsp4j.jsonrpc.services.GenericEndpoint notify
INFO: Unsupported notification method: $/setTrace
2026.07.28 10:31:24 INFO  no build target found for /Users/onurercen/Desktop/ml4j/tensor/TensorOps.java. Using fallback presentation compiler.
Tem 28, 2026 10:31:26 ÖÖ org.eclipse.lsp4j.jsonrpc.services.GenericEndpoint notify
INFO: Unsupported notification method: $/setTrace
2026.07.28 10:31:26 INFO  no build target found for /Users/onurercen/Desktop/ml4j/tensor/TensorOps.java. Using fallback presentation compiler.
2026.07.28 10:31:26 INFO  no build target found for /Users/onurercen/Desktop/ml4j/tensor/TensorOps.java. Using fallback presentation compiler.
Tem 28, 2026 10:31:26 ÖÖ org.eclipse.lsp4j.jsonrpc.services.GenericEndpoint notify
INFO: Unsupported notification method: $/setTrace
2026.07.28 10:31:26 WARN  no build target for: /Users/onurercen/Desktop/ml4j/tensor/TensorOps.java
2026.07.28 10:31:26 INFO  no build target found for /Users/onurercen/Desktop/ml4j/tensor/TensorOps.java. Using fallback presentation compiler.
2026.07.28 10:31:26 INFO  no build target found for /Users/onurercen/Desktop/ml4j/tensor/TensorOps.java. Using fallback presentation compiler.
2026.07.28 10:31:26 INFO  no build target found for /Users/onurercen/Desktop/ml4j/tensor/TensorOps.java. Using fallback presentation compiler.
2026.07.28 10:31:26 INFO  no build target found for /Users/onurercen/Desktop/ml4j/tensor/TensorOps.java. Using fallback presentation compiler.
2026.07.28 10:31:28 INFO  no build target found for /Users/onurercen/Desktop/ml4j/tensor/TensorOps.java. Using fallback presentation compiler.
2026.07.28 10:31:28 INFO  no build target found for /Users/onurercen/Desktop/ml4j/tensor/TensorOps.java. Using fallback presentation compiler.
2026.07.28 10:31:28 INFO  no build target found for /Users/onurercen/Desktop/ml4j/tensor/TensorOps.java. Using fallback presentation compiler.
2026.07.28 10:31:38 WARN  no build target for: /Users/onurercen/Desktop/ml4j/tensor/TensorOps.java
2026.07.28 10:31:38 INFO  no build target found for /Users/onurercen/Desktop/ml4j/tensor/TensorOps.java. Using fallback presentation compiler.
2026.07.28 10:31:39 INFO  no build target found for /Users/onurercen/Desktop/ml4j/tensor/Shape.java. Using fallback presentation compiler.
2026.07.28 10:31:39 WARN  no build target for: /Users/onurercen/Desktop/ml4j/tensor/Shape.java
2026.07.28 10:31:39 INFO  no build target found for /Users/onurercen/Desktop/ml4j/tensor/Shape.java. Using fallback presentation compiler.
2026.07.28 10:31:48 INFO  no build target found for /Users/onurercen/Desktop/ml4j/tensor/Shape.java. Using fallback presentation compiler.
2026.07.28 10:31:48 INFO  no build target found for /Users/onurercen/Desktop/ml4j/tensor/Shape.java. Using fallback presentation compiler.
2026.07.28 10:31:48 INFO  no build target found for /Users/onurercen/Desktop/ml4j/tensor/Shape.java. Using fallback presentation compiler.
2026.07.28 10:31:48 INFO  no build target found for /Users/onurercen/Desktop/ml4j/tensor/Shape.java. Using fallback presentation compiler.
2026.07.28 10:31:48 INFO  no build target found for /Users/onurercen/Desktop/ml4j/tensor/Shape.java. Using fallback presentation compiler.
2026.07.28 10:31:48 INFO  no build target found for /Users/onurercen/Desktop/ml4j/tensor/Shape.java. Using fallback presentation compiler.
2026.07.28 10:31:48 INFO  no build target found for /Users/onurercen/Desktop/ml4j/tensor/Shape.java. Using fallback presentation compiler.
2026.07.28 10:31:48 INFO  no build target found for /Users/onurercen/Desktop/ml4j/tensor/Shape.java. Using fallback presentation compiler.
2026.07.28 10:31:48 INFO  no build target found for /Users/onurercen/Desktop/ml4j/tensor/Shape.java. Using fallback presentation compiler.
2026.07.28 10:31:48 INFO  no build target found for /Users/onurercen/Desktop/ml4j/tensor/Shape.java. Using fallback presentation compiler.
2026.07.28 10:31:49 INFO  no build target found for /Users/onurercen/Desktop/ml4j/tensor/Shape.java. Using fallback presentation compiler.
2026.07.28 10:31:49 INFO  no build target found for /Users/onurercen/Desktop/ml4j/tensor/Shape.java. Using fallback presentation compiler.
2026.07.28 10:31:49 INFO  no build target found for /Users/onurercen/Desktop/ml4j/tensor/Shape.java. Using fallback presentation compiler.
2026.07.28 10:31:49 INFO  no build target found for /Users/onurercen/Desktop/ml4j/tensor/Shape.java. Using fallback presentation compiler.
2026.07.28 10:31:49 INFO  no build target found for /Users/onurercen/Desktop/ml4j/tensor/Shape.java. Using fallback presentation compiler.
2026.07.28 10:31:49 INFO  no build target found for /Users/onurercen/Desktop/ml4j/tensor/Shape.java. Using fallback presentation compiler.
2026.07.28 10:31:50 INFO  no build target found for /Users/onurercen/Desktop/ml4j/tensor/Shape.java. Using fallback presentation compiler.
2026.07.28 10:31:50 INFO  no build target found for /Users/onurercen/Desktop/ml4j/tensor/Shape.java. Using fallback presentation compiler.
2026.07.28 10:31:50 INFO  no build target found for /Users/onurercen/Desktop/ml4j/tensor/Shape.java. Using fallback presentation compiler.
2026.07.28 10:31:51 INFO  no build target found for /Users/onurercen/Desktop/ml4j/tensor/Shape.java. Using fallback presentation compiler.
2026.07.28 10:31:51 INFO  no build target found for /Users/onurercen/Desktop/ml4j/tensor/Shape.java. Using fallback presentation compiler.
2026.07.28 10:31:51 INFO  no build target found for /Users/onurercen/Desktop/ml4j/tensor/Shape.java. Using fallback presentation compiler.
2026.07.28 10:31:52 INFO  no build target found for /Users/onurercen/Desktop/ml4j/tensor/Shape.java. Using fallback presentation compiler.
2026.07.28 10:31:52 INFO  no build target found for /Users/onurercen/Desktop/ml4j/tensor/Shape.java. Using fallback presentation compiler.
2026.07.28 10:31:52 INFO  no build target found for /Users/onurercen/Desktop/ml4j/tensor/Shape.java. Using fallback presentation compiler.
2026.07.28 10:31:52 INFO  no build target found for /Users/onurercen/Desktop/ml4j/tensor/Shape.java. Using fallback presentation compiler.
2026.07.28 10:31:52 INFO  no build target found for /Users/onurercen/Desktop/ml4j/tensor/Shape.java. Using fallback presentation compiler.
2026.07.28 10:31:52 INFO  no build target found for /Users/onurercen/Desktop/ml4j/tensor/Shape.java. Using fallback presentation compiler.
2026.07.28 10:31:52 INFO  no build target found for /Users/onurercen/Desktop/ml4j/tensor/Shape.java. Using fallback presentation compiler.
2026.07.28 10:31:53 INFO  no build target found for /Users/onurercen/Desktop/ml4j/tensor/Shape.java. Using fallback presentation compiler.
2026.07.28 10:31:52 INFO  no build target found for /Users/onurercen/Desktop/ml4j/tensor/Shape.java. Using fallback presentation compiler.
2026.07.28 10:31:53 INFO  no build target found for /Users/onurercen/Desktop/ml4j/tensor/Shape.java. Using fallback presentation compiler.
2026.07.28 10:31:53 INFO  no build target found for /Users/onurercen/Desktop/ml4j/tensor/Shape.java. Using fallback presentation compiler.
2026.07.28 10:31:53 INFO  no build target found for /Users/onurercen/Desktop/ml4j/tensor/Shape.java. Using fallback presentation compiler.
2026.07.28 10:31:54 INFO  no build target found for /Users/onurercen/Desktop/ml4j/tensor/Shape.java. Using fallback presentation compiler.
2026.07.28 10:31:53 INFO  no build target found for /Users/onurercen/Desktop/ml4j/tensor/Shape.java. Using fallback presentation compiler.
2026.07.28 10:31:53 INFO  no build target found for /Users/onurercen/Desktop/ml4j/tensor/Shape.java. Using fallback presentation compiler.
2026.07.28 10:31:53 INFO  no build target found for /Users/onurercen/Desktop/ml4j/tensor/Shape.java. Using fallback presentation compiler.
2026.07.28 10:31:53 INFO  no build target found for /Users/onurercen/Desktop/ml4j/tensor/Shape.java. Using fallback presentation compiler.
2026.07.28 10:31:54 INFO  no build target found for /Users/onurercen/Desktop/ml4j/tensor/Shape.java. Using fallback presentation compiler.
2026.07.28 10:31:55 INFO  no build target found for /Users/onurercen/Desktop/ml4j/tensor/Shape.java. Using fallback presentation compiler.
2026.07.28 10:31:55 INFO  no build target found for /Users/onurercen/Desktop/ml4j/tensor/Shape.java. Using fallback presentation compiler.
2026.07.28 10:31:56 INFO  no build target found for /Users/onurercen/Desktop/ml4j/tensor/Shape.java. Using fallback presentation compiler.
2026.07.28 10:31:56 INFO  no build target found for /Users/onurercen/Desktop/ml4j/tensor/Shape.java. Using fallback presentation compiler.
2026.07.28 10:31:56 INFO  no build target found for /Users/onurercen/Desktop/ml4j/tensor/Shape.java. Using fallback presentation compiler.
2026.07.28 10:31:57 INFO  no build target found for /Users/onurercen/Desktop/ml4j/tensor/Shape.java. Using fallback presentation compiler.
2026.07.28 10:31:57 INFO  no build target found for /Users/onurercen/Desktop/ml4j/tensor/Shape.java. Using fallback presentation compiler.
2026.07.28 10:31:58 INFO  no build target found for /Users/onurercen/Desktop/ml4j/tensor/Shape.java. Using fallback presentation compiler.
2026.07.28 10:31:58 INFO  no build target found for /Users/onurercen/Desktop/ml4j/tensor/Shape.java. Using fallback presentation compiler.
2026.07.28 10:31:58 INFO  no build target found for /Users/onurercen/Desktop/ml4j/tensor/Shape.java. Using fallback presentation compiler.
2026.07.28 10:31:58 INFO  no build target found for /Users/onurercen/Desktop/ml4j/tensor/Shape.java. Using fallback presentation compiler.
2026.07.28 10:31:58 INFO  no build target found for /Users/onurercen/Desktop/ml4j/tensor/Shape.java. Using fallback presentation compiler.
2026.07.28 10:31:58 INFO  no build target found for /Users/onurercen/Desktop/ml4j/tensor/Shape.java. Using fallback presentation compiler.
2026.07.28 10:31:58 INFO  no build target found for /Users/onurercen/Desktop/ml4j/tensor/Shape.java. Using fallback presentation compiler.
2026.07.28 10:31:59 INFO  no build target found for /Users/onurercen/Desktop/ml4j/tensor/Shape.java. Using fallback presentation compiler.
2026.07.28 10:31:59 INFO  no build target found for /Users/onurercen/Desktop/ml4j/tensor/Shape.java. Using fallback presentation compiler.
2026.07.28 10:31:59 INFO  no build target found for /Users/onurercen/Desktop/ml4j/tensor/Shape.java. Using fallback presentation compiler.
2026.07.28 10:31:59 INFO  no build target found for /Users/onurercen/Desktop/ml4j/tensor/Shape.java. Using fallback presentation compiler.
2026.07.28 10:32:00 INFO  no build target found for /Users/onurercen/Desktop/ml4j/tensor/Shape.java. Using fallback presentation compiler.
2026.07.28 10:31:59 INFO  no build target found for /Users/onurercen/Desktop/ml4j/tensor/Shape.java. Using fallback presentation compiler.
2026.07.28 10:31:59 INFO  no build target found for /Users/onurercen/Desktop/ml4j/tensor/Shape.java. Using fallback presentation compiler.
2026.07.28 10:31:59 INFO  no build target found for /Users/onurercen/Desktop/ml4j/tensor/Shape.java. Using fallback presentation compiler.
2026.07.28 10:32:00 INFO  no build target found for /Users/onurercen/Desktop/ml4j/tensor/Shape.java. Using fallback presentation compiler.
2026.07.28 10:31:59 INFO  no build target found for /Users/onurercen/Desktop/ml4j/tensor/Shape.java. Using fallback presentation compiler.
2026.07.28 10:32:00 INFO  no build target found for /Users/onurercen/Desktop/ml4j/tensor/Shape.java. Using fallback presentation compiler.
2026.07.28 10:32:00 INFO  no build target found for /Users/onurercen/Desktop/ml4j/tensor/Shape.java. Using fallback presentation compiler.
2026.07.28 10:32:01 INFO  no build target found for /Users/onurercen/Desktop/ml4j/tensor/Shape.java. Using fallback presentation compiler.
2026.07.28 10:32:00 INFO  no build target found for /Users/onurercen/Desktop/ml4j/tensor/Shape.java. Using fallback presentation compiler.
2026.07.28 10:32:00 INFO  no build target found for /Users/onurercen/Desktop/ml4j/tensor/Shape.java. Using fallback presentation compiler.
2026.07.28 10:32:00 INFO  no build target found for /Users/onurercen/Desktop/ml4j/tensor/Shape.java. Using fallback presentation compiler.
2026.07.28 10:32:01 INFO  no build target found for /Users/onurercen/Desktop/ml4j/tensor/Shape.java. Using fallback presentation compiler.
2026.07.28 10:32:02 INFO  no build target found for /Users/onurercen/Desktop/ml4j/tensor/Shape.java. Using fallback presentation compiler.
2026.07.28 10:32:02 INFO  no build target found for /Users/onurercen/Desktop/ml4j/tensor/Shape.java. Using fallback presentation compiler.
2026.07.28 10:32:02 INFO  no build target found for /Users/onurercen/Desktop/ml4j/tensor/Shape.java. Using fallback presentation compiler.
2026.07.28 10:32:03 INFO  no build target found for /Users/onurercen/Desktop/ml4j/tensor/Shape.java. Using fallback presentation compiler.
2026.07.28 10:32:03 INFO  no build target found for /Users/onurercen/Desktop/ml4j/tensor/Shape.java. Using fallback presentation compiler.
2026.07.28 10:32:03 INFO  no build target found for /Users/onurercen/Desktop/ml4j/tensor/Shape.java. Using fallback presentation compiler.
2026.07.28 10:32:03 INFO  no build target found for /Users/onurercen/Desktop/ml4j/tensor/Shape.java. Using fallback presentation compiler.
2026.07.28 10:32:04 INFO  no build target found for /Users/onurercen/Desktop/ml4j/tensor/Shape.java. Using fallback presentation compiler.
2026.07.28 10:32:04 WARN  no build target for: /Users/onurercen/Desktop/ml4j/tensor/Shape.java
2026.07.28 10:32:04 INFO  no build target found for /Users/onurercen/Desktop/ml4j/tensor/Shape.java. Using fallback presentation compiler.
2026.07.28 10:32:08 INFO  no build target found for /Users/onurercen/Desktop/ml4j/tensor/Shape.java. Using fallback presentation compiler.
2026.07.28 10:32:10 INFO  no build target found for /Users/onurercen/Desktop/ml4j/tensor/Shape.java. Using fallback presentation compiler.
2026.07.28 10:32:10 INFO  no build target found for /Users/onurercen/Desktop/ml4j/tensor/Shape.java. Using fallback presentation compiler.
2026.07.28 10:32:10 INFO  no build target found for /Users/onurercen/Desktop/ml4j/tensor/Shape.java. Using fallback presentation compiler.
2026.07.28 10:32:10 INFO  no build target found for /Users/onurercen/Desktop/ml4j/tensor/Shape.java. Using fallback presentation compiler.
2026.07.28 10:32:10 INFO  no build target found for /Users/onurercen/Desktop/ml4j/tensor/Shape.java. Using fallback presentation compiler.
2026.07.28 10:32:10 INFO  no build target found for /Users/onurercen/Desktop/ml4j/tensor/Shape.java. Using fallback presentation compiler.
2026.07.28 10:32:10 INFO  no build target found for /Users/onurercen/Desktop/ml4j/tensor/Shape.java. Using fallback presentation compiler.
2026.07.28 10:32:10 INFO  no build target found for /Users/onurercen/Desktop/ml4j/tensor/Shape.java. Using fallback presentation compiler.
2026.07.28 10:32:10 INFO  no build target found for /Users/onurercen/Desktop/ml4j/tensor/Shape.java. Using fallback presentation compiler.
2026.07.28 10:32:11 INFO  no build target found for /Users/onurercen/Desktop/ml4j/tensor/Shape.java. Using fallback presentation compiler.
2026.07.28 10:32:11 INFO  no build target found for /Users/onurercen/Desktop/ml4j/tensor/Shape.java. Using fallback presentation compiler.
2026.07.28 10:32:11 INFO  no build target found for /Users/onurercen/Desktop/ml4j/tensor/Shape.java. Using fallback presentation compiler.
2026.07.28 10:32:11 INFO  no build target found for /Users/onurercen/Desktop/ml4j/tensor/Shape.java. Using fallback presentation compiler.
2026.07.28 10:32:11 INFO  no build target found for /Users/onurercen/Desktop/ml4j/tensor/Shape.java. Using fallback presentation compiler.
2026.07.28 10:32:11 INFO  no build target found for /Users/onurercen/Desktop/ml4j/tensor/Shape.java. Using fallback presentation compiler.
2026.07.28 10:32:11 INFO  no build target found for /Users/onurercen/Desktop/ml4j/tensor/Shape.java. Using fallback presentation compiler.
2026.07.28 10:32:12 INFO  no build target found for /Users/onurercen/Desktop/ml4j/tensor/Shape.java. Using fallback presentation compiler.
2026.07.28 10:32:11 INFO  no build target found for /Users/onurercen/Desktop/ml4j/tensor/Shape.java. Using fallback presentation compiler.
2026.07.28 10:32:11 INFO  no build target found for /Users/onurercen/Desktop/ml4j/tensor/Shape.java. Using fallback presentation compiler.
2026.07.28 10:32:12 INFO  no build target found for /Users/onurercen/Desktop/ml4j/tensor/Shape.java. Using fallback presentation compiler.
2026.07.28 10:32:12 INFO  no build target found for /Users/onurercen/Desktop/ml4j/tensor/Shape.java. Using fallback presentation compiler.
2026.07.28 10:32:12 INFO  no build target found for /Users/onurercen/Desktop/ml4j/tensor/Shape.java. Using fallback presentation compiler.
2026.07.28 10:32:12 INFO  no build target found for /Users/onurercen/Desktop/ml4j/tensor/Shape.java. Using fallback presentation compiler.
2026.07.28 10:32:12 INFO  no build target found for /Users/onurercen/Desktop/ml4j/tensor/Shape.java. Using fallback presentation compiler.
2026.07.28 10:32:12 INFO  no build target found for /Users/onurercen/Desktop/ml4j/tensor/Shape.java. Using fallback presentation compiler.
2026.07.28 10:32:13 INFO  no build target found for /Users/onurercen/Desktop/ml4j/tensor/Shape.java. Using fallback presentation compiler.
2026.07.28 10:32:12 INFO  no build target found for /Users/onurercen/Desktop/ml4j/tensor/Shape.java. Using fallback presentation compiler.
2026.07.28 10:32:13 INFO  no build target found for /Users/onurercen/Desktop/ml4j/tensor/Shape.java. Using fallback presentation compiler.
2026.07.28 10:32:13 INFO  no build target found for /Users/onurercen/Desktop/ml4j/tensor/Shape.java. Using fallback presentation compiler.
2026.07.28 10:32:13 INFO  no build target found for /Users/onurercen/Desktop/ml4j/tensor/Shape.java. Using fallback presentation compiler.
2026.07.28 10:32:13 INFO  no build target found for /Users/onurercen/Desktop/ml4j/tensor/Shape.java. Using fallback presentation compiler.
2026.07.28 10:32:13 INFO  no build target found for /Users/onurercen/Desktop/ml4j/tensor/Shape.java. Using fallback presentation compiler.
2026.07.28 10:32:13 INFO  no build target found for /Users/onurercen/Desktop/ml4j/tensor/Shape.java. Using fallback presentation compiler.
2026.07.28 10:32:14 INFO  no build target found for /Users/onurercen/Desktop/ml4j/tensor/Shape.java. Using fallback presentation compiler.
2026.07.28 10:32:13 INFO  no build target found for /Users/onurercen/Desktop/ml4j/tensor/Shape.java. Using fallback presentation compiler.
2026.07.28 10:32:14 INFO  no build target found for /Users/onurercen/Desktop/ml4j/tensor/Shape.java. Using fallback presentation compiler.
2026.07.28 10:32:14 INFO  no build target found for /Users/onurercen/Desktop/ml4j/tensor/Shape.java. Using fallback presentation compiler.
2026.07.28 10:32:16 INFO  no build target found for /Users/onurercen/Desktop/ml4j/tensor/Shape.java. Using fallback presentation compiler.
2026.07.28 10:32:16 INFO  no build target found for /Users/onurercen/Desktop/ml4j/tensor/Shape.java. Using fallback presentation compiler.
2026.07.28 10:32:16 INFO  no build target found for /Users/onurercen/Desktop/ml4j/tensor/Shape.java. Using fallback presentation compiler.
2026.07.28 10:32:18 INFO  no build target found for /Users/onurercen/Desktop/ml4j/tensor/Shape.java. Using fallback presentation compiler.
2026.07.28 10:32:18 INFO  no build target found for /Users/onurercen/Desktop/ml4j/tensor/Shape.java. Using fallback presentation compiler.
2026.07.28 10:32:18 INFO  no build target found for /Users/onurercen/Desktop/ml4j/tensor/Shape.java. Using fallback presentation compiler.
2026.07.28 10:32:18 INFO  no build target found for /Users/onurercen/Desktop/ml4j/tensor/Shape.java. Using fallback presentation compiler.
2026.07.28 10:32:20 INFO  no build target found for /Users/onurercen/Desktop/ml4j/tensor/Shape.java. Using fallback presentation compiler.
2026.07.28 10:32:20 INFO  no build target found for /Users/onurercen/Desktop/ml4j/tensor/Shape.java. Using fallback presentation compiler.
2026.07.28 10:32:20 INFO  no build target found for /Users/onurercen/Desktop/ml4j/tensor/Shape.java. Using fallback presentation compiler.
2026.07.28 10:32:20 INFO  no build target found for /Users/onurercen/Desktop/ml4j/tensor/Shape.java. Using fallback presentation compiler.
2026.07.28 10:32:22 WARN  no build target for: /Users/onurercen/Desktop/ml4j/tensor/Shape.java
2026.07.28 10:32:22 INFO  no build target found for /Users/onurercen/Desktop/ml4j/tensor/Shape.java. Using fallback presentation compiler.
2026.07.28 10:32:23 INFO  no build target found for /Users/onurercen/Desktop/ml4j/tensor/Shape.java. Using fallback presentation compiler.
2026.07.28 10:32:23 INFO  no build target found for /Users/onurercen/Desktop/ml4j/tensor/Shape.java. Using fallback presentation compiler.
2026.07.28 10:32:24 INFO  no build target found for /Users/onurercen/Desktop/ml4j/tensor/Shape.java. Using fallback presentation compiler.
2026.07.28 10:32:24 INFO  no build target found for /Users/onurercen/Desktop/ml4j/tensor/Shape.java. Using fallback presentation compiler.
2026.07.28 10:32:24 INFO  no build target found for /Users/onurercen/Desktop/ml4j/tensor/Shape.java. Using fallback presentation compiler.
2026.07.28 10:32:24 INFO  no build target found for /Users/onurercen/Desktop/ml4j/tensor/Shape.java. Using fallback presentation compiler.
2026.07.28 10:32:25 INFO  no build target found for /Users/onurercen/Desktop/ml4j/tensor/Shape.java. Using fallback presentation compiler.
2026.07.28 10:32:26 WARN  no build target for: /Users/onurercen/Desktop/ml4j/tensor/Shape.java
2026.07.28 10:32:25 INFO  no build target found for /Users/onurercen/Desktop/ml4j/tensor/Shape.java. Using fallback presentation compiler.
2026.07.28 10:32:26 WARN  no build target for: /Users/onurercen/Desktop/ml4j/tensor/Shape.java
2026.07.28 10:32:26 INFO  no build target found for /Users/onurercen/Desktop/ml4j/tensor/Shape.java. Using fallback presentation compiler.
2026.07.28 10:32:28 INFO  no build target found for /Users/onurercen/Desktop/ml4j/tensor/Shape.java. Using fallback presentation compiler.
2026.07.28 10:47:27 INFO  no build target found for /Users/onurercen/Desktop/ml4j/tensor/Shape.java. Using fallback presentation compiler.
2026.07.28 10:47:27 INFO  no build target found for /Users/onurercen/Desktop/ml4j/tensor/Shape.java. Using fallback presentation compiler.
2026.07.28 10:47:27 INFO  no build target found for /Users/onurercen/Desktop/ml4j/tensor/Shape.java. Using fallback presentation compiler.
2026.07.28 10:47:28 INFO  no build target found for /Users/onurercen/Desktop/ml4j/tensor/Shape.java. Using fallback presentation compiler.
2026.07.28 10:47:28 INFO  no build target found for /Users/onurercen/Desktop/ml4j/tensor/Shape.java. Using fallback presentation compiler.
2026.07.28 10:47:28 INFO  no build target found for /Users/onurercen/Desktop/ml4j/tensor/Shape.java. Using fallback presentation compiler.
2026.07.28 10:47:28 INFO  no build target found for /Users/onurercen/Desktop/ml4j/tensor/Shape.java. Using fallback presentation compiler.
2026.07.28 10:47:29 INFO  no build target found for /Users/onurercen/Desktop/ml4j/tensor/Shape.java. Using fallback presentation compiler.
2026.07.28 10:47:28 INFO  no build target found for /Users/onurercen/Desktop/ml4j/tensor/Shape.java. Using fallback presentation compiler.
2026.07.28 10:47:28 INFO  no build target found for /Users/onurercen/Desktop/ml4j/tensor/Shape.java. Using fallback presentation compiler.
2026.07.28 10:47:29 INFO  no build target found for /Users/onurercen/Desktop/ml4j/tensor/Shape.java. Using fallback presentation compiler.
2026.07.28 10:47:28 INFO  no build target found for /Users/onurercen/Desktop/ml4j/tensor/Shape.java. Using fallback presentation compiler.
2026.07.28 10:47:28 INFO  no build target found for /Users/onurercen/Desktop/ml4j/tensor/Shape.java. Using fallback presentation compiler.
2026.07.28 10:47:28 INFO  no build target found for /Users/onurercen/Desktop/ml4j/tensor/Shape.java. Using fallback presentation compiler.
2026.07.28 10:47:28 INFO  no build target found for /Users/onurercen/Desktop/ml4j/tensor/Shape.java. Using fallback presentation compiler.
2026.07.28 10:47:29 INFO  no build target found for /Users/onurercen/Desktop/ml4j/tensor/Shape.java. Using fallback presentation compiler.
2026.07.28 10:47:29 INFO  no build target found for /Users/onurercen/Desktop/ml4j/tensor/Shape.java. Using fallback presentation compiler.
2026.07.28 10:47:29 INFO  no build target found for /Users/onurercen/Desktop/ml4j/tensor/Shape.java. Using fallback presentation compiler.
2026.07.28 10:47:29 INFO  no build target found for /Users/onurercen/Desktop/ml4j/tensor/Shape.java. Using fallback presentation compiler.
2026.07.28 10:47:29 INFO  no build target found for /Users/onurercen/Desktop/ml4j/tensor/Shape.java. Using fallback presentation compiler.
2026.07.28 10:47:29 INFO  no build target found for /Users/onurercen/Desktop/ml4j/tensor/Shape.java. Using fallback presentation compiler.
2026.07.28 10:47:30 INFO  no build target found for /Users/onurercen/Desktop/ml4j/tensor/Shape.java. Using fallback presentation compiler.
2026.07.28 10:47:29 INFO  no build target found for /Users/onurercen/Desktop/ml4j/tensor/Shape.java. Using fallback presentation compiler.
2026.07.28 10:47:31 INFO  no build target found for /Users/onurercen/Desktop/ml4j/tensor/Shape.java. Using fallback presentation compiler.
2026.07.28 10:47:31 INFO  no build target found for /Users/onurercen/Desktop/ml4j/tensor/Shape.java. Using fallback presentation compiler.
2026.07.28 10:47:31 INFO  no build target found for /Users/onurercen/Desktop/ml4j/tensor/Shape.java. Using fallback presentation compiler.
2026.07.28 10:47:31 INFO  no build target found for /Users/onurercen/Desktop/ml4j/tensor/Shape.java. Using fallback presentation compiler.
2026.07.28 10:47:31 INFO  no build target found for /Users/onurercen/Desktop/ml4j/tensor/Shape.java. Using fallback presentation compiler.
2026.07.28 10:47:31 INFO  no build target found for /Users/onurercen/Desktop/ml4j/tensor/Shape.java. Using fallback presentation compiler.
2026.07.28 10:47:31 INFO  no build target found for /Users/onurercen/Desktop/ml4j/tensor/Shape.java. Using fallback presentation compiler.
2026.07.28 10:47:32 INFO  no build target found for /Users/onurercen/Desktop/ml4j/tensor/Shape.java. Using fallback presentation compiler.
2026.07.28 10:47:32 INFO  no build target found for /Users/onurercen/Desktop/ml4j/tensor/Shape.java. Using fallback presentation compiler.
2026.07.28 10:47:32 INFO  no build target found for /Users/onurercen/Desktop/ml4j/tensor/Shape.java. Using fallback presentation compiler.
2026.07.28 10:47:33 INFO  no build target found for /Users/onurercen/Desktop/ml4j/tensor/Shape.java. Using fallback presentation compiler.
2026.07.28 10:47:33 INFO  no build target found for /Users/onurercen/Desktop/ml4j/tensor/Shape.java. Using fallback presentation compiler.
2026.07.28 10:47:33 INFO  no build target found for /Users/onurercen/Desktop/ml4j/tensor/Shape.java. Using fallback presentation compiler.
2026.07.28 10:47:34 INFO  no build target found for /Users/onurercen/Desktop/ml4j/tensor/Shape.java. Using fallback presentation compiler.
2026.07.28 10:47:34 INFO  no build target found for /Users/onurercen/Desktop/ml4j/tensor/Shape.java. Using fallback presentation compiler.
2026.07.28 10:47:35 INFO  no build target found for /Users/onurercen/Desktop/ml4j/tensor/Shape.java. Using fallback presentation compiler.
2026.07.28 10:47:34 INFO  no build target found for /Users/onurercen/Desktop/ml4j/tensor/Shape.java. Using fallback presentation compiler.
2026.07.28 10:47:34 INFO  no build target found for /Users/onurercen/Desktop/ml4j/tensor/Shape.java. Using fallback presentation compiler.
2026.07.28 10:47:34 INFO  no build target found for /Users/onurercen/Desktop/ml4j/tensor/Shape.java. Using fallback presentation compiler.
2026.07.28 10:47:35 INFO  no build target found for /Users/onurercen/Desktop/ml4j/tensor/Shape.java. Using fallback presentation compiler.
2026.07.28 10:47:34 INFO  no build target found for /Users/onurercen/Desktop/ml4j/tensor/Shape.java. Using fallback presentation compiler.
2026.07.28 10:47:34 INFO  no build target found for /Users/onurercen/Desktop/ml4j/tensor/Shape.java. Using fallback presentation compiler.
2026.07.28 10:47:35 INFO  no build target found for /Users/onurercen/Desktop/ml4j/tensor/Shape.java. Using fallback presentation compiler.
2026.07.28 10:47:35 INFO  no build target found for /Users/onurercen/Desktop/ml4j/tensor/Shape.java. Using fallback presentation compiler.
2026.07.28 10:47:35 INFO  no build target found for /Users/onurercen/Desktop/ml4j/tensor/Shape.java. Using fallback presentation compiler.
2026.07.28 10:47:35 INFO  no build target found for /Users/onurercen/Desktop/ml4j/tensor/Shape.java. Using fallback presentation compiler.
2026.07.28 10:47:35 INFO  no build target found for /Users/onurercen/Desktop/ml4j/tensor/Shape.java. Using fallback presentation compiler.
2026.07.28 10:47:35 INFO  no build target found for /Users/onurercen/Desktop/ml4j/tensor/Shape.java. Using fallback presentation compiler.
2026.07.28 10:47:36 INFO  no build target found for /Users/onurercen/Desktop/ml4j/tensor/Shape.java. Using fallback presentation compiler.
2026.07.28 10:47:35 INFO  no build target found for /Users/onurercen/Desktop/ml4j/tensor/Shape.java. Using fallback presentation compiler.
2026.07.28 10:47:35 INFO  no build target found for /Users/onurercen/Desktop/ml4j/tensor/Shape.java. Using fallback presentation compiler.
2026.07.28 10:47:35 INFO  no build target found for /Users/onurercen/Desktop/ml4j/tensor/Shape.java. Using fallback presentation compiler.
2026.07.28 10:47:36 INFO  no build target found for /Users/onurercen/Desktop/ml4j/tensor/Shape.java. Using fallback presentation compiler.
2026.07.28 10:47:35 INFO  no build target found for /Users/onurercen/Desktop/ml4j/tensor/Shape.java. Using fallback presentation compiler.
2026.07.28 10:47:36 INFO  no build target found for /Users/onurercen/Desktop/ml4j/tensor/Shape.java. Using fallback presentation compiler.
2026.07.28 10:47:37 INFO  no build target found for /Users/onurercen/Desktop/ml4j/tensor/Shape.java. Using fallback presentation compiler.
2026.07.28 10:47:40 INFO  no build target found for /Users/onurercen/Desktop/ml4j/tensor/Shape.java. Using fallback presentation compiler.
2026.07.28 10:47:40 INFO  no build target found for /Users/onurercen/Desktop/ml4j/tensor/Shape.java. Using fallback presentation compiler.
2026.07.28 10:47:40 INFO  no build target found for /Users/onurercen/Desktop/ml4j/tensor/Shape.java. Using fallback presentation compiler.
2026.07.28 10:47:40 INFO  no build target found for /Users/onurercen/Desktop/ml4j/tensor/Shape.java. Using fallback presentation compiler.
2026.07.28 10:47:40 INFO  no build target found for /Users/onurercen/Desktop/ml4j/tensor/Shape.java. Using fallback presentation compiler.
2026.07.28 10:47:40 INFO  no build target found for /Users/onurercen/Desktop/ml4j/tensor/Shape.java. Using fallback presentation compiler.
2026.07.28 10:47:40 INFO  no build target found for /Users/onurercen/Desktop/ml4j/tensor/Shape.java. Using fallback presentation compiler.
2026.07.28 10:47:40 INFO  no build target found for /Users/onurercen/Desktop/ml4j/tensor/Shape.java. Using fallback presentation compiler.
2026.07.28 10:47:40 INFO  no build target found for /Users/onurercen/Desktop/ml4j/tensor/Shape.java. Using fallback presentation compiler.
2026.07.28 10:47:41 INFO  no build target found for /Users/onurercen/Desktop/ml4j/tensor/Shape.java. Using fallback presentation compiler.
2026.07.28 10:47:41 INFO  no build target found for /Users/onurercen/Desktop/ml4j/tensor/Shape.java. Using fallback presentation compiler.
2026.07.28 10:47:41 INFO  no build target found for /Users/onurercen/Desktop/ml4j/tensor/Shape.java. Using fallback presentation compiler.
2026.07.28 10:47:41 INFO  no build target found for /Users/onurercen/Desktop/ml4j/tensor/Shape.java. Using fallback presentation compiler.
2026.07.28 10:47:41 INFO  no build target found for /Users/onurercen/Desktop/ml4j/tensor/Shape.java. Using fallback presentation compiler.
2026.07.28 10:47:41 INFO  no build target found for /Users/onurercen/Desktop/ml4j/tensor/Shape.java. Using fallback presentation compiler.
2026.07.28 10:47:42 INFO  no build target found for /Users/onurercen/Desktop/ml4j/tensor/Shape.java. Using fallback presentation compiler.
2026.07.28 10:47:41 INFO  no build target found for /Users/onurercen/Desktop/ml4j/tensor/Shape.java. Using fallback presentation compiler.
2026.07.28 10:47:41 INFO  no build target found for /Users/onurercen/Desktop/ml4j/tensor/Shape.java. Using fallback presentation compiler.
2026.07.28 10:47:42 INFO  no build target found for /Users/onurercen/Desktop/ml4j/tensor/Shape.java. Using fallback presentation compiler.
2026.07.28 10:47:42 INFO  no build target found for /Users/onurercen/Desktop/ml4j/tensor/Shape.java. Using fallback presentation compiler.
2026.07.28 10:47:42 INFO  no build target found for /Users/onurercen/Desktop/ml4j/tensor/Shape.java. Using fallback presentation compiler.
2026.07.28 10:47:42 INFO  no build target found for /Users/onurercen/Desktop/ml4j/tensor/Shape.java. Using fallback presentation compiler.
2026.07.28 10:47:42 INFO  no build target found for /Users/onurercen/Desktop/ml4j/tensor/Shape.java. Using fallback presentation compiler.
2026.07.28 10:47:42 INFO  no build target found for /Users/onurercen/Desktop/ml4j/tensor/Shape.java. Using fallback presentation compiler.
2026.07.28 10:47:42 INFO  no build target found for /Users/onurercen/Desktop/ml4j/tensor/Shape.java. Using fallback presentation compiler.
2026.07.28 10:47:42 INFO  no build target found for /Users/onurercen/Desktop/ml4j/tensor/Shape.java. Using fallback presentation compiler.
2026.07.28 10:47:43 INFO  no build target found for /Users/onurercen/Desktop/ml4j/tensor/Shape.java. Using fallback presentation compiler.
2026.07.28 10:47:42 INFO  no build target found for /Users/onurercen/Desktop/ml4j/tensor/Shape.java. Using fallback presentation compiler.
2026.07.28 10:47:42 INFO  no build target found for /Users/onurercen/Desktop/ml4j/tensor/Shape.java. Using fallback presentation compiler.
2026.07.28 10:47:43 INFO  no build target found for /Users/onurercen/Desktop/ml4j/tensor/Shape.java. Using fallback presentation compiler.
2026.07.28 10:47:43 INFO  no build target found for /Users/onurercen/Desktop/ml4j/tensor/Shape.java. Using fallback presentation compiler.
2026.07.28 10:47:43 INFO  no build target found for /Users/onurercen/Desktop/ml4j/tensor/Shape.java. Using fallback presentation compiler.
2026.07.28 10:47:43 INFO  no build target found for /Users/onurercen/Desktop/ml4j/tensor/Shape.java. Using fallback presentation compiler.
2026.07.28 10:47:44 INFO  no build target found for /Users/onurercen/Desktop/ml4j/tensor/Shape.java. Using fallback presentation compiler.
2026.07.28 10:47:43 INFO  no build target found for /Users/onurercen/Desktop/ml4j/tensor/Shape.java. Using fallback presentation compiler.
2026.07.28 10:47:43 INFO  no build target found for /Users/onurercen/Desktop/ml4j/tensor/Shape.java. Using fallback presentation compiler.
2026.07.28 10:47:44 INFO  no build target found for /Users/onurercen/Desktop/ml4j/tensor/Shape.java. Using fallback presentation compiler.
2026.07.28 10:47:43 INFO  no build target found for /Users/onurercen/Desktop/ml4j/tensor/Shape.java. Using fallback presentation compiler.
2026.07.28 10:47:43 INFO  no build target found for /Users/onurercen/Desktop/ml4j/tensor/Shape.java. Using fallback presentation compiler.
2026.07.28 10:47:44 INFO  no build target found for /Users/onurercen/Desktop/ml4j/tensor/Shape.java. Using fallback presentation compiler.
2026.07.28 10:47:44 INFO  no build target found for /Users/onurercen/Desktop/ml4j/tensor/Shape.java. Using fallback presentation compiler.
2026.07.28 10:47:44 INFO  no build target found for /Users/onurercen/Desktop/ml4j/tensor/Shape.java. Using fallback presentation compiler.
2026.07.28 10:47:44 INFO  no build target found for /Users/onurercen/Desktop/ml4j/tensor/Shape.java. Using fallback presentation compiler.
2026.07.28 10:47:44 INFO  no build target found for /Users/onurercen/Desktop/ml4j/tensor/Shape.java. Using fallback presentation compiler.
2026.07.28 10:47:45 INFO  no build target found for /Users/onurercen/Desktop/ml4j/tensor/Shape.java. Using fallback presentation compiler.
2026.07.28 10:47:46 INFO  no build target found for /Users/onurercen/Desktop/ml4j/tensor/Shape.java. Using fallback presentation compiler.
2026.07.28 10:47:53 WARN  no build target for: /Users/onurercen/Desktop/ml4j/tensor/Shape.java
2026.07.28 10:47:53 INFO  no build target found for /Users/onurercen/Desktop/ml4j/tensor/Shape.java. Using fallback presentation compiler.
2026.07.28 10:47:53 WARN  no build target for: /Users/onurercen/Desktop/ml4j/tensor/Shape.java
2026.07.28 10:47:53 INFO  no build target found for /Users/onurercen/Desktop/ml4j/tensor/Shape.java. Using fallback presentation compiler.
2026.07.28 10:54:58 INFO  Detected new build tool in /Users/onurercen/Desktop/ml4j
2026.07.28 10:54:58 WARN  Could not calculate checksum for mvn in /Users/onurercen/Desktop/ml4j
2026.07.28 10:54:58 WARN  Build server is not auto-connectable.
2026.07.28 10:55:18 INFO  running '/opt/homebrew/Cellar/openjdk@21/21.0.11/libexec/openjdk.jdk/Contents/Home/bin/java -Dfile.encoding=UTF-8 -Dmaven.multiModuleProjectDirectory=/Users/onurercen/Desktop/ml4j -Dmaven.home=/var/folders/n0/7_4msj25589_dgbxm7pfkf200000gn/T/metals5175264041570934163 -cp /var/folders/n0/7_4msj25589_dgbxm7pfkf200000gn/T/metals5175264041570934163/maven-wrapper.jar org.apache.maven.wrapper.MavenWrapperMain generate-sources ch.epfl.scala:bloop-maven-plugin:2.0.5:bloopInstall -DdownloadSources=true'
2026.07.28 10:55:20 INFO  [INFO] Scanning for projects...
2026.07.28 10:55:20 INFO  Downloading from central: https://repo.maven.apache.org/maven2/ch/epfl/scala/bloop-maven-plugin/2.0.5/bloop-maven-plugin-2.0.5.pom
2026.07.28 10:55:20 INFO  Progress (1): 1.1 kB
2026.07.28 10:55:20 INFO  Progress (1): 2.5 kB
2026.07.28 10:55:20 INFO  Progress (1): 5.6 kB
2026.07.28 10:55:20 INFO  Progress (1): 8.0 kB
2026.07.28 10:55:20 INFO                      
2026.07.28 10:55:20 INFO  Downloaded from central: https://repo.maven.apache.org/maven2/ch/epfl/scala/bloop-maven-plugin/2.0.5/bloop-maven-plugin-2.0.5.pom (8.0 kB at 33 kB/s)
2026.07.28 10:55:20 INFO  Downloading from central: https://repo.maven.apache.org/maven2/ch/epfl/scala/bloop-maven-plugin/2.0.5/bloop-maven-plugin-2.0.5.jar
2026.07.28 10:55:20 INFO  Progress (1): 0.9/53 kB
2026.07.28 10:55:20 INFO  Progress (1): 2.3/53 kB
2026.07.28 10:55:20 INFO  Progress (1): 3.6/53 kB
2026.07.28 10:55:20 INFO  Progress (1): 5.0/53 kB
2026.07.28 10:55:20 INFO  Progress (1): 6.4/53 kB
2026.07.28 10:55:20 INFO  Progress (1): 7.7/53 kB
2026.07.28 10:55:20 INFO  Progress (1): 9.1/53 kB
2026.07.28 10:55:20 INFO  Progress (1): 10/53 kB 
2026.07.28 10:55:20 INFO  Progress (1): 12/53 kB
2026.07.28 10:55:20 INFO  Progress (1): 13/53 kB
2026.07.28 10:55:20 INFO  Progress (1): 15/53 kB
2026.07.28 10:55:20 INFO  Progress (1): 16/53 kB
2026.07.28 10:55:20 INFO  Progress (1): 17/53 kB
2026.07.28 10:55:20 INFO  Progress (1): 19/53 kB
2026.07.28 10:55:20 INFO  Progress (1): 20/53 kB
2026.07.28 10:55:20 INFO  Progress (1): 21/53 kB
2026.07.28 10:55:20 INFO  Progress (1): 23/53 kB
2026.07.28 10:55:20 INFO  Progress (1): 24/53 kB
2026.07.28 10:55:20 INFO  Progress (1): 25/53 kB
2026.07.28 10:55:20 INFO  Progress (1): 27/53 kB
2026.07.28 10:55:20 INFO  Progress (1): 28/53 kB
2026.07.28 10:55:20 INFO  Progress (1): 30/53 kB
2026.07.28 10:55:20 INFO  Progress (1): 31/53 kB
2026.07.28 10:55:20 INFO  Progress (1): 32/53 kB
2026.07.28 10:55:20 INFO  Progress (1): 34/53 kB
2026.07.28 10:55:20 INFO  Progress (1): 35/53 kB
2026.07.28 10:55:20 INFO  Progress (1): 36/53 kB
2026.07.28 10:55:20 INFO  Progress (1): 38/53 kB
2026.07.28 10:55:20 INFO  Progress (1): 39/53 kB
2026.07.28 10:55:20 INFO  Progress (1): 41/53 kB
2026.07.28 10:55:20 INFO  Progress (1): 42/53 kB
2026.07.28 10:55:20 INFO  Progress (1): 43/53 kB
2026.07.28 10:55:20 INFO  Progress (1): 45/53 kB
2026.07.28 10:55:20 INFO  Progress (1): 46/53 kB
2026.07.28 10:55:20 INFO  Progress (1): 47/53 kB
2026.07.28 10:55:20 INFO  Progress (1): 49/53 kB
2026.07.28 10:55:20 INFO  Progress (1): 50/53 kB
2026.07.28 10:55:20 INFO  Progress (1): 51/53 kB
2026.07.28 10:55:20 INFO  Progress (1): 53 kB   
2026.07.28 10:55:20 INFO                     
2026.07.28 10:55:20 INFO  Downloaded from central: https://repo.maven.apache.org/maven2/ch/epfl/scala/bloop-maven-plugin/2.0.5/bloop-maven-plugin-2.0.5.jar (53 kB at 595 kB/s)
2026.07.28 10:55:20 INFO  [INFO] 
2026.07.28 10:55:20 INFO  [INFO] ----------------------------< io.ml4j:ml4j >----------------------------
2026.07.28 10:55:20 INFO  [INFO] Building ml4j 0.1.0
2026.07.28 10:55:20 INFO  [INFO]   from pom.xml
2026.07.28 10:55:20 INFO  [INFO] --------------------------------[ jar ]---------------------------------
2026.07.28 10:55:20 INFO  [INFO] 
2026.07.28 10:55:20 INFO  [INFO] --- bloop:2.0.5:bloopInstall (default-cli) @ ml4j ---
2026.07.28 10:55:20 INFO  Downloading from central: https://repo.maven.apache.org/maven2/org/scala-lang/scala-library/2.13.8/scala-library-2.13.8.pom
2026.07.28 10:55:20 INFO  Progress (1): 1.2 kB
2026.07.28 10:55:20 INFO  Progress (1): 1.6 kB
2026.07.28 10:55:20 INFO                      
2026.07.28 10:55:20 INFO  Downloaded from central: https://repo.maven.apache.org/maven2/org/scala-lang/scala-library/2.13.8/scala-library-2.13.8.pom (1.6 kB at 21 kB/s)
2026.07.28 10:55:20 INFO  Downloading from central: https://repo.maven.apache.org/maven2/ch/epfl/scala/bloop-config_2.13/2.3.3/bloop-config_2.13-2.3.3.pom
2026.07.28 10:55:20 INFO  Progress (1): 1.4 kB
2026.07.28 10:55:20 INFO  Progress (1): 2.3 kB
2026.07.28 10:55:20 INFO                      
2026.07.28 10:55:20 INFO  Downloaded from central: https://repo.maven.apache.org/maven2/ch/epfl/scala/bloop-config_2.13/2.3.3/bloop-config_2.13-2.3.3.pom (2.3 kB at 26 kB/s)
2026.07.28 10:55:20 INFO  Downloading from central: https://repo.maven.apache.org/maven2/com/github/plokhotnyuk/jsoniter-scala/jsoniter-scala-core_2.13/2.13.5.2/jsoniter-scala-core_2.13-2.13.5.2.pom
2026.07.28 10:55:20 INFO  Progress (1): 1.4 kB
2026.07.28 10:55:20 INFO  Progress (1): 2.4 kB
2026.07.28 10:55:20 INFO                      
2026.07.28 10:55:20 INFO  Downloaded from central: https://repo.maven.apache.org/maven2/com/github/plokhotnyuk/jsoniter-scala/jsoniter-scala-core_2.13/2.13.5.2/jsoniter-scala-core_2.13-2.13.5.2.pom (2.4 kB at 31 kB/s)
2026.07.28 10:55:20 INFO  Downloading from central: https://repo.maven.apache.org/maven2/com/lihaoyi/unroll-annotation_2.13/0.1.12/unroll-annotation_2.13-0.1.12.pom
2026.07.28 10:55:20 INFO  Progress (1): 1.3 kB
2026.07.28 10:55:20 INFO  Progress (1): 1.5 kB
2026.07.28 10:55:20 INFO                      
2026.07.28 10:55:20 INFO  Downloaded from central: https://repo.maven.apache.org/maven2/com/lihaoyi/unroll-annotation_2.13/0.1.12/unroll-annotation_2.13-0.1.12.pom (1.5 kB at 7.1 kB/s)
2026.07.28 10:55:20 INFO  Downloading from central: https://repo.maven.apache.org/maven2/org/scala-lang/scala-library/2.13.12/scala-library-2.13.12.pom
2026.07.28 10:55:20 INFO  Progress (1): 1.2 kB
2026.07.28 10:55:20 INFO  Progress (1): 1.6 kB
2026.07.28 10:55:20 INFO                      
2026.07.28 10:55:20 INFO  Downloaded from central: https://repo.maven.apache.org/maven2/org/scala-lang/scala-library/2.13.12/scala-library-2.13.12.pom (1.6 kB at 21 kB/s)
2026.07.28 10:55:20 INFO  Downloading from central: https://repo.maven.apache.org/maven2/org/scala-lang/scala-library/2.13.16/scala-library-2.13.16.pom
2026.07.28 10:55:21 INFO  Progress (1): 1.1 kB
2026.07.28 10:55:21 INFO  Progress (1): 1.6 kB
2026.07.28 10:55:21 INFO                      
2026.07.28 10:55:21 INFO  Downloaded from central: https://repo.maven.apache.org/maven2/org/scala-lang/scala-library/2.13.16/scala-library-2.13.16.pom (1.6 kB at 21 kB/s)
2026.07.28 10:55:21 INFO  Downloading from central: https://repo.maven.apache.org/maven2/net/alchim31/maven/scala-maven-plugin/4.8.0/scala-maven-plugin-4.8.0.pom
2026.07.28 10:55:21 INFO  Progress (1): 995 B
2026.07.28 10:55:21 INFO  Progress (1): 3.5 kB
2026.07.28 10:55:21 INFO  Progress (1): 5.9 kB
2026.07.28 10:55:21 INFO  Progress (1): 11 kB 
2026.07.28 10:55:21 INFO  Progress (1): 14 kB
2026.07.28 10:55:21 INFO  Progress (1): 17 kB
2026.07.28 10:55:21 INFO  Progress (1): 21 kB
2026.07.28 10:55:21 INFO  Progress (1): 24 kB
2026.07.28 10:55:21 INFO  Progress (1): 26 kB
2026.07.28 10:55:21 INFO                     
2026.07.28 10:55:21 INFO  Downloaded from central: https://repo.maven.apache.org/maven2/net/alchim31/maven/scala-maven-plugin/4.8.0/scala-maven-plugin-4.8.0.pom (26 kB at 310 kB/s)
2026.07.28 10:55:21 INFO  Downloading from central: https://repo.maven.apache.org/maven2/org/apache/maven/shared/maven-dependency-tree/3.2.1/maven-dependency-tree-3.2.1.pom
2026.07.28 10:55:21 INFO  Progress (1): 786 B
2026.07.28 10:55:21 INFO  Progress (1): 2.2 kB
2026.07.28 10:55:21 INFO  Progress (1): 4.4 kB
2026.07.28 10:55:21 INFO  Progress (1): 6.2 kB
2026.07.28 10:55:21 INFO                      
2026.07.28 10:55:21 INFO  Downloaded from central: https://repo.maven.apache.org/maven2/org/apache/maven/shared/maven-dependency-tree/3.2.1/maven-dependency-tree-3.2.1.pom (6.2 kB at 83 kB/s)
2026.07.28 10:55:21 INFO  Downloading from central: https://repo.maven.apache.org/maven2/org/apache/maven/shared/maven-shared-components/37/maven-shared-components-37.pom
2026.07.28 10:55:21 INFO  Progress (1): 781 B
2026.07.28 10:55:21 INFO  Progress (1): 2.3 kB
2026.07.28 10:55:21 INFO  Progress (1): 4.5 kB
2026.07.28 10:55:21 INFO  Progress (1): 4.9 kB
2026.07.28 10:55:21 INFO                      
2026.07.28 10:55:21 INFO  Downloaded from central: https://repo.maven.apache.org/maven2/org/apache/maven/shared/maven-shared-components/37/maven-shared-components-37.pom (4.9 kB at 62 kB/s)
2026.07.28 10:55:21 INFO  Downloading from central: https://repo.maven.apache.org/maven2/org/apache/maven/maven-parent/37/maven-parent-37.pom
2026.07.28 10:55:21 INFO  Progress (1): 721 B
2026.07.28 10:55:21 INFO  Progress (1): 1.9 kB
2026.07.28 10:55:21 INFO  Progress (1): 5.4 kB
2026.07.28 10:55:21 INFO  Progress (1): 9.5 kB
2026.07.28 10:55:21 INFO  Progress (1): 14 kB 
2026.07.28 10:55:21 INFO  Progress (1): 19 kB
2026.07.28 10:55:21 INFO  Progress (1): 23 kB
2026.07.28 10:55:21 INFO  Progress (1): 25 kB
2026.07.28 10:55:21 INFO  Progress (1): 27 kB
2026.07.28 10:55:21 INFO  Progress (1): 28 kB
2026.07.28 10:55:21 INFO  Progress (1): 31 kB
2026.07.28 10:55:21 INFO  Progress (1): 35 kB
2026.07.28 10:55:21 INFO  Progress (1): 38 kB
2026.07.28 10:55:21 INFO  Progress (1): 41 kB
2026.07.28 10:55:21 INFO  Progress (1): 46 kB
2026.07.28 10:55:21 INFO                     
2026.07.28 10:55:21 INFO  Downloaded from central: https://repo.maven.apache.org/maven2/org/apache/maven/maven-parent/37/maven-parent-37.pom (46 kB at 578 kB/s)
2026.07.28 10:55:21 INFO  Downloading from central: https://repo.maven.apache.org/maven2/org/apache/apache/27/apache-27.pom
2026.07.28 10:55:21 INFO  Progress (1): 745 B
2026.07.28 10:55:21 INFO  Progress (1): 2.1 kB
2026.07.28 10:55:21 INFO  Progress (1): 3.9 kB
2026.07.28 10:55:21 INFO  Progress (1): 7.3 kB
2026.07.28 10:55:21 INFO  Progress (1): 12 kB 
2026.07.28 10:55:21 INFO  Progress (1): 16 kB
2026.07.28 10:55:21 INFO  Progress (1): 19 kB
2026.07.28 10:55:21 INFO  Progress (1): 19 kB
2026.07.28 10:55:21 INFO  Progress (1): 20 kB
2026.07.28 10:55:21 INFO                     
2026.07.28 10:55:21 INFO  Downloaded from central: https://repo.maven.apache.org/maven2/org/apache/apache/27/apache-27.pom (20 kB at 275 kB/s)
2026.07.28 10:55:21 INFO  Downloading from central: https://repo.maven.apache.org/maven2/org/eclipse/aether/aether-util/1.0.0.v20140518/aether-util-1.0.0.v20140518.pom
2026.07.28 10:55:21 INFO  Progress (1): 937 B
2026.07.28 10:55:21 INFO  Progress (1): 2.2 kB
2026.07.28 10:55:21 INFO                      
2026.07.28 10:55:21 INFO  Downloaded from central: https://repo.maven.apache.org/maven2/org/eclipse/aether/aether-util/1.0.0.v20140518/aether-util-1.0.0.v20140518.pom (2.2 kB at 29 kB/s)
2026.07.28 10:55:21 INFO  Downloading from central: https://repo.maven.apache.org/maven2/org/eclipse/aether/aether/1.0.0.v20140518/aether-1.0.0.v20140518.pom
2026.07.28 10:55:21 INFO  Progress (1): 798 B
2026.07.28 10:55:21 INFO  Progress (1): 3.2 kB
2026.07.28 10:55:21 INFO  Progress (1): 5.1 kB
2026.07.28 10:55:21 INFO  Progress (1): 9.1 kB
2026.07.28 10:55:21 INFO  Progress (1): 12 kB 
2026.07.28 10:55:21 INFO  Progress (1): 17 kB
2026.07.28 10:55:21 INFO  Progress (1): 20 kB
2026.07.28 10:55:21 INFO  Progress (1): 21 kB
2026.07.28 10:55:21 INFO  Progress (1): 24 kB
2026.07.28 10:55:21 INFO  Progress (1): 29 kB
2026.07.28 10:55:21 INFO  Progress (1): 30 kB
2026.07.28 10:55:21 INFO                     
2026.07.28 10:55:21 INFO  Downloaded from central: https://repo.maven.apache.org/maven2/org/eclipse/aether/aether/1.0.0.v20140518/aether-1.0.0.v20140518.pom (30 kB at 359 kB/s)
2026.07.28 10:55:21 INFO  Downloading from central: https://repo.maven.apache.org/maven2/org/eclipse/aether/aether-api/1.0.0.v20140518/aether-api-1.0.0.v20140518.pom
2026.07.28 10:55:21 INFO  Progress (1): 938 B
2026.07.28 10:55:21 INFO  Progress (1): 1.9 kB
2026.07.28 10:55:21 INFO                      
2026.07.28 10:55:21 INFO  Downloaded from central: https://repo.maven.apache.org/maven2/org/eclipse/aether/aether-api/1.0.0.v20140518/aether-api-1.0.0.v20140518.pom (1.9 kB at 24 kB/s)
2026.07.28 10:55:21 INFO  Downloading from central: https://repo.maven.apache.org/maven2/org/slf4j/slf4j-api/1.7.36/slf4j-api-1.7.36.pom
2026.07.28 10:55:21 INFO  Progress (1): 1.0 kB
2026.07.28 10:55:21 INFO  Progress (1): 2.7 kB
2026.07.28 10:55:21 INFO                      
2026.07.28 10:55:21 INFO  Downloaded from central: https://repo.maven.apache.org/maven2/org/slf4j/slf4j-api/1.7.36/slf4j-api-1.7.36.pom (2.7 kB at 37 kB/s)
2026.07.28 10:55:21 INFO  Downloading from central: https://repo.maven.apache.org/maven2/org/slf4j/slf4j-parent/1.7.36/slf4j-parent-1.7.36.pom
2026.07.28 10:55:21 INFO  Progress (1): 1.0 kB
2026.07.28 10:55:21 INFO  Progress (1): 3.0 kB
2026.07.28 10:55:21 INFO  Progress (1): 5.9 kB
2026.07.28 10:55:21 INFO  Progress (1): 8.7 kB
2026.07.28 10:55:21 INFO  Progress (1): 12 kB 
2026.07.28 10:55:21 INFO  Progress (1): 14 kB
2026.07.28 10:55:21 INFO                     
2026.07.28 10:55:21 INFO  Downloaded from central: https://repo.maven.apache.org/maven2/org/slf4j/slf4j-parent/1.7.36/slf4j-parent-1.7.36.pom (14 kB at 150 kB/s)
2026.07.28 10:55:21 INFO  Downloading from central: https://repo.maven.apache.org/maven2/org/apache/maven/reporting/maven-reporting-api/3.1.1/maven-reporting-api-3.1.1.pom
2026.07.28 10:55:21 INFO  Progress (1): 778 B
2026.07.28 10:55:21 INFO  Progress (1): 2.2 kB
2026.07.28 10:55:21 INFO  Progress (1): 3.8 kB
2026.07.28 10:55:21 INFO                      
2026.07.28 10:55:21 INFO  Downloaded from central: https://repo.maven.apache.org/maven2/org/apache/maven/reporting/maven-reporting-api/3.1.1/maven-reporting-api-3.1.1.pom (3.8 kB at 46 kB/s)
2026.07.28 10:55:21 INFO  Downloading from central: https://repo.maven.apache.org/maven2/org/apache/maven/shared/maven-shared-components/34/maven-shared-components-34.pom
2026.07.28 10:55:22 INFO  Progress (1): 781 B
2026.07.28 10:55:22 INFO  Progress (1): 2.3 kB
2026.07.28 10:55:22 INFO  Progress (1): 4.6 kB
2026.07.28 10:55:22 INFO  Progress (1): 5.1 kB
2026.07.28 10:55:22 INFO                      
2026.07.28 10:55:22 INFO  Downloaded from central: https://repo.maven.apache.org/maven2/org/apache/maven/shared/maven-shared-components/34/maven-shared-components-34.pom (5.1 kB at 66 kB/s)
2026.07.28 10:55:22 INFO  Downloading from central: https://repo.maven.apache.org/maven2/org/apache/maven/maven-parent/34/maven-parent-34.pom
2026.07.28 10:55:22 INFO  Progress (1): 727 B
2026.07.28 10:55:22 INFO  Progress (1): 1.9 kB
2026.07.28 10:55:22 INFO  Progress (1): 5.4 kB
2026.07.28 10:55:22 INFO  Progress (1): 9.8 kB
2026.07.28 10:55:22 INFO  Progress (1): 14 kB 
2026.07.28 10:55:22 INFO  Progress (1): 19 kB
2026.07.28 10:55:22 INFO  Progress (1): 23 kB
2026.07.28 10:55:22 INFO  Progress (1): 26 kB
2026.07.28 10:55:22 INFO  Progress (1): 27 kB
2026.07.28 10:55:22 INFO  Progress (1): 30 kB
2026.07.28 10:55:22 INFO  Progress (1): 34 kB
2026.07.28 10:55:22 INFO  Progress (1): 37 kB
2026.07.28 10:55:22 INFO  Progress (1): 41 kB
2026.07.28 10:55:22 INFO  Progress (1): 43 kB
2026.07.28 10:55:22 INFO                     
2026.07.28 10:55:22 INFO  Downloaded from central: https://repo.maven.apache.org/maven2/org/apache/maven/maven-parent/34/maven-parent-34.pom (43 kB at 529 kB/s)
2026.07.28 10:55:22 INFO  Downloading from central: https://repo.maven.apache.org/maven2/org/apache/apache/23/apache-23.pom
2026.07.28 10:55:22 INFO  Progress (1): 749 B
2026.07.28 10:55:22 INFO  Progress (1): 2.1 kB
2026.07.28 10:55:22 INFO  Progress (1): 3.9 kB
2026.07.28 10:55:22 INFO  Progress (1): 7.9 kB
2026.07.28 10:55:22 INFO  Progress (1): 13 kB 
2026.07.28 10:55:22 INFO  Progress (1): 16 kB
2026.07.28 10:55:22 INFO  Progress (1): 18 kB
2026.07.28 10:55:22 INFO                     
2026.07.28 10:55:22 INFO  Downloaded from central: https://repo.maven.apache.org/maven2/org/apache/apache/23/apache-23.pom (18 kB at 225 kB/s)
2026.07.28 10:55:22 INFO  Downloading from central: https://repo.maven.apache.org/maven2/org/apache/maven/doxia/doxia-sink-api/1.11.1/doxia-sink-api-1.11.1.pom
2026.07.28 10:55:22 INFO  Progress (1): 835 B
2026.07.28 10:55:22 INFO  Progress (1): 1.6 kB
2026.07.28 10:55:22 INFO                      
2026.07.28 10:55:22 INFO  Downloaded from central: https://repo.maven.apache.org/maven2/org/apache/maven/doxia/doxia-sink-api/1.11.1/doxia-sink-api-1.11.1.pom (1.6 kB at 19 kB/s)
2026.07.28 10:55:22 INFO  Downloading from central: https://repo.maven.apache.org/maven2/org/apache/maven/doxia/doxia/1.11.1/doxia-1.11.1.pom
2026.07.28 10:55:22 INFO  Progress (1): 755 B
2026.07.28 10:55:22 INFO  Progress (1): 2.2 kB
2026.07.28 10:55:22 INFO  Progress (1): 3.7 kB
2026.07.28 10:55:22 INFO  Progress (1): 8.9 kB
2026.07.28 10:55:22 INFO  Progress (1): 12 kB 
2026.07.28 10:55:22 INFO  Progress (1): 16 kB
2026.07.28 10:55:22 INFO  Progress (1): 18 kB
2026.07.28 10:55:22 INFO                     
2026.07.28 10:55:22 INFO  Downloaded from central: https://repo.maven.apache.org/maven2/org/apache/maven/doxia/doxia/1.11.1/doxia-1.11.1.pom (18 kB at 231 kB/s)
2026.07.28 10:55:22 INFO  Downloading from central: https://repo.maven.apache.org/maven2/org/apache/maven/doxia/doxia-logging-api/1.11.1/doxia-logging-api-1.11.1.pom
2026.07.28 10:55:22 INFO  Progress (1): 832 B
2026.07.28 10:55:22 INFO  Progress (1): 1.6 kB
2026.07.28 10:55:22 INFO                      
2026.07.28 10:55:22 INFO  Downloaded from central: https://repo.maven.apache.org/maven2/org/apache/maven/doxia/doxia-logging-api/1.11.1/doxia-logging-api-1.11.1.pom (1.6 kB at 21 kB/s)
2026.07.28 10:55:22 INFO  Downloading from central: https://repo.maven.apache.org/maven2/org/apache/maven/maven-archiver/3.6.0/maven-archiver-3.6.0.pom
2026.07.28 10:55:22 INFO  Progress (1): 796 B
2026.07.28 10:55:22 INFO  Progress (1): 2.2 kB
2026.07.28 10:55:22 INFO  Progress (1): 3.9 kB
2026.07.28 10:55:22 INFO                      
2026.07.28 10:55:22 INFO  Downloaded from central: https://repo.maven.apache.org/maven2/org/apache/maven/maven-archiver/3.6.0/maven-archiver-3.6.0.pom (3.9 kB at 48 kB/s)
2026.07.28 10:55:22 INFO  Downloading from central: https://repo.maven.apache.org/maven2/org/apache/maven/shared/maven-shared-components/36/maven-shared-components-36.pom
2026.07.28 10:55:22 INFO  Progress (1): 781 B
2026.07.28 10:55:22 INFO  Progress (1): 2.3 kB
2026.07.28 10:55:22 INFO  Progress (1): 4.5 kB
2026.07.28 10:55:22 INFO  Progress (1): 4.9 kB
2026.07.28 10:55:22 INFO                      
2026.07.28 10:55:22 INFO  Downloaded from central: https://repo.maven.apache.org/maven2/org/apache/maven/shared/maven-shared-components/36/maven-shared-components-36.pom (4.9 kB at 62 kB/s)
2026.07.28 10:55:22 INFO  Downloading from central: https://repo.maven.apache.org/maven2/org/apache/maven/maven-parent/36/maven-parent-36.pom
2026.07.28 10:55:22 INFO  Progress (1): 725 B
2026.07.28 10:55:22 INFO  Progress (1): 1.9 kB
2026.07.28 10:55:22 INFO  Progress (1): 5.4 kB
2026.07.28 10:55:22 INFO  Progress (1): 9.7 kB
2026.07.28 10:55:22 INFO  Progress (1): 14 kB 
2026.07.28 10:55:22 INFO  Progress (1): 19 kB
2026.07.28 10:55:22 INFO  Progress (1): 23 kB
2026.07.28 10:55:22 INFO  Progress (1): 26 kB
2026.07.28 10:55:22 INFO  Progress (1): 28 kB
2026.07.28 10:55:22 INFO  Progress (1): 30 kB
2026.07.28 10:55:22 INFO  Progress (1): 34 kB
2026.07.28 10:55:22 INFO  Progress (1): 37 kB
2026.07.28 10:55:22 INFO  Progress (1): 40 kB
2026.07.28 10:55:22 INFO  Progress (1): 45 kB
2026.07.28 10:55:22 INFO  Progress (1): 45 kB
2026.07.28 10:55:22 INFO                     
2026.07.28 10:55:22 INFO  Downloaded from central: https://repo.maven.apache.org/maven2/org/apache/maven/maven-parent/36/maven-parent-36.pom (45 kB at 555 kB/s)
2026.07.28 10:55:22 INFO  Downloading from central: https://repo.maven.apache.org/maven2/org/apache/apache/26/apache-26.pom
2026.07.28 10:55:22 INFO  Progress (1): 744 B
2026.07.28 10:55:22 INFO  Progress (1): 2.1 kB
2026.07.28 10:55:22 INFO  Progress (1): 3.9 kB
2026.07.28 10:55:22 INFO  Progress (1): 7.3 kB
2026.07.28 10:55:22 INFO  Progress (1): 12 kB 
2026.07.28 10:55:22 INFO  Progress (1): 16 kB
2026.07.28 10:55:22 INFO  Progress (1): 19 kB
2026.07.28 10:55:22 INFO  Progress (1): 21 kB
2026.07.28 10:55:22 INFO                     
2026.07.28 10:55:22 INFO  Downloaded from central: https://repo.maven.apache.org/maven2/org/apache/apache/26/apache-26.pom (21 kB at 260 kB/s)
2026.07.28 10:55:22 INFO  Downloading from central: https://repo.maven.apache.org/maven2/org/codehaus/plexus/plexus-io/3.4.0/plexus-io-3.4.0.pom
2026.07.28 10:55:22 INFO  Progress (1): 1.3 kB
2026.07.28 10:55:22 INFO  Progress (1): 3.2 kB
2026.07.28 10:55:22 INFO  Progress (1): 5.8 kB
2026.07.28 10:55:22 INFO  Progress (1): 6.0 kB
2026.07.28 10:55:22 INFO                      
2026.07.28 10:55:22 INFO  Downloaded from central: https://repo.maven.apache.org/maven2/org/codehaus/plexus/plexus-io/3.4.0/plexus-io-3.4.0.pom (6.0 kB at 72 kB/s)
2026.07.28 10:55:22 INFO  Downloading from central: https://repo.maven.apache.org/maven2/org/codehaus/plexus/plexus/10/plexus-10.pom
2026.07.28 10:55:22 INFO  Progress (1): 696 B
2026.07.28 10:55:22 INFO  Progress (1): 2.7 kB
2026.07.28 10:55:22 INFO  Progress (1): 6.4 kB
2026.07.28 10:55:22 INFO  Progress (1): 9.2 kB
2026.07.28 10:55:22 INFO  Progress (1): 11 kB 
2026.07.28 10:55:22 INFO  Progress (1): 16 kB
2026.07.28 10:55:22 INFO  Progress (1): 20 kB
2026.07.28 10:55:22 INFO  Progress (1): 24 kB
2026.07.28 10:55:22 INFO  Progress (1): 25 kB
2026.07.28 10:55:22 INFO                     
2026.07.28 10:55:22 INFO  Downloaded from central: https://repo.maven.apache.org/maven2/org/codehaus/plexus/plexus/10/plexus-10.pom (25 kB at 306 kB/s)
2026.07.28 10:55:22 INFO  Downloading from central: https://repo.maven.apache.org/maven2/javax/inject/javax.inject/1/javax.inject-1.pom
2026.07.28 10:55:24 INFO  Progress (1): 612 B
2026.07.28 10:55:24 INFO                     
2026.07.28 10:55:24 INFO  Downloaded from central: https://repo.maven.apache.org/maven2/javax/inject/javax.inject/1/javax.inject-1.pom (612 B at 3.9 kB/s)
2026.07.28 10:55:24 INFO  Downloading from central: https://repo.maven.apache.org/maven2/org/codehaus/plexus/plexus-utils/3.4.2/plexus-utils-3.4.2.pom
2026.07.28 10:55:24 INFO  Progress (1): 729 B
2026.07.28 10:55:24 INFO  Progress (1): 2.3 kB
2026.07.28 10:55:24 INFO  Progress (1): 4.7 kB
2026.07.28 10:55:24 INFO  Progress (1): 8.2 kB
2026.07.28 10:55:24 INFO                      
2026.07.28 10:55:24 INFO  Downloaded from central: https://repo.maven.apache.org/maven2/org/codehaus/plexus/plexus-utils/3.4.2/plexus-utils-3.4.2.pom (8.2 kB at 105 kB/s)
2026.07.28 10:55:24 INFO  Downloading from central: https://repo.maven.apache.org/maven2/org/codehaus/plexus/plexus/8/plexus-8.pom
2026.07.28 10:55:24 INFO  Progress (1): 696 B
2026.07.28 10:55:24 INFO  Progress (1): 2.7 kB
2026.07.28 10:55:24 INFO  Progress (1): 6.4 kB
2026.07.28 10:55:24 INFO  Progress (1): 9.2 kB
2026.07.28 10:55:24 INFO  Progress (1): 11 kB 
2026.07.28 10:55:24 INFO  Progress (1): 15 kB
2026.07.28 10:55:24 INFO  Progress (1): 20 kB
2026.07.28 10:55:24 INFO  Progress (1): 24 kB
2026.07.28 10:55:24 INFO  Progress (1): 25 kB
2026.07.28 10:55:24 INFO                     
2026.07.28 10:55:24 INFO  Downloaded from central: https://repo.maven.apache.org/maven2/org/codehaus/plexus/plexus/8/plexus-8.pom (25 kB at 322 kB/s)
2026.07.28 10:55:24 INFO  Downloading from central: https://repo.maven.apache.org/maven2/commons-io/commons-io/2.11.0/commons-io-2.11.0.pom
2026.07.28 10:55:24 INFO  Progress (1): 764 B
2026.07.28 10:55:24 INFO  Progress (1): 2.1 kB
2026.07.28 10:55:24 INFO  Progress (1): 5.2 kB
2026.07.28 10:55:24 INFO  Progress (1): 7.8 kB
2026.07.28 10:55:24 INFO  Progress (1): 10 kB 
2026.07.28 10:55:24 INFO  Progress (1): 12 kB
2026.07.28 10:55:24 INFO  Progress (1): 15 kB
2026.07.28 10:55:24 INFO  Progress (1): 18 kB
2026.07.28 10:55:24 INFO  Progress (1): 20 kB
2026.07.28 10:55:24 INFO                     
2026.07.28 10:55:24 INFO  Downloaded from central: https://repo.maven.apache.org/maven2/commons-io/commons-io/2.11.0/commons-io-2.11.0.pom (20 kB at 253 kB/s)
2026.07.28 10:55:24 INFO  Downloading from central: https://repo.maven.apache.org/maven2/org/apache/commons/commons-parent/52/commons-parent-52.pom
2026.07.28 10:55:24 INFO  Progress (1): 703 B
2026.07.28 10:55:24 INFO  Progress (1): 1.8 kB
2026.07.28 10:55:24 INFO  Progress (1): 3.1 kB
2026.07.28 10:55:24 INFO  Progress (1): 4.6 kB
2026.07.28 10:55:24 INFO  Progress (1): 6.7 kB
2026.07.28 10:55:24 INFO  Progress (1): 8.1 kB
2026.07.28 10:55:24 INFO  Progress (1): 10 kB 
2026.07.28 10:55:24 INFO  Progress (1): 12 kB
2026.07.28 10:55:24 INFO  Progress (1): 15 kB
2026.07.28 10:55:24 INFO  Progress (1): 17 kB
2026.07.28 10:55:24 INFO  Progress (1): 20 kB
2026.07.28 10:55:24 INFO  Progress (1): 22 kB
2026.07.28 10:55:24 INFO  Progress (1): 25 kB
2026.07.28 10:55:24 INFO  Progress (1): 29 kB
2026.07.28 10:55:24 INFO  Progress (1): 32 kB
2026.07.28 10:55:24 INFO  Progress (1): 32 kB
2026.07.28 10:55:24 INFO  Progress (1): 36 kB
2026.07.28 10:55:24 INFO  Progress (1): 39 kB
2026.07.28 10:55:24 INFO  Progress (1): 42 kB
2026.07.28 10:55:24 INFO  Progress (1): 44 kB
2026.07.28 10:55:24 INFO  Progress (1): 47 kB
2026.07.28 10:55:24 INFO  Progress (1): 51 kB
2026.07.28 10:55:24 INFO  Progress (1): 54 kB
2026.07.28 10:55:24 INFO  Progress (1): 56 kB
2026.07.28 10:55:24 INFO  Progress (1): 61 kB
2026.07.28 10:55:24 INFO  Progress (1): 65 kB
2026.07.28 10:55:24 INFO  Progress (1): 73 kB
2026.07.28 10:55:24 INFO  Progress (1): 76 kB
2026.07.28 10:55:24 INFO  Progress (1): 79 kB
2026.07.28 10:55:24 INFO                     
2026.07.28 10:55:24 INFO  Downloaded from central: https://repo.maven.apache.org/maven2/org/apache/commons/commons-parent/52/commons-parent-52.pom (79 kB at 933 kB/s)
2026.07.28 10:55:24 INFO  Downloading from central: https://repo.maven.apache.org/maven2/org/junit/junit-bom/5.7.2/junit-bom-5.7.2.pom
2026.07.28 10:55:24 INFO  Progress (1): 912 B
2026.07.28 10:55:24 INFO  Progress (1): 4.1 kB
2026.07.28 10:55:24 INFO  Progress (1): 5.1 kB
2026.07.28 10:55:24 INFO                      
2026.07.28 10:55:24 INFO  Downloaded from central: https://repo.maven.apache.org/maven2/org/junit/junit-bom/5.7.2/junit-bom-5.7.2.pom (5.1 kB at 65 kB/s)
2026.07.28 10:55:24 INFO  Downloading from central: https://repo.maven.apache.org/maven2/org/codehaus/plexus/plexus-archiver/4.4.0/plexus-archiver-4.4.0.pom
2026.07.28 10:55:24 INFO  Progress (1): 1.2 kB
2026.07.28 10:55:24 INFO  Progress (1): 4.0 kB
2026.07.28 10:55:24 INFO  Progress (1): 6.2 kB
2026.07.28 10:55:24 INFO  Progress (1): 6.3 kB
2026.07.28 10:55:24 INFO                      
2026.07.28 10:55:24 INFO  Downloaded from central: https://repo.maven.apache.org/maven2/org/codehaus/plexus/plexus-archiver/4.4.0/plexus-archiver-4.4.0.pom (6.3 kB at 60 kB/s)
2026.07.28 10:55:24 INFO  Downloading from central: https://repo.maven.apache.org/maven2/org/apache/commons/commons-compress/1.21/commons-compress-1.21.pom
2026.07.28 10:55:24 INFO  Progress (1): 753 B
2026.07.28 10:55:24 INFO  Progress (1): 1.9 kB
2026.07.28 10:55:24 INFO  Progress (1): 3.5 kB
2026.07.28 10:55:24 INFO  Progress (1): 6.8 kB
2026.07.28 10:55:24 INFO  Progress (1): 9.1 kB
2026.07.28 10:55:24 INFO  Progress (1): 11 kB 
2026.07.28 10:55:24 INFO  Progress (1): 14 kB
2026.07.28 10:55:24 INFO  Progress (1): 18 kB
2026.07.28 10:55:24 INFO  Progress (1): 20 kB
2026.07.28 10:55:24 INFO                     
2026.07.28 10:55:24 INFO  Downloaded from central: https://repo.maven.apache.org/maven2/org/apache/commons/commons-compress/1.21/commons-compress-1.21.pom (20 kB at 237 kB/s)
2026.07.28 10:55:24 INFO  Downloading from central: https://repo.maven.apache.org/maven2/org/iq80/snappy/snappy/0.4/snappy-0.4.pom
2026.07.28 10:55:24 INFO  Progress (1): 1.2 kB
2026.07.28 10:55:24 INFO  Progress (1): 3.7 kB
2026.07.28 10:55:24 INFO  Progress (1): 8.5 kB
2026.07.28 10:55:24 INFO  Progress (1): 12 kB 
2026.07.28 10:55:24 INFO  Progress (1): 15 kB
2026.07.28 10:55:24 INFO                     
2026.07.28 10:55:24 INFO  Downloaded from central: https://repo.maven.apache.org/maven2/org/iq80/snappy/snappy/0.4/snappy-0.4.pom (15 kB at 179 kB/s)
2026.07.28 10:55:24 INFO  Downloading from central: https://repo.maven.apache.org/maven2/org/tukaani/xz/1.9/xz-1.9.pom
2026.07.28 10:55:24 INFO  Progress (1): 1.1 kB
2026.07.28 10:55:24 INFO  Progress (1): 2.0 kB
2026.07.28 10:55:24 INFO                      
2026.07.28 10:55:24 INFO  Downloaded from central: https://repo.maven.apache.org/maven2/org/tukaani/xz/1.9/xz-1.9.pom (2.0 kB at 26 kB/s)
2026.07.28 10:55:24 INFO  Downloading from central: https://repo.maven.apache.org/maven2/org/codehaus/plexus/plexus-interpolation/1.26/plexus-interpolation-1.26.pom
2026.07.28 10:55:24 INFO  Progress (1): 1.4 kB
2026.07.28 10:55:24 INFO  Progress (1): 2.7 kB
2026.07.28 10:55:24 INFO                      
2026.07.28 10:55:24 INFO  Downloaded from central: https://repo.maven.apache.org/maven2/org/codehaus/plexus/plexus-interpolation/1.26/plexus-interpolation-1.26.pom (2.7 kB at 34 kB/s)
2026.07.28 10:55:24 INFO  Downloading from central: https://repo.maven.apache.org/maven2/org/codehaus/plexus/plexus/5.1/plexus-5.1.pom
2026.07.28 10:55:24 INFO  Progress (1): 700 B
2026.07.28 10:55:24 INFO  Progress (1): 2.7 kB
2026.07.28 10:55:24 INFO  Progress (1): 6.5 kB
2026.07.28 10:55:24 INFO  Progress (1): 9.1 kB
2026.07.28 10:55:24 INFO  Progress (1): 12 kB 
2026.07.28 10:55:24 INFO  Progress (1): 16 kB
2026.07.28 10:55:24 INFO  Progress (1): 21 kB
2026.07.28 10:55:24 INFO  Progress (1): 23 kB
2026.07.28 10:55:24 INFO                     
2026.07.28 10:55:24 INFO  Downloaded from central: https://repo.maven.apache.org/maven2/org/codehaus/plexus/plexus/5.1/plexus-5.1.pom (23 kB at 289 kB/s)
2026.07.28 10:55:24 INFO  Downloading from central: https://repo.maven.apache.org/maven2/org/apache/commons/commons-exec/1.3/commons-exec-1.3.pom
2026.07.28 10:55:25 INFO  Progress (1): 788 B
2026.07.28 10:55:25 INFO  Progress (1): 2.3 kB
2026.07.28 10:55:25 INFO  Progress (1): 5.3 kB
2026.07.28 10:55:25 INFO  Progress (1): 7.8 kB
2026.07.28 10:55:25 INFO  Progress (1): 10 kB 
2026.07.28 10:55:25 INFO  Progress (1): 11 kB
2026.07.28 10:55:25 INFO                     
2026.07.28 10:55:25 INFO  Downloaded from central: https://repo.maven.apache.org/maven2/org/apache/commons/commons-exec/1.3/commons-exec-1.3.pom (11 kB at 131 kB/s)
2026.07.28 10:55:25 INFO  Downloading from central: https://repo.maven.apache.org/maven2/org/apache/commons/commons-parent/35/commons-parent-35.pom
2026.07.28 10:55:25 INFO  Progress (1): 714 B
2026.07.28 10:55:25 INFO  Progress (1): 2.0 kB
2026.07.28 10:55:25 INFO  Progress (1): 3.3 kB
2026.07.28 10:55:25 INFO  Progress (1): 4.8 kB
2026.07.28 10:55:25 INFO  Progress (1): 8.2 kB
2026.07.28 10:55:25 INFO  Progress (1): 11 kB 
2026.07.28 10:55:25 INFO  Progress (1): 15 kB
2026.07.28 10:55:25 INFO  Progress (1): 18 kB
2026.07.28 10:55:25 INFO  Progress (1): 21 kB
2026.07.28 10:55:25 INFO  Progress (1): 24 kB
2026.07.28 10:55:25 INFO  Progress (1): 26 kB
2026.07.28 10:55:25 INFO  Progress (1): 30 kB
2026.07.28 10:55:25 INFO  Progress (1): 32 kB
2026.07.28 10:55:25 INFO  Progress (1): 36 kB
2026.07.28 10:55:25 INFO  Progress (1): 41 kB
2026.07.28 10:55:25 INFO  Progress (1): 42 kB
2026.07.28 10:55:25 INFO  Progress (1): 46 kB
2026.07.28 10:55:25 INFO  Progress (1): 48 kB
2026.07.28 10:55:25 INFO  Progress (1): 51 kB
2026.07.28 10:55:25 INFO  Progress (1): 53 kB
2026.07.28 10:55:25 INFO  Progress (1): 56 kB
2026.07.28 10:55:25 INFO  Progress (1): 57 kB
2026.07.28 10:55:25 INFO  Progress (1): 58 kB
2026.07.28 10:55:25 INFO                     
2026.07.28 10:55:25 INFO  Downloaded from central: https://repo.maven.apache.org/maven2/org/apache/commons/commons-parent/35/commons-parent-35.pom (58 kB at 688 kB/s)
2026.07.28 10:55:25 INFO  Downloading from central: https://repo.maven.apache.org/maven2/org/apache/apache/15/apache-15.pom
2026.07.28 10:55:25 INFO  Progress (1): 754 B
2026.07.28 10:55:25 INFO  Progress (1): 2.1 kB
2026.07.28 10:55:25 INFO  Progress (1): 3.9 kB
2026.07.28 10:55:25 INFO  Progress (1): 7.9 kB
2026.07.28 10:55:25 INFO  Progress (1): 11 kB 
2026.07.28 10:55:25 INFO  Progress (1): 14 kB
2026.07.28 10:55:25 INFO  Progress (1): 15 kB
2026.07.28 10:55:25 INFO                     
2026.07.28 10:55:25 INFO  Downloaded from central: https://repo.maven.apache.org/maven2/org/apache/apache/15/apache-15.pom (15 kB at 198 kB/s)
2026.07.28 10:55:25 INFO  Downloading from central: https://repo.maven.apache.org/maven2/org/codehaus/plexus/plexus-utils/3.5.0/plexus-utils-3.5.0.pom
2026.07.28 10:55:25 INFO  Progress (1): 725 B
2026.07.28 10:55:25 INFO  Progress (1): 2.4 kB
2026.07.28 10:55:25 INFO  Progress (1): 4.5 kB
2026.07.28 10:55:25 INFO  Progress (1): 8.0 kB
2026.07.28 10:55:25 INFO                      
2026.07.28 10:55:25 INFO  Downloaded from central: https://repo.maven.apache.org/maven2/org/codehaus/plexus/plexus-utils/3.5.0/plexus-utils-3.5.0.pom (8.0 kB at 101 kB/s)
2026.07.28 10:55:25 INFO  Downloading from central: https://repo.maven.apache.org/maven2/org/codehaus/plexus/plexus-archiver/4.6.0/plexus-archiver-4.6.0.pom
2026.07.28 10:55:25 INFO  Progress (1): 1.2 kB
2026.07.28 10:55:25 INFO  Progress (1): 4.1 kB
2026.07.28 10:55:25 INFO  Progress (1): 6.3 kB
2026.07.28 10:55:25 INFO  Progress (1): 6.5 kB
2026.07.28 10:55:25 INFO                      
2026.07.28 10:55:25 INFO  Downloaded from central: https://repo.maven.apache.org/maven2/org/codehaus/plexus/plexus-archiver/4.6.0/plexus-archiver-4.6.0.pom (6.5 kB at 83 kB/s)
2026.07.28 10:55:25 INFO  Downloading from central: https://repo.maven.apache.org/maven2/com/github/luben/zstd-jni/1.5.2-5/zstd-jni-1.5.2-5.pom
2026.07.28 10:55:25 INFO  Progress (1): 1.1 kB
2026.07.28 10:55:25 INFO  Progress (1): 1.9 kB
2026.07.28 10:55:25 INFO                      
2026.07.28 10:55:25 INFO  Downloaded from central: https://repo.maven.apache.org/maven2/com/github/luben/zstd-jni/1.5.2-5/zstd-jni-1.5.2-5.pom (1.9 kB at 25 kB/s)
2026.07.28 10:55:25 INFO  Downloading from central: https://repo.maven.apache.org/maven2/org/codehaus/plexus/plexus-classworlds/2.7.0/plexus-classworlds-2.7.0.pom
2026.07.28 10:55:25 INFO  Progress (1): 915 B
2026.07.28 10:55:25 INFO  Progress (1): 2.5 kB
2026.07.28 10:55:25 INFO  Progress (1): 5.7 kB
2026.07.28 10:55:25 INFO  Progress (1): 7.6 kB
2026.07.28 10:55:25 INFO                      
2026.07.28 10:55:25 INFO  Downloaded from central: https://repo.maven.apache.org/maven2/org/codehaus/plexus/plexus-classworlds/2.7.0/plexus-classworlds-2.7.0.pom (7.6 kB at 69 kB/s)
2026.07.28 10:55:25 INFO  Downloading from central: https://repo.maven.apache.org/maven2/org/scala-sbt/zinc_2.13/1.8.0/zinc_2.13-1.8.0.pom
2026.07.28 10:55:25 INFO  Progress (1): 1.3 kB
2026.07.28 10:55:25 INFO  Progress (1): 4.1 kB
2026.07.28 10:55:25 INFO                      
2026.07.28 10:55:25 INFO  Downloaded from central: https://repo.maven.apache.org/maven2/org/scala-sbt/zinc_2.13/1.8.0/zinc_2.13-1.8.0.pom (4.1 kB at 50 kB/s)
2026.07.28 10:55:25 INFO  Downloading from central: https://repo.maven.apache.org/maven2/org/scala-sbt/zinc-core_2.13/1.8.0/zinc-core_2.13-1.8.0.pom
2026.07.28 10:55:25 INFO  Progress (1): 1.3 kB
2026.07.28 10:55:25 INFO  Progress (1): 5.3 kB
2026.07.28 10:55:25 INFO                      
2026.07.28 10:55:25 INFO  Downloaded from central: https://repo.maven.apache.org/maven2/org/scala-sbt/zinc-core_2.13/1.8.0/zinc-core_2.13-1.8.0.pom (5.3 kB at 42 kB/s)
2026.07.28 10:55:25 INFO  Downloading from central: https://repo.maven.apache.org/maven2/org/scala-sbt/zinc-compile-core_2.13/1.8.0/zinc-compile-core_2.13-1.8.0.pom
2026.07.28 10:55:25 INFO  Progress (1): 1.2 kB
2026.07.28 10:55:25 INFO  Progress (1): 5.5 kB
2026.07.28 10:55:25 INFO                      
2026.07.28 10:55:25 INFO  Downloaded from central: https://repo.maven.apache.org/maven2/org/scala-sbt/zinc-compile-core_2.13/1.8.0/zinc-compile-core_2.13-1.8.0.pom (5.5 kB at 70 kB/s)
2026.07.28 10:55:25 INFO  Downloading from central: https://repo.maven.apache.org/maven2/org/scala-sbt/compiler-interface/1.8.0/compiler-interface-1.8.0.pom
2026.07.28 10:55:25 INFO  Progress (1): 1.3 kB
2026.07.28 10:55:25 INFO  Progress (1): 3.0 kB
2026.07.28 10:55:25 INFO                      
2026.07.28 10:55:25 INFO  Downloaded from central: https://repo.maven.apache.org/maven2/org/scala-sbt/compiler-interface/1.8.0/compiler-interface-1.8.0.pom (3.0 kB at 34 kB/s)
2026.07.28 10:55:25 INFO  Downloading from central: https://repo.maven.apache.org/maven2/org/scala-sbt/util-interface/1.8.0/util-interface-1.8.0.pom
2026.07.28 10:55:26 INFO  Progress (1): 1.3 kB
2026.07.28 10:55:26 INFO  Progress (1): 2.6 kB
2026.07.28 10:55:26 INFO                      
2026.07.28 10:55:26 INFO  Downloaded from central: https://repo.maven.apache.org/maven2/org/scala-sbt/util-interface/1.8.0/util-interface-1.8.0.pom (2.6 kB at 32 kB/s)
2026.07.28 10:55:26 INFO  Downloading from central: https://repo.maven.apache.org/maven2/org/scala-sbt/zinc-classpath_2.13/1.8.0/zinc-classpath_2.13-1.8.0.pom
2026.07.28 10:55:26 INFO  Progress (1): 1.3 kB
2026.07.28 10:55:26 INFO  Progress (1): 3.9 kB
2026.07.28 10:55:26 INFO                      
2026.07.28 10:55:26 INFO  Downloaded from central: https://repo.maven.apache.org/maven2/org/scala-sbt/zinc-classpath_2.13/1.8.0/zinc-classpath_2.13-1.8.0.pom (3.9 kB at 26 kB/s)
2026.07.28 10:55:26 INFO  Downloading from central: https://repo.maven.apache.org/maven2/org/scala-lang/scala-compiler/2.13.8/scala-compiler-2.13.8.pom
2026.07.28 10:55:26 INFO  Progress (1): 1.2 kB
2026.07.28 10:55:26 INFO  Progress (1): 2.3 kB
2026.07.28 10:55:26 INFO                      
2026.07.28 10:55:26 INFO  Downloaded from central: https://repo.maven.apache.org/maven2/org/scala-lang/scala-compiler/2.13.8/scala-compiler-2.13.8.pom (2.3 kB at 29 kB/s)
2026.07.28 10:55:26 INFO  Downloading from central: https://repo.maven.apache.org/maven2/org/scala-lang/scala-reflect/2.13.8/scala-reflect-2.13.8.pom
2026.07.28 10:55:26 INFO  Progress (1): 1.2 kB
2026.07.28 10:55:26 INFO  Progress (1): 1.8 kB
2026.07.28 10:55:26 INFO                      
2026.07.28 10:55:26 INFO  Downloaded from central: https://repo.maven.apache.org/maven2/org/scala-lang/scala-reflect/2.13.8/scala-reflect-2.13.8.pom (1.8 kB at 24 kB/s)
2026.07.28 10:55:26 INFO  Downloading from central: https://repo.maven.apache.org/maven2/net/java/dev/jna/jna/5.9.0/jna-5.9.0.pom
2026.07.28 10:55:26 INFO  Progress (1): 1.4 kB
2026.07.28 10:55:26 INFO  Progress (1): 2.0 kB
2026.07.28 10:55:26 INFO                      
2026.07.28 10:55:26 INFO  Downloaded from central: https://repo.maven.apache.org/maven2/net/java/dev/jna/jna/5.9.0/jna-5.9.0.pom (2.0 kB at 26 kB/s)
2026.07.28 10:55:26 INFO  Downloading from central: https://repo.maven.apache.org/maven2/org/scala-sbt/io_2.13/1.8.0/io_2.13-1.8.0.pom
2026.07.28 10:55:26 INFO  Progress (1): 1.4 kB
2026.07.28 10:55:26 INFO  Progress (1): 3.3 kB
2026.07.28 10:55:26 INFO                      
2026.07.28 10:55:26 INFO  Downloaded from central: https://repo.maven.apache.org/maven2/org/scala-sbt/io_2.13/1.8.0/io_2.13-1.8.0.pom (3.3 kB at 38 kB/s)
2026.07.28 10:55:26 INFO  Downloading from central: https://repo.maven.apache.org/maven2/com/swoval/file-tree-views/2.1.9/file-tree-views-2.1.9.pom
2026.07.28 10:55:26 INFO  Progress (1): 1.4 kB
2026.07.28 10:55:26 INFO  Progress (1): 1.7 kB
2026.07.28 10:55:26 INFO                      
2026.07.28 10:55:26 INFO  Downloaded from central: https://repo.maven.apache.org/maven2/com/swoval/file-tree-views/2.1.9/file-tree-views-2.1.9.pom (1.7 kB at 22 kB/s)
2026.07.28 10:55:26 INFO  Downloading from central: https://repo.maven.apache.org/maven2/net/java/dev/jna/jna/5.12.0/jna-5.12.0.pom
2026.07.28 10:55:26 INFO  Progress (1): 1.4 kB
2026.07.28 10:55:26 INFO  Progress (1): 2.0 kB
2026.07.28 10:55:26 INFO                      
2026.07.28 10:55:26 INFO  Downloaded from central: https://repo.maven.apache.org/maven2/net/java/dev/jna/jna/5.12.0/jna-5.12.0.pom (2.0 kB at 26 kB/s)
2026.07.28 10:55:26 INFO  Downloading from central: https://repo.maven.apache.org/maven2/net/java/dev/jna/jna-platform/5.12.0/jna-platform-5.12.0.pom
2026.07.28 10:55:26 INFO  Progress (1): 1.3 kB
2026.07.28 10:55:26 INFO  Progress (1): 2.3 kB
2026.07.28 10:55:26 INFO                      
2026.07.28 10:55:26 INFO  Downloaded from central: https://repo.maven.apache.org/maven2/net/java/dev/jna/jna-platform/5.12.0/jna-platform-5.12.0.pom (2.3 kB at 27 kB/s)
2026.07.28 10:55:26 INFO  Downloading from central: https://repo.maven.apache.org/maven2/org/scala-sbt/zinc-apiinfo_2.13/1.8.0/zinc-apiinfo_2.13-1.8.0.pom
2026.07.28 10:55:26 INFO  Progress (1): 1.3 kB
2026.07.28 10:55:26 INFO  Progress (1): 3.8 kB
2026.07.28 10:55:26 INFO                      
2026.07.28 10:55:26 INFO  Downloaded from central: https://repo.maven.apache.org/maven2/org/scala-sbt/zinc-apiinfo_2.13/1.8.0/zinc-apiinfo_2.13-1.8.0.pom (3.8 kB at 49 kB/s)
2026.07.28 10:55:26 INFO  Downloading from central: https://repo.maven.apache.org/maven2/org/scala-sbt/compiler-bridge_2.13/1.8.0/compiler-bridge_2.13-1.8.0.pom
2026.07.28 10:55:26 INFO  Progress (1): 1.3 kB
2026.07.28 10:55:26 INFO  Progress (1): 2.8 kB
2026.07.28 10:55:26 INFO                      
2026.07.28 10:55:26 INFO  Downloaded from central: https://repo.maven.apache.org/maven2/org/scala-sbt/compiler-bridge_2.13/1.8.0/compiler-bridge_2.13-1.8.0.pom (2.8 kB at 35 kB/s)
2026.07.28 10:55:26 INFO  Downloading from central: https://repo.maven.apache.org/maven2/org/scala-sbt/zinc-classfile_2.13/1.8.0/zinc-classfile_2.13-1.8.0.pom
2026.07.28 10:55:26 INFO  Progress (1): 1.3 kB
2026.07.28 10:55:26 INFO  Progress (1): 4.0 kB
2026.07.28 10:55:26 INFO                      
2026.07.28 10:55:26 INFO  Downloaded from central: https://repo.maven.apache.org/maven2/org/scala-sbt/zinc-classfile_2.13/1.8.0/zinc-classfile_2.13-1.8.0.pom (4.0 kB at 48 kB/s)
2026.07.28 10:55:26 INFO  Downloading from central: https://repo.maven.apache.org/maven2/org/scala-sbt/util-logging_2.13/1.8.0/util-logging_2.13-1.8.0.pom
2026.07.28 10:55:27 INFO  Progress (1): 1.2 kB
2026.07.28 10:55:27 INFO  Progress (1): 5.6 kB
2026.07.28 10:55:27 INFO  Progress (1): 5.7 kB
2026.07.28 10:55:27 INFO                      
2026.07.28 10:55:27 INFO  Downloaded from central: https://repo.maven.apache.org/maven2/org/scala-sbt/util-logging_2.13/1.8.0/util-logging_2.13-1.8.0.pom (5.7 kB at 64 kB/s)
2026.07.28 10:55:27 INFO  Downloading from central: https://repo.maven.apache.org/maven2/org/scala-sbt/collections_2.13/1.8.0/collections_2.13-1.8.0.pom
2026.07.28 10:55:27 INFO  Progress (1): 1.3 kB
2026.07.28 10:55:27 INFO  Progress (1): 4.4 kB
2026.07.28 10:55:27 INFO                      
2026.07.28 10:55:27 INFO  Downloaded from central: https://repo.maven.apache.org/maven2/org/scala-sbt/collections_2.13/1.8.0/collections_2.13-1.8.0.pom (4.4 kB at 48 kB/s)
2026.07.28 10:55:27 INFO  Downloading from central: https://repo.maven.apache.org/maven2/org/scala-sbt/util-position_2.13/1.8.0/util-position_2.13-1.8.0.pom
2026.07.28 10:55:27 INFO  Progress (1): 1.3 kB
2026.07.28 10:55:27 INFO  Progress (1): 3.2 kB
2026.07.28 10:55:27 INFO                      
2026.07.28 10:55:27 INFO  Downloaded from central: https://repo.maven.apache.org/maven2/org/scala-sbt/util-position_2.13/1.8.0/util-position_2.13-1.8.0.pom (3.2 kB at 40 kB/s)
2026.07.28 10:55:27 INFO  Downloading from central: https://repo.maven.apache.org/maven2/org/scala-lang/modules/scala-parallel-collections_2.13/0.2.0/scala-parallel-collections_2.13-0.2.0.pom
2026.07.28 10:55:27 INFO  Progress (1): 1.4 kB
2026.07.28 10:55:27 INFO  Progress (1): 1.8 kB
2026.07.28 10:55:27 INFO                      
2026.07.28 10:55:27 INFO  Downloaded from central: https://repo.maven.apache.org/maven2/org/scala-lang/modules/scala-parallel-collections_2.13/0.2.0/scala-parallel-collections_2.13-0.2.0.pom (1.8 kB at 13 kB/s)
2026.07.28 10:55:27 INFO  Downloading from central: https://repo.maven.apache.org/maven2/org/scala-lang/scala-library/2.13.0/scala-library-2.13.0.pom
2026.07.28 10:55:27 INFO  Progress (1): 1.2 kB
2026.07.28 10:55:27 INFO  Progress (1): 1.6 kB
2026.07.28 10:55:27 INFO                      
2026.07.28 10:55:27 INFO  Downloaded from central: https://repo.maven.apache.org/maven2/org/scala-lang/scala-library/2.13.0/scala-library-2.13.0.pom (1.6 kB at 16 kB/s)
2026.07.28 10:55:27 INFO  Downloading from central: https://repo.maven.apache.org/maven2/org/scala-sbt/core-macros_2.13/1.8.0/core-macros_2.13-1.8.0.pom
2026.07.28 10:55:27 INFO  Progress (1): 1.3 kB
2026.07.28 10:55:27 INFO  Progress (1): 3.1 kB
2026.07.28 10:55:27 INFO                      
2026.07.28 10:55:27 INFO  Downloaded from central: https://repo.maven.apache.org/maven2/org/scala-sbt/core-macros_2.13/1.8.0/core-macros_2.13-1.8.0.pom (3.1 kB at 15 kB/s)
2026.07.28 10:55:27 INFO  Downloading from central: https://repo.maven.apache.org/maven2/org/jline/jline-terminal/3.19.0/jline-terminal-3.19.0.pom
2026.07.28 10:55:27 INFO  Progress (1): 1.2 kB
2026.07.28 10:55:27 INFO  Progress (1): 1.3 kB
2026.07.28 10:55:27 INFO                      
2026.07.28 10:55:27 INFO  Downloaded from central: https://repo.maven.apache.org/maven2/org/jline/jline-terminal/3.19.0/jline-terminal-3.19.0.pom (1.3 kB at 15 kB/s)
2026.07.28 10:55:27 INFO  Downloading from central: https://repo.maven.apache.org/maven2/org/jline/jline-parent/3.19.0/jline-parent-3.19.0.pom
2026.07.28 10:55:27 INFO  Progress (1): 930 B
2026.07.28 10:55:27 INFO  Progress (1): 2.9 kB
2026.07.28 10:55:27 INFO  Progress (1): 8.3 kB
2026.07.28 10:55:27 INFO  Progress (1): 13 kB 
2026.07.28 10:55:27 INFO  Progress (1): 16 kB
2026.07.28 10:55:27 INFO  Progress (1): 20 kB
2026.07.28 10:55:27 INFO  Progress (1): 24 kB
2026.07.28 10:55:27 INFO                     
2026.07.28 10:55:27 INFO  Downloaded from central: https://repo.maven.apache.org/maven2/org/jline/jline-parent/3.19.0/jline-parent-3.19.0.pom (24 kB at 302 kB/s)
2026.07.28 10:55:27 INFO  Downloading from central: https://repo.maven.apache.org/maven2/org/sonatype/oss/oss-parent/9/oss-parent-9.pom
2026.07.28 10:55:27 INFO  Progress (1): 838 B
2026.07.28 10:55:27 INFO  Progress (1): 2.7 kB
2026.07.28 10:55:27 INFO  Progress (1): 6.5 kB
2026.07.28 10:55:27 INFO  Progress (1): 6.6 kB
2026.07.28 10:55:27 INFO                      
2026.07.28 10:55:27 INFO  Downloaded from central: https://repo.maven.apache.org/maven2/org/sonatype/oss/oss-parent/9/oss-parent-9.pom (6.6 kB at 88 kB/s)
2026.07.28 10:55:27 INFO  Downloading from central: https://repo.maven.apache.org/maven2/org/scala-lang/modules/scala-parser-combinators_2.13/1.1.2/scala-parser-combinators_2.13-1.1.2.pom
2026.07.28 10:55:27 INFO  Progress (1): 1.4 kB
2026.07.28 10:55:27 INFO  Progress (1): 2.2 kB
2026.07.28 10:55:27 INFO                      
2026.07.28 10:55:27 INFO  Downloaded from central: https://repo.maven.apache.org/maven2/org/scala-lang/modules/scala-parser-combinators_2.13/1.1.2/scala-parser-combinators_2.13-1.1.2.pom (2.2 kB at 26 kB/s)
2026.07.28 10:55:27 INFO  Downloading from central: https://repo.maven.apache.org/maven2/net/openhft/zero-allocation-hashing/0.10.1/zero-allocation-hashing-0.10.1.pom
2026.07.28 10:55:28 INFO  Progress (1): 786 B
2026.07.28 10:55:28 INFO  Progress (1): 2.5 kB
2026.07.28 10:55:28 INFO  Progress (1): 6.3 kB
2026.07.28 10:55:28 INFO  Progress (1): 8.1 kB
2026.07.28 10:55:28 INFO                      
2026.07.28 10:55:28 INFO  Downloaded from central: https://repo.maven.apache.org/maven2/net/openhft/zero-allocation-hashing/0.10.1/zero-allocation-hashing-0.10.1.pom (8.1 kB at 106 kB/s)
2026.07.28 10:55:28 INFO  Downloading from central: https://repo.maven.apache.org/maven2/net/openhft/root-parent-pom/1.1.13/root-parent-pom-1.1.13.pom
2026.07.28 10:55:28 INFO  Progress (1): 788 B
2026.07.28 10:55:28 INFO  Progress (1): 3.4 kB
2026.07.28 10:55:28 INFO  Progress (1): 7.4 kB
2026.07.28 10:55:28 INFO  Progress (1): 9.8 kB
2026.07.28 10:55:28 INFO                      
2026.07.28 10:55:28 INFO  Downloaded from central: https://repo.maven.apache.org/maven2/net/openhft/root-parent-pom/1.1.13/root-parent-pom-1.1.13.pom (9.8 kB at 90 kB/s)
2026.07.28 10:55:28 INFO  Downloading from central: https://repo.maven.apache.org/maven2/org/scala-sbt/util-control_2.13/1.8.0/util-control_2.13-1.8.0.pom
2026.07.28 10:55:28 INFO  Progress (1): 1.3 kB
2026.07.28 10:55:28 INFO  Progress (1): 2.8 kB
2026.07.28 10:55:28 INFO                      
2026.07.28 10:55:28 INFO  Downloaded from central: https://repo.maven.apache.org/maven2/org/scala-sbt/util-control_2.13/1.8.0/util-control_2.13-1.8.0.pom (2.8 kB at 27 kB/s)
2026.07.28 10:55:28 INFO  Downloading from central: https://repo.maven.apache.org/maven2/org/scala-sbt/zinc-persist-core-assembly/1.8.0/zinc-persist-core-assembly-1.8.0.pom
2026.07.28 10:55:28 INFO  Progress (1): 1.3 kB
2026.07.28 10:55:28 INFO  Progress (1): 2.4 kB
2026.07.28 10:55:28 INFO                      
2026.07.28 10:55:28 INFO  Downloaded from central: https://repo.maven.apache.org/maven2/org/scala-sbt/zinc-persist-core-assembly/1.8.0/zinc-persist-core-assembly-1.8.0.pom (2.4 kB at 30 kB/s)
2026.07.28 10:55:28 INFO  Downloading from central: https://repo.maven.apache.org/maven2/org/scala-sbt/util-relation_2.13/1.8.0/util-relation_2.13-1.8.0.pom
2026.07.28 10:55:28 INFO  Progress (1): 1.3 kB
2026.07.28 10:55:28 INFO  Progress (1): 3.0 kB
2026.07.28 10:55:28 INFO                      
2026.07.28 10:55:28 INFO  Downloaded from central: https://repo.maven.apache.org/maven2/org/scala-sbt/util-relation_2.13/1.8.0/util-relation_2.13-1.8.0.pom (3.0 kB at 37 kB/s)
2026.07.28 10:55:28 INFO  Downloading from central: https://repo.maven.apache.org/maven2/org/scala-sbt/zinc-persist_2.13/1.8.0/zinc-persist_2.13-1.8.0.pom
2026.07.28 10:55:28 INFO  Progress (1): 1.3 kB
2026.07.28 10:55:28 INFO  Progress (1): 4.3 kB
2026.07.28 10:55:28 INFO                      
2026.07.28 10:55:28 INFO  Downloaded from central: https://repo.maven.apache.org/maven2/org/scala-sbt/zinc-persist_2.13/1.8.0/zinc-persist_2.13-1.8.0.pom (4.3 kB at 54 kB/s)
2026.07.28 10:55:28 INFO  Downloading from central: https://repo.maven.apache.org/maven2/org/scala-lang/scala-library/2.13.8/scala-library-2.13.8.jar
2026.07.28 10:55:28 INFO  Progress (1): 0/6.0 MB
2026.07.28 10:55:28 INFO  Progress (1): 0/6.0 MB
2026.07.28 10:55:28 INFO  Progress (1): 0/6.0 MB
2026.07.28 10:55:28 INFO  Progress (1): 0/6.0 MB
2026.07.28 10:55:28 INFO  Progress (1): 0.1/6.0 MB
2026.07.28 10:55:28 INFO  Progress (1): 0.1/6.0 MB
2026.07.28 10:55:28 INFO  Progress (1): 0.1/6.0 MB
2026.07.28 10:55:28 INFO  Progress (1): 0.1/6.0 MB
2026.07.28 10:55:28 INFO  Progress (1): 0.1/6.0 MB
2026.07.28 10:55:28 INFO  Progress (1): 0.1/6.0 MB
2026.07.28 10:55:28 INFO  Progress (1): 0.2/6.0 MB
2026.07.28 10:55:28 INFO  Progress (1): 0.2/6.0 MB
2026.07.28 10:55:28 INFO  Progress (1): 0.2/6.0 MB
2026.07.28 10:55:28 INFO  Progress (1): 0.2/6.0 MB
2026.07.28 10:55:28 INFO  Progress (1): 0.2/6.0 MB
2026.07.28 10:55:28 INFO  Progress (1): 0.2/6.0 MB
2026.07.28 10:55:28 INFO  Progress (1): 0.3/6.0 MB
2026.07.28 10:55:28 INFO  Progress (1): 0.3/6.0 MB
2026.07.28 10:55:28 INFO  Progress (1): 0.3/6.0 MB
2026.07.28 10:55:28 INFO  Progress (1): 0.3/6.0 MB
2026.07.28 10:55:28 INFO  Progress (1): 0.3/6.0 MB
2026.07.28 10:55:28 INFO  Progress (1): 0.3/6.0 MB
2026.07.28 10:55:28 INFO  Progress (1): 0.4/6.0 MB
2026.07.28 10:55:28 INFO  Progress (1): 0.4/6.0 MB
2026.07.28 10:55:28 INFO  Progress (1): 0.4/6.0 MB
2026.07.28 10:55:28 INFO  Progress (1): 0.4/6.0 MB
2026.07.28 10:55:28 INFO  Progress (1): 0.4/6.0 MB
2026.07.28 10:55:28 INFO  Progress (1): 0.4/6.0 MB
2026.07.28 10:55:28 INFO  Progress (1): 0.5/6.0 MB
2026.07.28 10:55:28 INFO  Progress (1): 0.5/6.0 MB
2026.07.28 10:55:28 INFO  Progress (1): 0.5/6.0 MB
2026.07.28 10:55:28 INFO  Progress (1): 0.5/6.0 MB
2026.07.28 10:55:28 INFO  Progress (1): 0.5/6.0 MB
2026.07.28 10:55:28 INFO  Progress (1): 0.5/6.0 MB
2026.07.28 10:55:28 INFO  Progress (1): 0.6/6.0 MB
2026.07.28 10:55:28 INFO  Progress (1): 0.6/6.0 MB
2026.07.28 10:55:28 INFO  Progress (1): 0.6/6.0 MB
2026.07.28 10:55:28 INFO  Progress (1): 0.6/6.0 MB
2026.07.28 10:55:28 INFO  Progress (1): 0.6/6.0 MB
2026.07.28 10:55:28 INFO  Progress (1): 0.6/6.0 MB
2026.07.28 10:55:28 INFO  Progress (1): 0.7/6.0 MB
2026.07.28 10:55:28 INFO  Progress (1): 0.7/6.0 MB
2026.07.28 10:55:28 INFO  Progress (1): 0.7/6.0 MB
2026.07.28 10:55:28 INFO  Progress (1): 0.7/6.0 MB
2026.07.28 10:55:28 INFO  Progress (1): 0.7/6.0 MB
2026.07.28 10:55:28 INFO  Progress (1): 0.7/6.0 MB
2026.07.28 10:55:28 INFO  Progress (1): 0.7/6.0 MB
2026.07.28 10:55:28 INFO  Progress (1): 0.8/6.0 MB
2026.07.28 10:55:28 INFO  Progress (1): 0.8/6.0 MB
2026.07.28 10:55:28 INFO  Progress (1): 0.8/6.0 MB
2026.07.28 10:55:28 INFO  Progress (1): 0.8/6.0 MB
2026.07.28 10:55:28 INFO  Progress (1): 0.8/6.0 MB
2026.07.28 10:55:28 INFO  Progress (1): 0.8/6.0 MB
2026.07.28 10:55:28 INFO  Progress (1): 0.9/6.0 MB
2026.07.28 10:55:28 INFO  Progress (1): 0.9/6.0 MB
2026.07.28 10:55:28 INFO  Progress (1): 0.9/6.0 MB
2026.07.28 10:55:28 INFO  Progress (1): 0.9/6.0 MB
2026.07.28 10:55:28 INFO  Progress (1): 0.9/6.0 MB
2026.07.28 10:55:28 INFO  Progress (1): 0.9/6.0 MB
2026.07.28 10:55:28 INFO  Progress (1): 1.0/6.0 MB
2026.07.28 10:55:28 INFO  Progress (1): 1.0/6.0 MB
2026.07.28 10:55:28 INFO  Progress (1): 1.0/6.0 MB
2026.07.28 10:55:28 INFO  Progress (1): 1.0/6.0 MB
2026.07.28 10:55:28 INFO  Progress (1): 1.0/6.0 MB
2026.07.28 10:55:28 INFO  Progress (1): 1.0/6.0 MB
2026.07.28 10:55:28 INFO  Progress (1): 1.1/6.0 MB
2026.07.28 10:55:28 INFO  Progress (1): 1.1/6.0 MB
2026.07.28 10:55:28 INFO  Progress (1): 1.1/6.0 MB
2026.07.28 10:55:28 INFO  Progress (1): 1.1/6.0 MB
2026.07.28 10:55:28 INFO  Progress (1): 1.1/6.0 MB
2026.07.28 10:55:28 INFO  Progress (1): 1.1/6.0 MB
2026.07.28 10:55:28 INFO  Progress (1): 1.2/6.0 MB
2026.07.28 10:55:28 INFO  Progress (1): 1.2/6.0 MB
2026.07.28 10:55:28 INFO  Progress (1): 1.2/6.0 MB
2026.07.28 10:55:28 INFO  Progress (1): 1.2/6.0 MB
2026.07.28 10:55:28 INFO  Progress (1): 1.2/6.0 MB
2026.07.28 10:55:28 INFO  Progress (1): 1.2/6.0 MB
2026.07.28 10:55:28 INFO  Progress (1): 1.3/6.0 MB
2026.07.28 10:55:28 INFO  Progress (1): 1.3/6.0 MB
2026.07.28 10:55:28 INFO  Progress (1): 1.3/6.0 MB
2026.07.28 10:55:28 INFO  Progress (1): 1.3/6.0 MB
2026.07.28 10:55:28 INFO  Progress (1): 1.3/6.0 MB
2026.07.28 10:55:28 INFO  Progress (1): 1.3/6.0 MB
2026.07.28 10:55:28 INFO  Progress (1): 1.4/6.0 MB
2026.07.28 10:55:28 INFO  Progress (1): 1.4/6.0 MB
2026.07.28 10:55:28 INFO  Progress (1): 1.4/6.0 MB
2026.07.28 10:55:28 INFO  Progress (1): 1.4/6.0 MB
2026.07.28 10:55:28 INFO  Progress (1): 1.4/6.0 MB
2026.07.28 10:55:28 INFO  Progress (1): 1.4/6.0 MB
2026.07.28 10:55:28 INFO  Progress (1): 1.5/6.0 MB
2026.07.28 10:55:28 INFO  Progress (1): 1.5/6.0 MB
2026.07.28 10:55:28 INFO  Progress (1): 1.5/6.0 MB
2026.07.28 10:55:28 INFO  Progress (1): 1.5/6.0 MB
2026.07.28 10:55:28 INFO  Progress (1): 1.5/6.0 MB
2026.07.28 10:55:28 INFO  Progress (1): 1.5/6.0 MB
2026.07.28 10:55:28 INFO  Progress (1): 1.6/6.0 MB
2026.07.28 10:55:28 INFO  Progress (1): 1.6/6.0 MB
2026.07.28 10:55:28 INFO  Progress (1): 1.6/6.0 MB
2026.07.28 10:55:28 INFO  Progress (1): 1.6/6.0 MB
2026.07.28 10:55:28 INFO  Progress (1): 1.6/6.0 MB
2026.07.28 10:55:28 INFO  Progress (1): 1.6/6.0 MB
2026.07.28 10:55:28 INFO  Progress (1): 1.6/6.0 MB
2026.07.28 10:55:28 INFO  Progress (1): 1.7/6.0 MB
2026.07.28 10:55:28 INFO  Progress (1): 1.7/6.0 MB
2026.07.28 10:55:28 INFO  Progress (1): 1.7/6.0 MB
2026.07.28 10:55:28 INFO  Progress (1): 1.7/6.0 MB
2026.07.28 10:55:28 INFO  Progress (1): 1.7/6.0 MB
2026.07.28 10:55:28 INFO  Progress (1): 1.7/6.0 MB
2026.07.28 10:55:28 INFO  Progress (1): 1.8/6.0 MB
2026.07.28 10:55:28 INFO  Progress (1): 1.8/6.0 MB
2026.07.28 10:55:28 INFO  Progress (1): 1.8/6.0 MB
2026.07.28 10:55:28 INFO  Progress (1): 1.8/6.0 MB
2026.07.28 10:55:28 INFO  Progress (1): 1.8/6.0 MB
2026.07.28 10:55:28 INFO  Progress (1): 1.8/6.0 MB
2026.07.28 10:55:28 INFO  Progress (1): 1.9/6.0 MB
2026.07.28 10:55:28 INFO  Progress (1): 1.9/6.0 MB
2026.07.28 10:55:28 INFO  Progress (1): 1.9/6.0 MB
2026.07.28 10:55:28 INFO  Progress (1): 1.9/6.0 MB
2026.07.28 10:55:28 INFO  Progress (1): 1.9/6.0 MB
2026.07.28 10:55:28 INFO  Progress (1): 1.9/6.0 MB
2026.07.28 10:55:28 INFO  Progress (1): 2.0/6.0 MB
2026.07.28 10:55:28 INFO  Progress (1): 2.0/6.0 MB
2026.07.28 10:55:28 INFO  Progress (1): 2.0/6.0 MB
2026.07.28 10:55:28 INFO  Progress (1): 2.0/6.0 MB
2026.07.28 10:55:28 INFO  Progress (1): 2.0/6.0 MB
2026.07.28 10:55:28 INFO  Progress (1): 2.0/6.0 MB
2026.07.28 10:55:28 INFO  Progress (1): 2.1/6.0 MB
2026.07.28 10:55:28 INFO  Progress (1): 2.1/6.0 MB
2026.07.28 10:55:28 INFO  Progress (1): 2.1/6.0 MB
2026.07.28 10:55:28 INFO  Progress (1): 2.1/6.0 MB
2026.07.28 10:55:28 INFO  Progress (1): 2.1/6.0 MB
2026.07.28 10:55:28 INFO  Progress (1): 2.1/6.0 MB
2026.07.28 10:55:28 INFO  Progress (1): 2.2/6.0 MB
2026.07.28 10:55:28 INFO  Progress (1): 2.2/6.0 MB
2026.07.28 10:55:28 INFO  Progress (1): 2.2/6.0 MB
2026.07.28 10:55:28 INFO  Progress (1): 2.2/6.0 MB
2026.07.28 10:55:28 INFO  Progress (1): 2.2/6.0 MB
2026.07.28 10:55:28 INFO  Progress (1): 2.2/6.0 MB
2026.07.28 10:55:28 INFO  Progress (1): 2.3/6.0 MB
2026.07.28 10:55:28 INFO  Progress (1): 2.3/6.0 MB
2026.07.28 10:55:28 INFO  Progress (1): 2.3/6.0 MB
2026.07.28 10:55:28 INFO  Progress (1): 2.3/6.0 MB
2026.07.28 10:55:28 INFO  Progress (1): 2.3/6.0 MB
2026.07.28 10:55:28 INFO  Progress (1): 2.3/6.0 MB
2026.07.28 10:55:28 INFO  Progress (1): 2.4/6.0 MB
2026.07.28 10:55:28 INFO  Progress (1): 2.4/6.0 MB
2026.07.28 10:55:28 INFO  Progress (1): 2.4/6.0 MB
2026.07.28 10:55:28 INFO  Progress (1): 2.4/6.0 MB
2026.07.28 10:55:28 INFO  Progress (1): 2.4/6.0 MB
2026.07.28 10:55:28 INFO  Progress (1): 2.4/6.0 MB
2026.07.28 10:55:28 INFO  Progress (1): 2.5/6.0 MB
2026.07.28 10:55:28 INFO  Progress (1): 2.5/6.0 MB
2026.07.28 10:55:28 INFO  Progress (1): 2.5/6.0 MB
2026.07.28 10:55:28 INFO  Progress (1): 2.5/6.0 MB
2026.07.28 10:55:28 INFO  Progress (1): 2.5/6.0 MB
2026.07.28 10:55:28 INFO  Progress (1): 2.5/6.0 MB
2026.07.28 10:55:28 INFO  Progress (1): 2.5/6.0 MB
2026.07.28 10:55:28 INFO  Progress (1): 2.6/6.0 MB
2026.07.28 10:55:28 INFO  Progress (1): 2.6/6.0 MB
2026.07.28 10:55:28 INFO  Progress (1): 2.6/6.0 MB
2026.07.28 10:55:28 INFO  Progress (1): 2.6/6.0 MB
2026.07.28 10:55:28 INFO  Progress (1): 2.6/6.0 MB
2026.07.28 10:55:28 INFO  Progress (1): 2.6/6.0 MB
2026.07.28 10:55:28 INFO  Progress (1): 2.7/6.0 MB
2026.07.28 10:55:28 INFO  Progress (1): 2.7/6.0 MB
2026.07.28 10:55:28 INFO  Progress (1): 2.7/6.0 MB
2026.07.28 10:55:28 INFO  Progress (1): 2.7/6.0 MB
2026.07.28 10:55:28 INFO  Progress (1): 2.7/6.0 MB
2026.07.28 10:55:28 INFO  Progress (1): 2.7/6.0 MB
2026.07.28 10:55:28 INFO  Progress (1): 2.8/6.0 MB
2026.07.28 10:55:28 INFO  Progress (1): 2.8/6.0 MB
2026.07.28 10:55:28 INFO  Progress (1): 2.8/6.0 MB
2026.07.28 10:55:28 INFO  Progress (1): 2.8/6.0 MB
2026.07.28 10:55:28 INFO  Progress (1): 2.8/6.0 MB
2026.07.28 10:55:28 INFO  Progress (1): 2.8/6.0 MB
2026.07.28 10:55:28 INFO  Progress (1): 2.9/6.0 MB
2026.07.28 10:55:28 INFO  Progress (1): 2.9/6.0 MB
2026.07.28 10:55:28 INFO  Progress (1): 2.9/6.0 MB
2026.07.28 10:55:28 INFO  Progress (1): 2.9/6.0 MB
2026.07.28 10:55:28 INFO  Progress (1): 2.9/6.0 MB
2026.07.28 10:55:28 INFO  Progress (1): 2.9/6.0 MB
2026.07.28 10:55:28 INFO  Progress (1): 3.0/6.0 MB
2026.07.28 10:55:28 INFO  Progress (1): 3.0/6.0 MB
2026.07.28 10:55:28 INFO  Progress (1): 3.0/6.0 MB
2026.07.28 10:55:28 INFO  Progress (1): 3.0/6.0 MB
2026.07.28 10:55:28 INFO  Progress (1): 3.0/6.0 MB
2026.07.28 10:55:28 INFO  Progress (1): 3.0/6.0 MB
2026.07.28 10:55:28 INFO  Progress (1): 3.1/6.0 MB
2026.07.28 10:55:28 INFO  Progress (1): 3.1/6.0 MB
2026.07.28 10:55:28 INFO  Progress (1): 3.1/6.0 MB
2026.07.28 10:55:28 INFO  Progress (1): 3.1/6.0 MB
2026.07.28 10:55:28 INFO  Progress (1): 3.1/6.0 MB
2026.07.28 10:55:28 INFO  Progress (1): 3.1/6.0 MB
2026.07.28 10:55:28 INFO  Progress (1): 3.1/6.0 MB
2026.07.28 10:55:28 INFO  Progress (1): 3.2/6.0 MB
2026.07.28 10:55:28 INFO  Progress (1): 3.2/6.0 MB
2026.07.28 10:55:28 INFO  Progress (1): 3.2/6.0 MB
2026.07.28 10:55:28 INFO  Progress (1): 3.2/6.0 MB
2026.07.28 10:55:28 INFO  Progress (1): 3.2/6.0 MB
2026.07.28 10:55:28 INFO  Progress (1): 3.2/6.0 MB
2026.07.28 10:55:28 INFO  Progress (1): 3.3/6.0 MB
2026.07.28 10:55:28 INFO  Progress (1): 3.3/6.0 MB
2026.07.28 10:55:28 INFO  Progress (1): 3.3/6.0 MB
2026.07.28 10:55:28 INFO  Progress (1): 3.3/6.0 MB
2026.07.28 10:55:28 INFO  Progress (1): 3.3/6.0 MB
2026.07.28 10:55:28 INFO  Progress (1): 3.3/6.0 MB
2026.07.28 10:55:28 INFO  Progress (1): 3.3/6.0 MB
2026.07.28 10:55:28 INFO  Progress (1): 3.4/6.0 MB
2026.07.28 10:55:28 INFO  Progress (1): 3.4/6.0 MB
2026.07.28 10:55:28 INFO  Progress (1): 3.4/6.0 MB
2026.07.28 10:55:28 INFO  Progress (1): 3.4/6.0 MB
2026.07.28 10:55:28 INFO  Progress (1): 3.4/6.0 MB
2026.07.28 10:55:28 INFO  Progress (1): 3.4/6.0 MB
2026.07.28 10:55:28 INFO  Progress (1): 3.5/6.0 MB
2026.07.28 10:55:29 INFO  Progress (1): 3.5/6.0 MB
2026.07.28 10:55:29 INFO  Progress (1): 3.5/6.0 MB
2026.07.28 10:55:29 INFO  Progress (1): 3.5/6.0 MB
2026.07.28 10:55:29 INFO  Progress (1): 3.5/6.0 MB
2026.07.28 10:55:29 INFO  Progress (1): 3.5/6.0 MB
2026.07.28 10:55:29 INFO  Progress (1): 3.6/6.0 MB
2026.07.28 10:55:29 INFO  Progress (1): 3.6/6.0 MB
2026.07.28 10:55:29 INFO  Progress (1): 3.6/6.0 MB
2026.07.28 10:55:29 INFO  Progress (1): 3.6/6.0 MB
2026.07.28 10:55:29 INFO  Progress (1): 3.6/6.0 MB
2026.07.28 10:55:29 INFO  Progress (1): 3.6/6.0 MB
2026.07.28 10:55:29 INFO  Progress (1): 3.6/6.0 MB
2026.07.28 10:55:29 INFO  Progress (1): 3.7/6.0 MB
2026.07.28 10:55:29 INFO  Progress (1): 3.7/6.0 MB
2026.07.28 10:55:29 INFO  Progress (1): 3.7/6.0 MB
2026.07.28 10:55:29 INFO  Progress (1): 3.7/6.0 MB
2026.07.28 10:55:29 INFO  Progress (1): 3.7/6.0 MB
2026.07.28 10:55:29 INFO  Progress (1): 3.7/6.0 MB
2026.07.28 10:55:29 INFO  Progress (1): 3.7/6.0 MB
2026.07.28 10:55:29 INFO  Progress (1): 3.8/6.0 MB
2026.07.28 10:55:29 INFO  Progress (1): 3.8/6.0 MB
2026.07.28 10:55:29 INFO  Progress (1): 3.8/6.0 MB
2026.07.28 10:55:29 INFO  Progress (1): 3.8/6.0 MB
2026.07.28 10:55:29 INFO  Progress (1): 3.8/6.0 MB
2026.07.28 10:55:29 INFO  Progress (1): 3.8/6.0 MB
2026.07.28 10:55:29 INFO  Progress (1): 3.9/6.0 MB
2026.07.28 10:55:29 INFO  Progress (1): 3.9/6.0 MB
2026.07.28 10:55:29 INFO  Progress (1): 3.9/6.0 MB
2026.07.28 10:55:29 INFO  Progress (1): 3.9/6.0 MB
2026.07.28 10:55:29 INFO  Progress (1): 3.9/6.0 MB
2026.07.28 10:55:29 INFO  Progress (1): 3.9/6.0 MB
2026.07.28 10:55:29 INFO  Progress (1): 4.0/6.0 MB
2026.07.28 10:55:29 INFO  Progress (1): 4.0/6.0 MB
2026.07.28 10:55:29 INFO  Progress (1): 4.0/6.0 MB
2026.07.28 10:55:29 INFO  Progress (1): 4.0/6.0 MB
2026.07.28 10:55:29 INFO  Progress (1): 4.0/6.0 MB
2026.07.28 10:55:29 INFO  Progress (1): 4.0/6.0 MB
2026.07.28 10:55:29 INFO  Progress (1): 4.1/6.0 MB
2026.07.28 10:55:29 INFO  Progress (1): 4.1/6.0 MB
2026.07.28 10:55:29 INFO  Progress (1): 4.1/6.0 MB
2026.07.28 10:55:29 INFO  Progress (1): 4.1/6.0 MB
2026.07.28 10:55:29 INFO  Progress (1): 4.1/6.0 MB
2026.07.28 10:55:29 INFO  Progress (1): 4.1/6.0 MB
2026.07.28 10:55:29 INFO  Progress (1): 4.2/6.0 MB
2026.07.28 10:55:29 INFO  Progress (1): 4.2/6.0 MB
2026.07.28 10:55:29 INFO  Progress (1): 4.2/6.0 MB
2026.07.28 10:55:29 INFO  Progress (1): 4.2/6.0 MB
2026.07.28 10:55:29 INFO  Progress (1): 4.2/6.0 MB
2026.07.28 10:55:29 INFO  Progress (1): 4.2/6.0 MB
2026.07.28 10:55:29 INFO  Progress (1): 4.2/6.0 MB
2026.07.28 10:55:29 INFO  Progress (1): 4.3/6.0 MB
2026.07.28 10:55:29 INFO  Progress (1): 4.3/6.0 MB
2026.07.28 10:55:29 INFO  Progress (1): 4.3/6.0 MB
2026.07.28 10:55:29 INFO  Progress (1): 4.3/6.0 MB
2026.07.28 10:55:29 INFO  Progress (1): 4.3/6.0 MB
2026.07.28 10:55:29 INFO  Progress (1): 4.3/6.0 MB
2026.07.28 10:55:29 INFO  Progress (1): 4.3/6.0 MB
2026.07.28 10:55:29 INFO  Progress (1): 4.4/6.0 MB
2026.07.28 10:55:29 INFO  Progress (1): 4.4/6.0 MB
2026.07.28 10:55:29 INFO  Progress (1): 4.4/6.0 MB
2026.07.28 10:55:29 INFO  Progress (1): 4.4/6.0 MB
2026.07.28 10:55:29 INFO  Progress (1): 4.4/6.0 MB
2026.07.28 10:55:29 INFO  Progress (1): 4.4/6.0 MB
2026.07.28 10:55:29 INFO  Progress (1): 4.5/6.0 MB
2026.07.28 10:55:29 INFO  Progress (1): 4.5/6.0 MB
2026.07.28 10:55:29 INFO  Progress (1): 4.5/6.0 MB
2026.07.28 10:55:29 INFO  Progress (1): 4.5/6.0 MB
2026.07.28 10:55:29 INFO  Progress (1): 4.5/6.0 MB
2026.07.28 10:55:29 INFO  Progress (1): 4.5/6.0 MB
2026.07.28 10:55:29 INFO  Progress (1): 4.6/6.0 MB
2026.07.28 10:55:29 INFO  Progress (1): 4.6/6.0 MB
2026.07.28 10:55:29 INFO  Progress (1): 4.6/6.0 MB
2026.07.28 10:55:29 INFO  Progress (1): 4.6/6.0 MB
2026.07.28 10:55:29 INFO  Progress (1): 4.6/6.0 MB
2026.07.28 10:55:29 INFO  Progress (1): 4.6/6.0 MB
2026.07.28 10:55:29 INFO  Progress (1): 4.7/6.0 MB
2026.07.28 10:55:29 INFO  Progress (1): 4.7/6.0 MB
2026.07.28 10:55:29 INFO  Progress (1): 4.7/6.0 MB
2026.07.28 10:55:29 INFO  Progress (1): 4.7/6.0 MB
2026.07.28 10:55:29 INFO  Progress (1): 4.7/6.0 MB
2026.07.28 10:55:29 INFO  Progress (1): 4.7/6.0 MB
2026.07.28 10:55:29 INFO  Progress (1): 4.8/6.0 MB
2026.07.28 10:55:29 INFO  Progress (1): 4.8/6.0 MB
2026.07.28 10:55:29 INFO  Progress (1): 4.8/6.0 MB
2026.07.28 10:55:29 INFO  Progress (1): 4.8/6.0 MB
2026.07.28 10:55:29 INFO  Progress (1): 4.8/6.0 MB
2026.07.28 10:55:29 INFO  Progress (1): 4.8/6.0 MB
2026.07.28 10:55:29 INFO  Progress (1): 4.9/6.0 MB
2026.07.28 10:55:29 INFO  Progress (1): 4.9/6.0 MB
2026.07.28 10:55:29 INFO  Progress (1): 4.9/6.0 MB
2026.07.28 10:55:29 INFO  Progress (1): 4.9/6.0 MB
2026.07.28 10:55:29 INFO  Progress (1): 4.9/6.0 MB
2026.07.28 10:55:29 INFO  Progress (1): 4.9/6.0 MB
2026.07.28 10:55:29 INFO  Progress (1): 4.9/6.0 MB
2026.07.28 10:55:29 INFO  Progress (1): 4.9/6.0 MB
2026.07.28 10:55:29 INFO  Progress (1): 5.0/6.0 MB
2026.07.28 10:55:29 INFO  Progress (1): 5.0/6.0 MB
2026.07.28 10:55:29 INFO  Progress (1): 5.0/6.0 MB
2026.07.28 10:55:29 INFO  Progress (1): 5.0/6.0 MB
2026.07.28 10:55:29 INFO  Progress (1): 5.0/6.0 MB
2026.07.28 10:55:29 INFO  Progress (1): 5.0/6.0 MB
2026.07.28 10:55:29 INFO  Progress (1): 5.0/6.0 MB
2026.07.28 10:55:29 INFO  Progress (1): 5.1/6.0 MB
2026.07.28 10:55:29 INFO  Progress (1): 5.1/6.0 MB
2026.07.28 10:55:29 INFO  Progress (1): 5.1/6.0 MB
2026.07.28 10:55:29 INFO  Progress (1): 5.1/6.0 MB
2026.07.28 10:55:29 INFO  Progress (1): 5.1/6.0 MB
2026.07.28 10:55:29 INFO  Progress (1): 5.1/6.0 MB
2026.07.28 10:55:29 INFO  Progress (1): 5.2/6.0 MB
2026.07.28 10:55:29 INFO  Progress (1): 5.2/6.0 MB
2026.07.28 10:55:29 INFO  Progress (1): 5.2/6.0 MB
2026.07.28 10:55:29 INFO  Progress (1): 5.2/6.0 MB
2026.07.28 10:55:29 INFO  Progress (1): 5.2/6.0 MB
2026.07.28 10:55:29 INFO  Progress (1): 5.2/6.0 MB
2026.07.28 10:55:29 INFO  Progress (1): 5.2/6.0 MB
2026.07.28 10:55:29 INFO  Progress (1): 5.3/6.0 MB
2026.07.28 10:55:29 INFO  Progress (1): 5.3/6.0 MB
2026.07.28 10:55:29 INFO  Progress (1): 5.3/6.0 MB
2026.07.28 10:55:29 INFO  Progress (1): 5.3/6.0 MB
2026.07.28 10:55:29 INFO  Progress (1): 5.3/6.0 MB
2026.07.28 10:55:29 INFO  Progress (1): 5.3/6.0 MB
2026.07.28 10:55:29 INFO  Progress (1): 5.4/6.0 MB
2026.07.28 10:55:29 INFO  Progress (1): 5.4/6.0 MB
2026.07.28 10:55:29 INFO  Progress (1): 5.4/6.0 MB
2026.07.28 10:55:29 INFO  Progress (1): 5.4/6.0 MB
2026.07.28 10:55:29 INFO  Progress (1): 5.4/6.0 MB
2026.07.28 10:55:29 INFO  Progress (1): 5.4/6.0 MB
2026.07.28 10:55:29 INFO  Progress (1): 5.5/6.0 MB
2026.07.28 10:55:29 INFO  Progress (1): 5.5/6.0 MB
2026.07.28 10:55:29 INFO  Progress (1): 5.5/6.0 MB
2026.07.28 10:55:29 INFO  Progress (1): 5.5/6.0 MB
2026.07.28 10:55:29 INFO  Progress (1): 5.5/6.0 MB
2026.07.28 10:55:29 INFO  Progress (1): 5.5/6.0 MB
2026.07.28 10:55:29 INFO  Progress (1): 5.6/6.0 MB
2026.07.28 10:55:29 INFO  Progress (1): 5.6/6.0 MB
2026.07.28 10:55:29 INFO  Progress (1): 5.6/6.0 MB
2026.07.28 10:55:29 INFO  Progress (1): 5.6/6.0 MB
2026.07.28 10:55:29 INFO  Progress (1): 5.6/6.0 MB
2026.07.28 10:55:29 INFO  Progress (1): 5.6/6.0 MB
2026.07.28 10:55:29 INFO  Progress (1): 5.6/6.0 MB
2026.07.28 10:55:29 INFO  Progress (1): 5.7/6.0 MB
2026.07.28 10:55:29 INFO  Progress (1): 5.7/6.0 MB
2026.07.28 10:55:29 INFO  Progress (1): 5.7/6.0 MB
2026.07.28 10:55:29 INFO  Progress (1): 5.7/6.0 MB
2026.07.28 10:55:29 INFO  Progress (1): 5.7/6.0 MB
2026.07.28 10:55:29 INFO  Progress (1): 5.7/6.0 MB
2026.07.28 10:55:29 INFO  Progress (1): 5.8/6.0 MB
2026.07.28 10:55:29 INFO  Progress (1): 5.8/6.0 MB
2026.07.28 10:55:29 INFO  Progress (1): 5.8/6.0 MB
2026.07.28 10:55:29 INFO  Progress (1): 5.8/6.0 MB
2026.07.28 10:55:29 INFO  Progress (1): 5.8/6.0 MB
2026.07.28 10:55:29 INFO  Progress (1): 5.8/6.0 MB
2026.07.28 10:55:29 INFO  Progress (1): 5.9/6.0 MB
2026.07.28 10:55:29 INFO  Progress (1): 5.9/6.0 MB
2026.07.28 10:55:29 INFO  Progress (1): 5.9/6.0 MB
2026.07.28 10:55:29 INFO  Progress (1): 5.9/6.0 MB
2026.07.28 10:55:29 INFO  Progress (1): 5.9/6.0 MB
2026.07.28 10:55:29 INFO  Progress (1): 5.9/6.0 MB
2026.07.28 10:55:29 INFO  Progress (1): 6.0/6.0 MB
2026.07.28 10:55:29 INFO  Progress (1): 6.0/6.0 MB
2026.07.28 10:55:29 INFO  Progress (1): 6.0/6.0 MB
2026.07.28 10:55:29 INFO  Progress (1): 6.0 MB    
2026.07.28 10:55:29 INFO                      
2026.07.28 10:55:29 INFO  Downloaded from central: https://repo.maven.apache.org/maven2/org/scala-lang/scala-library/2.13.8/scala-library-2.13.8.jar (6.0 MB at 7.1 MB/s)
2026.07.28 10:55:29 INFO  Downloading from central: https://repo.maven.apache.org/maven2/ch/epfl/scala/bloop-config_2.13/2.3.3/bloop-config_2.13-2.3.3.jar
2026.07.28 10:55:29 INFO  Downloading from central: https://repo.maven.apache.org/maven2/com/github/plokhotnyuk/jsoniter-scala/jsoniter-scala-core_2.13/2.13.5.2/jsoniter-scala-core_2.13-2.13.5.2.jar
2026.07.28 10:55:29 INFO  Downloading from central: https://repo.maven.apache.org/maven2/com/lihaoyi/unroll-annotation_2.13/0.1.12/unroll-annotation_2.13-0.1.12.jar
2026.07.28 10:55:29 INFO  Downloading from central: https://repo.maven.apache.org/maven2/net/alchim31/maven/scala-maven-plugin/4.8.0/scala-maven-plugin-4.8.0.jar
2026.07.28 10:55:29 INFO  Downloading from central: https://repo.maven.apache.org/maven2/org/apache/maven/shared/maven-dependency-tree/3.2.1/maven-dependency-tree-3.2.1.jar
2026.07.28 10:55:29 INFO  Progress (1): 7.7/288 kB
2026.07.28 10:55:29 INFO  Progress (1): 16/288 kB 
2026.07.28 10:55:29 INFO  Progress (1): 29/288 kB
2026.07.28 10:55:29 INFO  Progress (1): 45/288 kB
2026.07.28 10:55:29 INFO  Progress (1): 61/288 kB
2026.07.28 10:55:29 INFO  Progress (1): 78/288 kB
2026.07.28 10:55:29 INFO  Progress (1): 94/288 kB
2026.07.28 10:55:29 INFO  Progress (1): 111/288 kB
2026.07.28 10:55:29 INFO  Progress (1): 127/288 kB
2026.07.28 10:55:29 INFO  Progress (1): 143/288 kB
2026.07.28 10:55:29 INFO  Progress (1): 160/288 kB
2026.07.28 10:55:29 INFO  Progress (1): 176/288 kB
2026.07.28 10:55:29 INFO  Progress (1): 193/288 kB
2026.07.28 10:55:29 INFO  Progress (1): 209/288 kB
2026.07.28 10:55:29 INFO  Progress (1): 225/288 kB
2026.07.28 10:55:29 INFO  Progress (1): 242/288 kB
2026.07.28 10:55:29 INFO  Progress (1): 258/288 kB
2026.07.28 10:55:29 INFO  Progress (1): 274/288 kB
2026.07.28 10:55:29 INFO  Progress (1): 288 kB    
2026.07.28 10:55:29 INFO                      
2026.07.28 10:55:29 INFO  Downloaded from central: https://repo.maven.apache.org/maven2/ch/epfl/scala/bloop-config_2.13/2.3.3/bloop-config_2.13-2.3.3.jar (288 kB at 1.9 MB/s)
2026.07.28 10:55:29 INFO  Downloading from central: https://repo.maven.apache.org/maven2/org/eclipse/aether/aether-util/1.0.0.v20140518/aether-util-1.0.0.v20140518.jar
2026.07.28 10:55:29 INFO  Progress (1): 7.7/146 kB
2026.07.28 10:55:29 INFO  Progress (1): 7.7/146 kB
2026.07.28 10:55:29 INFO  Progress (1): 24/146 kB 
2026.07.28 10:55:29 INFO  Progress (1): 40/146 kB
2026.07.28 10:55:29 INFO  Progress (2): 40/146 kB | 0.9/159 kB
2026.07.28 10:55:29 INFO  Progress (2): 40/146 kB | 2.3/159 kB
2026.07.28 10:55:29 INFO  Progress (2): 40/146 kB | 3.6/159 kB
2026.07.28 10:55:29 INFO  Progress (2): 40/146 kB | 5.0/159 kB
2026.07.28 10:55:29 INFO  Progress (2): 40/146 kB | 6.4/159 kB
2026.07.28 10:55:29 INFO  Progress (2): 40/146 kB | 7.7/159 kB
2026.07.28 10:55:29 INFO  Progress (2): 40/146 kB | 9.1/159 kB
2026.07.28 10:55:29 INFO  Progress (2): 40/146 kB | 10/159 kB 
2026.07.28 10:55:29 INFO  Progress (2): 40/146 kB | 12/159 kB
2026.07.28 10:55:29 INFO  Progress (2): 40/146 kB | 13/159 kB
2026.07.28 10:55:29 INFO  Progress (2): 40/146 kB | 15/159 kB
2026.07.28 10:55:29 INFO  Progress (2): 40/146 kB | 16/159 kB
2026.07.28 10:55:29 INFO  Progress (2): 40/146 kB | 17/159 kB
2026.07.28 10:55:29 INFO  Progress (2): 40/146 kB | 19/159 kB
2026.07.28 10:55:29 INFO  Progress (2): 57/146 kB | 19/159 kB
2026.07.28 10:55:29 INFO  Progress (2): 57/146 kB | 20/159 kB
2026.07.28 10:55:29 INFO  Progress (2): 57/146 kB | 21/159 kB
2026.07.28 10:55:29 INFO  Progress (2): 57/146 kB | 23/159 kB
2026.07.28 10:55:29 INFO  Progress (2): 73/146 kB | 23/159 kB
2026.07.28 10:55:29 INFO  Progress (2): 90/146 kB | 23/159 kB
2026.07.28 10:55:29 INFO  Progress (3): 90/146 kB | 23/159 kB | 0.9/43 kB
2026.07.28 10:55:29 INFO  Progress (3): 90/146 kB | 23/159 kB | 2.3/43 kB
2026.07.28 10:55:29 INFO  Progress (3): 90/146 kB | 23/159 kB | 3.6/43 kB
2026.07.28 10:55:29 INFO  Progress (3): 90/146 kB | 23/159 kB | 5.0/43 kB
2026.07.28 10:55:29 INFO  Progress (3): 90/146 kB | 23/159 kB | 6.4/43 kB
2026.07.28 10:55:29 INFO  Progress (3): 90/146 kB | 23/159 kB | 7.7/43 kB
2026.07.28 10:55:29 INFO  Progress (3): 90/146 kB | 23/159 kB | 9.1/43 kB
2026.07.28 10:55:29 INFO  Progress (3): 90/146 kB | 24/159 kB | 9.1/43 kB
2026.07.28 10:55:29 INFO  Progress (3): 90/146 kB | 24/159 kB | 10/43 kB 
2026.07.28 10:55:29 INFO  Progress (3): 90/146 kB | 25/159 kB | 10/43 kB
2026.07.28 10:55:29 INFO  Progress (3): 90/146 kB | 27/159 kB | 10/43 kB
2026.07.28 10:55:29 INFO  Progress (3): 90/146 kB | 27/159 kB | 12/43 kB
2026.07.28 10:55:29 INFO  Progress (3): 90/146 kB | 28/159 kB | 12/43 kB
2026.07.28 10:55:29 INFO  Progress (3): 90/146 kB | 28/159 kB | 13/43 kB
2026.07.28 10:55:29 INFO  Progress (3): 90/146 kB | 30/159 kB | 13/43 kB
2026.07.28 10:55:29 INFO  Progress (3): 90/146 kB | 30/159 kB | 15/43 kB
2026.07.28 10:55:29 INFO  Progress (3): 90/146 kB | 31/159 kB | 15/43 kB
2026.07.28 10:55:29 INFO  Progress (3): 106/146 kB | 31/159 kB | 15/43 kB
2026.07.28 10:55:29 INFO  Progress (3): 106/146 kB | 31/159 kB | 16/43 kB
2026.07.28 10:55:29 INFO  Progress (3): 106/146 kB | 32/159 kB | 16/43 kB
2026.07.28 10:55:29 INFO  Progress (3): 106/146 kB | 32/159 kB | 17/43 kB
2026.07.28 10:55:29 INFO  Progress (3): 106/146 kB | 34/159 kB | 17/43 kB
2026.07.28 10:55:29 INFO  Progress (3): 106/146 kB | 34/159 kB | 19/43 kB
2026.07.28 10:55:29 INFO  Progress (3): 106/146 kB | 35/159 kB | 19/43 kB
2026.07.28 10:55:29 INFO  Progress (3): 106/146 kB | 35/159 kB | 20/43 kB
2026.07.28 10:55:29 INFO  Progress (3): 106/146 kB | 36/159 kB | 20/43 kB
2026.07.28 10:55:29 INFO  Progress (3): 122/146 kB | 36/159 kB | 20/43 kB
2026.07.28 10:55:29 INFO  Progress (3): 122/146 kB | 36/159 kB | 21/43 kB
2026.07.28 10:55:29 INFO  Progress (3): 122/146 kB | 38/159 kB | 21/43 kB
2026.07.28 10:55:29 INFO  Progress (3): 139/146 kB | 38/159 kB | 21/43 kB
2026.07.28 10:55:29 INFO  Progress (3): 139/146 kB | 38/159 kB | 23/43 kB
2026.07.28 10:55:29 INFO  Progress (3): 139/146 kB | 38/159 kB | 24/43 kB
2026.07.28 10:55:29 INFO  Progress (3): 139/146 kB | 38/159 kB | 25/43 kB
2026.07.28 10:55:29 INFO  Progress (3): 139/146 kB | 38/159 kB | 27/43 kB
2026.07.28 10:55:29 INFO  Progress (3): 146 kB | 38/159 kB | 27/43 kB    
2026.07.28 10:55:29 INFO  Progress (3): 146 kB | 38/159 kB | 28/43 kB
2026.07.28 10:55:29 INFO  Progress (3): 146 kB | 38/159 kB | 30/43 kB
2026.07.28 10:55:29 INFO  Progress (3): 146 kB | 38/159 kB | 31/43 kB
2026.07.28 10:55:29 INFO  Progress (3): 146 kB | 39/159 kB | 31/43 kB
2026.07.28 10:55:29 INFO  Progress (3): 146 kB | 39/159 kB | 32/43 kB
2026.07.28 10:55:29 INFO  Progress (3): 146 kB | 41/159 kB | 32/43 kB
2026.07.28 10:55:29 INFO  Progress (3): 146 kB | 41/159 kB | 34/43 kB
2026.07.28 10:55:29 INFO  Progress (3): 146 kB | 41/159 kB | 35/43 kB
2026.07.28 10:55:29 INFO  Progress (3): 146 kB | 42/159 kB | 35/43 kB
2026.07.28 10:55:29 INFO  Progress (3): 146 kB | 42/159 kB | 36/43 kB
2026.07.28 10:55:29 INFO  Progress (3): 146 kB | 43/159 kB | 36/43 kB
2026.07.28 10:55:29 INFO  Progress (3): 146 kB | 43/159 kB | 38/43 kB
2026.07.28 10:55:29 INFO  Progress (3): 146 kB | 45/159 kB | 38/43 kB
2026.07.28 10:55:29 INFO  Progress (3): 146 kB | 45/159 kB | 39/43 kB
2026.07.28 10:55:29 INFO  Progress (3): 146 kB | 46/159 kB | 39/43 kB
2026.07.28 10:55:29 INFO  Progress (3): 146 kB | 46/159 kB | 41/43 kB
2026.07.28 10:55:29 INFO  Progress (3): 146 kB | 47/159 kB | 41/43 kB
2026.07.28 10:55:29 INFO  Progress (3): 146 kB | 47/159 kB | 42/43 kB
2026.07.28 10:55:29 INFO  Progress (3): 146 kB | 49/159 kB | 42/43 kB
2026.07.28 10:55:29 INFO  Progress (3): 146 kB | 49/159 kB | 43 kB   
2026.07.28 10:55:29 INFO  Progress (3): 146 kB | 50/159 kB | 43 kB
2026.07.28 10:55:29 INFO  Progress (3): 146 kB | 51/159 kB | 43 kB
2026.07.28 10:55:29 INFO  Progress (3): 146 kB | 53/159 kB | 43 kB
2026.07.28 10:55:29 INFO  Progress (3): 146 kB | 54/159 kB | 43 kB
2026.07.28 10:55:29 INFO  Progress (3): 146 kB | 56/159 kB | 43 kB
2026.07.28 10:55:29 INFO  Progress (4): 146 kB | 56/159 kB | 43 kB | 0.9/176 kB
2026.07.28 10:55:29 INFO  Progress (4): 146 kB | 56/159 kB | 43 kB | 2.3/176 kB
2026.07.28 10:55:29 INFO  Progress (4): 146 kB | 56/159 kB | 43 kB | 3.6/176 kB
2026.07.28 10:55:29 INFO  Progress (4): 146 kB | 56/159 kB | 43 kB | 5.0/176 kB
2026.07.28 10:55:29 INFO  Progress (4): 146 kB | 56/159 kB | 43 kB | 6.4/176 kB
2026.07.28 10:55:29 INFO  Progress (4): 146 kB | 56/159 kB | 43 kB | 7.7/176 kB
2026.07.28 10:55:29 INFO  Progress (4): 146 kB | 56/159 kB | 43 kB | 9.1/176 kB
2026.07.28 10:55:29 INFO  Progress (4): 146 kB | 56/159 kB | 43 kB | 10/176 kB 
2026.07.28 10:55:29 INFO  Progress (4): 146 kB | 56/159 kB | 43 kB | 12/176 kB
2026.07.28 10:55:29 INFO  Progress (4): 146 kB | 56/159 kB | 43 kB | 12/176 kB
2026.07.28 10:55:29 INFO  Progress (4): 146 kB | 56/159 kB | 43 kB | 14/176 kB
2026.07.28 10:55:29 INFO  Progress (4): 146 kB | 56/159 kB | 43 kB | 15/176 kB
2026.07.28 10:55:29 INFO  Progress (4): 146 kB | 56/159 kB | 43 kB | 16/176 kB
2026.07.28 10:55:29 INFO  Progress (4): 146 kB | 56/159 kB | 43 kB | 18/176 kB
2026.07.28 10:55:29 INFO  Progress (4): 146 kB | 56/159 kB | 43 kB | 19/176 kB
2026.07.28 10:55:29 INFO  Progress (4): 146 kB | 56/159 kB | 43 kB | 21/176 kB
2026.07.28 10:55:29 INFO                                                      
2026.07.28 10:55:29 INFO  Downloaded from central: https://repo.maven.apache.org/maven2/org/eclipse/aether/aether-util/1.0.0.v20140518/aether-util-1.0.0.v20140518.jar (146 kB at 379 kB/s)
2026.07.28 10:55:29 INFO  Progress (3): 56/159 kB | 43 kB | 22/176 kB
2026.07.28 10:55:29 INFO                                             
2026.07.28 10:55:29 INFO  Downloading from central: https://repo.maven.apache.org/maven2/org/eclipse/aether/aether-api/1.0.0.v20140518/aether-api-1.0.0.v20140518.jar
2026.07.28 10:55:29 INFO  Progress (3): 56/159 kB | 43 kB | 23/176 kB
2026.07.28 10:55:29 INFO  Progress (3): 56/159 kB | 43 kB | 25/176 kB
2026.07.28 10:55:29 INFO  Progress (3): 56/159 kB | 43 kB | 26/176 kB
2026.07.28 10:55:29 INFO  Progress (3): 56/159 kB | 43 kB | 27/176 kB
2026.07.28 10:55:29 INFO  Progress (3): 56/159 kB | 43 kB | 29/176 kB
2026.07.28 10:55:29 INFO                                             
2026.07.28 10:55:29 INFO  Downloaded from central: https://repo.maven.apache.org/maven2/org/apache/maven/shared/maven-dependency-tree/3.2.1/maven-dependency-tree-3.2.1.jar (43 kB at 111 kB/s)
2026.07.28 10:55:29 INFO  Downloading from central: https://repo.maven.apache.org/maven2/org/slf4j/slf4j-api/1.7.36/slf4j-api-1.7.36.jar
2026.07.28 10:55:29 INFO  Progress (2): 56/159 kB | 30/176 kB
2026.07.28 10:55:29 INFO  Progress (2): 56/159 kB | 31/176 kB
2026.07.28 10:55:29 INFO  Progress (2): 56/159 kB | 33/176 kB
2026.07.28 10:55:29 INFO  Progress (2): 56/159 kB | 34/176 kB
2026.07.28 10:55:29 INFO  Progress (2): 56/159 kB | 36/176 kB
2026.07.28 10:55:29 INFO  Progress (2): 56/159 kB | 37/176 kB
2026.07.28 10:55:29 INFO  Progress (2): 56/159 kB | 38/176 kB
2026.07.28 10:55:29 INFO  Progress (2): 56/159 kB | 40/176 kB
2026.07.28 10:55:29 INFO  Progress (2): 56/159 kB | 41/176 kB
2026.07.28 10:55:29 INFO  Progress (2): 56/159 kB | 42/176 kB
2026.07.28 10:55:29 INFO  Progress (2): 56/159 kB | 44/176 kB
2026.07.28 10:55:29 INFO  Progress (2): 56/159 kB | 45/176 kB
2026.07.28 10:55:29 INFO  Progress (2): 56/159 kB | 47/176 kB
2026.07.28 10:55:29 INFO  Progress (2): 56/159 kB | 48/176 kB
2026.07.28 10:55:29 INFO  Progress (2): 56/159 kB | 49/176 kB
2026.07.28 10:55:29 INFO  Progress (2): 56/159 kB | 51/176 kB
2026.07.28 10:55:29 INFO  Progress (2): 56/159 kB | 52/176 kB
2026.07.28 10:55:29 INFO  Progress (2): 56/159 kB | 53/176 kB
2026.07.28 10:55:29 INFO  Progress (2): 56/159 kB | 55/176 kB
2026.07.28 10:55:29 INFO  Progress (2): 56/159 kB | 59/176 kB
2026.07.28 10:55:29 INFO  Progress (3): 56/159 kB | 59/176 kB | 0.9/1.3 kB
2026.07.28 10:55:29 INFO  Progress (3): 56/159 kB | 59/176 kB | 1.3 kB    
2026.07.28 10:55:29 INFO                                              
2026.07.28 10:55:29 INFO  Downloaded from central: https://repo.maven.apache.org/maven2/com/lihaoyi/unroll-annotation_2.13/0.1.12/unroll-annotation_2.13-0.1.12.jar (1.3 kB at 3.4 kB/s)
2026.07.28 10:55:29 INFO  Downloading from central: https://repo.maven.apache.org/maven2/org/apache/maven/reporting/maven-reporting-api/3.1.1/maven-reporting-api-3.1.1.jar
2026.07.28 10:55:29 INFO  Progress (2): 60/159 kB | 59/176 kB
2026.07.28 10:55:29 INFO  Progress (2): 64/159 kB | 59/176 kB
2026.07.28 10:55:29 INFO  Progress (2): 68/159 kB | 59/176 kB
2026.07.28 10:55:29 INFO  Progress (2): 73/159 kB | 59/176 kB
2026.07.28 10:55:29 INFO  Progress (2): 77/159 kB | 59/176 kB
2026.07.28 10:55:29 INFO  Progress (2): 81/159 kB | 59/176 kB
2026.07.28 10:55:29 INFO  Progress (2): 85/159 kB | 59/176 kB
2026.07.28 10:55:29 INFO  Progress (2): 89/159 kB | 59/176 kB
2026.07.28 10:55:29 INFO  Progress (2): 94/159 kB | 59/176 kB
2026.07.28 10:55:29 INFO  Progress (2): 98/159 kB | 59/176 kB
2026.07.28 10:55:29 INFO  Progress (2): 98/159 kB | 61/176 kB
2026.07.28 10:55:29 INFO  Progress (2): 102/159 kB | 61/176 kB
2026.07.28 10:55:29 INFO  Progress (2): 102/159 kB | 66/176 kB
2026.07.28 10:55:29 INFO  Progress (2): 106/159 kB | 66/176 kB
2026.07.28 10:55:29 INFO  Progress (2): 106/159 kB | 70/176 kB
2026.07.28 10:55:29 INFO  Progress (2): 111/159 kB | 70/176 kB
2026.07.28 10:55:29 INFO  Progress (2): 111/159 kB | 74/176 kB
2026.07.28 10:55:29 INFO  Progress (2): 115/159 kB | 74/176 kB
2026.07.28 10:55:29 INFO  Progress (2): 115/159 kB | 78/176 kB
2026.07.28 10:55:29 INFO  Progress (2): 119/159 kB | 78/176 kB
2026.07.28 10:55:29 INFO  Progress (2): 123/159 kB | 78/176 kB
2026.07.28 10:55:29 INFO  Progress (2): 123/159 kB | 83/176 kB
2026.07.28 10:55:29 INFO  Progress (2): 123/159 kB | 87/176 kB
2026.07.28 10:55:29 INFO  Progress (2): 123/159 kB | 91/176 kB
2026.07.28 10:55:29 INFO  Progress (2): 123/159 kB | 95/176 kB
2026.07.28 10:55:29 INFO  Progress (2): 123/159 kB | 100/176 kB
2026.07.28 10:55:29 INFO  Progress (3): 123/159 kB | 100/176 kB | 3.2/41 kB
2026.07.28 10:55:29 INFO  Progress (3): 123/159 kB | 104/176 kB | 3.2/41 kB
2026.07.28 10:55:29 INFO  Progress (3): 123/159 kB | 104/176 kB | 20/41 kB 
2026.07.28 10:55:29 INFO  Progress (3): 123/159 kB | 108/176 kB | 20/41 kB
2026.07.28 10:55:29 INFO  Progress (3): 123/159 kB | 108/176 kB | 36/41 kB
2026.07.28 10:55:29 INFO  Progress (3): 123/159 kB | 112/176 kB | 36/41 kB
2026.07.28 10:55:29 INFO  Progress (3): 123/159 kB | 116/176 kB | 36/41 kB
2026.07.28 10:55:29 INFO  Progress (3): 123/159 kB | 116/176 kB | 41 kB   
2026.07.28 10:55:29 INFO  Progress (3): 123/159 kB | 121/176 kB | 41 kB
2026.07.28 10:55:29 INFO  Progress (4): 123/159 kB | 121/176 kB | 41 kB | 0.9/136 kB
2026.07.28 10:55:29 INFO  Progress (4): 123/159 kB | 121/176 kB | 41 kB | 2.3/136 kB
2026.07.28 10:55:29 INFO  Progress (4): 123/159 kB | 121/176 kB | 41 kB | 3.6/136 kB
2026.07.28 10:55:29 INFO  Progress (4): 123/159 kB | 121/176 kB | 41 kB | 5.0/136 kB
2026.07.28 10:55:29 INFO                                                            
2026.07.28 10:55:29 INFO  Downloaded from central: https://repo.maven.apache.org/maven2/org/slf4j/slf4j-api/1.7.36/slf4j-api-1.7.36.jar (41 kB at 73 kB/s)
2026.07.28 10:55:29 INFO  Downloading from central: https://repo.maven.apache.org/maven2/org/apache/maven/doxia/doxia-sink-api/1.11.1/doxia-sink-api-1.11.1.jar
2026.07.28 10:55:29 INFO  Progress (3): 123/159 kB | 121/176 kB | 6.4/136 kB
2026.07.28 10:55:29 INFO  Progress (3): 123/159 kB | 121/176 kB | 7.7/136 kB
2026.07.28 10:55:29 INFO  Progress (3): 123/159 kB | 121/176 kB | 9.1/136 kB
2026.07.28 10:55:29 INFO  Progress (3): 123/159 kB | 121/176 kB | 10/136 kB 
2026.07.28 10:55:29 INFO  Progress (3): 123/159 kB | 121/176 kB | 12/136 kB
2026.07.28 10:55:29 INFO  Progress (3): 123/159 kB | 121/176 kB | 15/136 kB
2026.07.28 10:55:29 INFO  Progress (3): 123/159 kB | 121/176 kB | 20/136 kB
2026.07.28 10:55:29 INFO  Progress (3): 123/159 kB | 121/176 kB | 24/136 kB
2026.07.28 10:55:29 INFO  Progress (3): 123/159 kB | 121/176 kB | 28/136 kB
2026.07.28 10:55:29 INFO  Progress (3): 123/159 kB | 121/176 kB | 32/136 kB
2026.07.28 10:55:29 INFO  Progress (3): 123/159 kB | 121/176 kB | 37/136 kB
2026.07.28 10:55:29 INFO  Progress (4): 123/159 kB | 121/176 kB | 37/136 kB | 0.9/11 kB
2026.07.28 10:55:29 INFO  Progress (4): 123/159 kB | 121/176 kB | 37/136 kB | 2.3/11 kB
2026.07.28 10:55:29 INFO  Progress (4): 123/159 kB | 121/176 kB | 37/136 kB | 3.6/11 kB
2026.07.28 10:55:29 INFO  Progress (4): 123/159 kB | 121/176 kB | 37/136 kB | 5.0/11 kB
2026.07.28 10:55:29 INFO  Progress (4): 123/159 kB | 121/176 kB | 37/136 kB | 6.4/11 kB
2026.07.28 10:55:29 INFO  Progress (4): 123/159 kB | 121/176 kB | 37/136 kB | 7.7/11 kB
2026.07.28 10:55:29 INFO  Progress (4): 123/159 kB | 121/176 kB | 37/136 kB | 9.1/11 kB
2026.07.28 10:55:29 INFO  Progress (4): 123/159 kB | 121/176 kB | 37/136 kB | 10/11 kB 
2026.07.28 10:55:29 INFO  Progress (4): 123/159 kB | 121/176 kB | 37/136 kB | 11 kB   
2026.07.28 10:55:29 INFO  Progress (4): 123/159 kB | 121/176 kB | 41/136 kB | 11 kB
2026.07.28 10:55:29 INFO  Progress (4): 123/159 kB | 121/176 kB | 45/136 kB | 11 kB
2026.07.28 10:55:29 INFO                                                           
2026.07.28 10:55:29 INFO  Downloaded from central: https://repo.maven.apache.org/maven2/org/apache/maven/reporting/maven-reporting-api/3.1.1/maven-reporting-api-3.1.1.jar (11 kB at 18 kB/s)
2026.07.28 10:55:29 INFO  Downloading from central: https://repo.maven.apache.org/maven2/org/apache/maven/doxia/doxia-logging-api/1.11.1/doxia-logging-api-1.11.1.jar
2026.07.28 10:55:29 INFO  Progress (3): 123/159 kB | 121/176 kB | 49/136 kB
2026.07.28 10:55:29 INFO  Progress (3): 123/159 kB | 121/176 kB | 54/136 kB
2026.07.28 10:55:29 INFO  Progress (3): 123/159 kB | 121/176 kB | 58/136 kB
2026.07.28 10:55:29 INFO  Progress (3): 123/159 kB | 121/176 kB | 62/136 kB
2026.07.28 10:55:29 INFO  Progress (3): 127/159 kB | 121/176 kB | 62/136 kB
2026.07.28 10:55:29 INFO  Progress (3): 132/159 kB | 121/176 kB | 62/136 kB
2026.07.28 10:55:29 INFO  Progress (3): 136/159 kB | 121/176 kB | 62/136 kB
2026.07.28 10:55:29 INFO  Progress (3): 140/159 kB | 121/176 kB | 62/136 kB
2026.07.28 10:55:29 INFO  Progress (3): 144/159 kB | 121/176 kB | 62/136 kB
2026.07.28 10:55:29 INFO  Progress (3): 147/159 kB | 121/176 kB | 62/136 kB
2026.07.28 10:55:29 INFO  Progress (3): 149/159 kB | 121/176 kB | 62/136 kB
2026.07.28 10:55:29 INFO  Progress (3): 153/159 kB | 121/176 kB | 62/136 kB
2026.07.28 10:55:29 INFO  Progress (3): 157/159 kB | 121/176 kB | 62/136 kB
2026.07.28 10:55:29 INFO  Progress (3): 159 kB | 121/176 kB | 62/136 kB    
2026.07.28 10:55:29 INFO  Progress (3): 159 kB | 125/176 kB | 62/136 kB
2026.07.28 10:55:29 INFO  Progress (3): 159 kB | 129/176 kB | 62/136 kB
2026.07.28 10:55:29 INFO                                               
2026.07.28 10:55:29 INFO  Downloaded from central: https://repo.maven.apache.org/maven2/net/alchim31/maven/scala-maven-plugin/4.8.0/scala-maven-plugin-4.8.0.jar (159 kB at 257 kB/s)
2026.07.28 10:55:29 INFO  Downloading from central: https://repo.maven.apache.org/maven2/org/apache/maven/maven-archiver/3.6.0/maven-archiver-3.6.0.jar
2026.07.28 10:55:29 INFO  Progress (2): 133/176 kB | 62/136 kB
2026.07.28 10:55:29 INFO  Progress (2): 138/176 kB | 62/136 kB
2026.07.28 10:55:29 INFO  Progress (2): 142/176 kB | 62/136 kB
2026.07.28 10:55:29 INFO  Progress (2): 146/176 kB | 62/136 kB
2026.07.28 10:55:29 INFO  Progress (2): 150/176 kB | 62/136 kB
2026.07.28 10:55:29 INFO  Progress (2): 154/176 kB | 62/136 kB
2026.07.28 10:55:29 INFO  Progress (2): 159/176 kB | 62/136 kB
2026.07.28 10:55:29 INFO  Progress (2): 163/176 kB | 62/136 kB
2026.07.28 10:55:29 INFO  Progress (2): 167/176 kB | 62/136 kB
2026.07.28 10:55:29 INFO  Progress (2): 171/176 kB | 62/136 kB
2026.07.28 10:55:29 INFO  Progress (2): 176/176 kB | 62/136 kB
2026.07.28 10:55:29 INFO  Progress (2): 176 kB | 62/136 kB    
2026.07.28 10:55:29 INFO                                  
2026.07.28 10:55:29 INFO  Downloaded from central: https://repo.maven.apache.org/maven2/com/github/plokhotnyuk/jsoniter-scala/jsoniter-scala-core_2.13/2.13.5.2/jsoniter-scala-core_2.13-2.13.5.2.jar (176 kB at 279 kB/s)
2026.07.28 10:55:29 INFO  Downloading from central: https://repo.maven.apache.org/maven2/org/codehaus/plexus/plexus-io/3.4.0/plexus-io-3.4.0.jar
2026.07.28 10:55:29 INFO  Progress (1): 66/136 kB
2026.07.28 10:55:29 INFO  Progress (1): 70/136 kB
2026.07.28 10:55:29 INFO  Progress (1): 75/136 kB
2026.07.28 10:55:29 INFO  Progress (1): 79/136 kB
2026.07.28 10:55:29 INFO  Progress (1): 83/136 kB
2026.07.28 10:55:29 INFO  Progress (1): 87/136 kB
2026.07.28 10:55:29 INFO  Progress (1): 92/136 kB
2026.07.28 10:55:29 INFO  Progress (1): 96/136 kB
2026.07.28 10:55:29 INFO  Progress (2): 96/136 kB | 7.7/12 kB
2026.07.28 10:55:29 INFO  Progress (2): 96/136 kB | 12 kB    
2026.07.28 10:55:29 INFO                                 
2026.07.28 10:55:29 INFO  Downloaded from central: https://repo.maven.apache.org/maven2/org/apache/maven/doxia/doxia-sink-api/1.11.1/doxia-sink-api-1.11.1.jar (12 kB at 18 kB/s)
2026.07.28 10:55:29 INFO  Downloading from central: https://repo.maven.apache.org/maven2/org/codehaus/plexus/plexus-interpolation/1.26/plexus-interpolation-1.26.jar
2026.07.28 10:55:29 INFO  Progress (1): 100/136 kB
2026.07.28 10:55:29 INFO  Progress (1): 104/136 kB
2026.07.28 10:55:29 INFO  Progress (1): 109/136 kB
2026.07.28 10:55:29 INFO  Progress (1): 113/136 kB
2026.07.28 10:55:29 INFO  Progress (1): 117/136 kB
2026.07.28 10:55:29 INFO  Progress (1): 121/136 kB
2026.07.28 10:55:29 INFO  Progress (1): 125/136 kB
2026.07.28 10:55:29 INFO  Progress (1): 130/136 kB
2026.07.28 10:55:29 INFO  Progress (1): 134/136 kB
2026.07.28 10:55:30 INFO  Progress (1): 136 kB    
2026.07.28 10:55:30 INFO  Progress (2): 136 kB | 0.9/12 kB
2026.07.28 10:55:30 INFO  Progress (2): 136 kB | 2.3/12 kB
2026.07.28 10:55:30 INFO                                  
2026.07.28 10:55:30 INFO  Downloaded from central: https://repo.maven.apache.org/maven2/org/eclipse/aether/aether-api/1.0.0.v20140518/aether-api-1.0.0.v20140518.jar (136 kB at 196 kB/s)
2026.07.28 10:55:30 INFO  Downloading from central: https://repo.maven.apache.org/maven2/org/apache/commons/commons-exec/1.3/commons-exec-1.3.jar
2026.07.28 10:55:30 INFO  Progress (1): 3.6/12 kB
2026.07.28 10:55:30 INFO  Progress (1): 5.0/12 kB
2026.07.28 10:55:30 INFO  Progress (1): 6.4/12 kB
2026.07.28 10:55:30 INFO  Progress (1): 7.7/12 kB
2026.07.28 10:55:30 INFO  Progress (1): 9.1/12 kB
2026.07.28 10:55:30 INFO  Progress (1): 10/12 kB 
2026.07.28 10:55:30 INFO  Progress (1): 11/12 kB
2026.07.28 10:55:30 INFO  Progress (1): 12 kB   
2026.07.28 10:55:30 INFO                     
2026.07.28 10:55:30 INFO  Downloaded from central: https://repo.maven.apache.org/maven2/org/apache/maven/doxia/doxia-logging-api/1.11.1/doxia-logging-api-1.11.1.jar (12 kB at 17 kB/s)
2026.07.28 10:55:30 INFO  Downloading from central: https://repo.maven.apache.org/maven2/org/codehaus/plexus/plexus-utils/3.5.0/plexus-utils-3.5.0.jar
2026.07.28 10:55:30 INFO  Progress (1): 3.8/26 kB
2026.07.28 10:55:30 INFO  Progress (1): 8.0/26 kB
2026.07.28 10:55:30 INFO  Progress (1): 12/26 kB 
2026.07.28 10:55:30 INFO  Progress (1): 15/26 kB
2026.07.28 10:55:30 INFO  Progress (1): 20/26 kB
2026.07.28 10:55:30 INFO  Progress (1): 24/26 kB
2026.07.28 10:55:30 INFO  Progress (1): 26 kB   
2026.07.28 10:55:30 INFO  Progress (2): 26 kB | 3.8/79 kB
2026.07.28 10:55:30 INFO  Progress (2): 26 kB | 8.0/79 kB
2026.07.28 10:55:30 INFO                                 
2026.07.28 10:55:30 INFO  Downloaded from central: https://repo.maven.apache.org/maven2/org/apache/maven/maven-archiver/3.6.0/maven-archiver-3.6.0.jar (26 kB at 36 kB/s)
2026.07.28 10:55:30 INFO  Downloading from central: https://repo.maven.apache.org/maven2/org/codehaus/plexus/plexus-archiver/4.6.0/plexus-archiver-4.6.0.jar
2026.07.28 10:55:30 INFO  Progress (1): 12/79 kB
2026.07.28 10:55:30 INFO  Progress (1): 16/79 kB
2026.07.28 10:55:30 INFO  Progress (1): 21/79 kB
2026.07.28 10:55:30 INFO  Progress (1): 25/79 kB
2026.07.28 10:55:30 INFO  Progress (1): 29/79 kB
2026.07.28 10:55:30 INFO  Progress (1): 33/79 kB
2026.07.28 10:55:30 INFO  Progress (1): 38/79 kB
2026.07.28 10:55:30 INFO  Progress (2): 38/79 kB | 7.7/85 kB
2026.07.28 10:55:30 INFO  Progress (2): 38/79 kB | 11/85 kB 
2026.07.28 10:55:30 INFO  Progress (2): 38/79 kB | 28/85 kB
2026.07.28 10:55:30 INFO  Progress (2): 42/79 kB | 28/85 kB
2026.07.28 10:55:30 INFO  Progress (2): 42/79 kB | 44/85 kB
2026.07.28 10:55:30 INFO  Progress (2): 42/79 kB | 61/85 kB
2026.07.28 10:55:30 INFO  Progress (2): 42/79 kB | 77/85 kB
2026.07.28 10:55:30 INFO  Progress (2): 42/79 kB | 85 kB   
2026.07.28 10:55:30 INFO                                
2026.07.28 10:55:30 INFO  Downloaded from central: https://repo.maven.apache.org/maven2/org/codehaus/plexus/plexus-interpolation/1.26/plexus-interpolation-1.26.jar (85 kB at 116 kB/s)
2026.07.28 10:55:30 INFO  Downloading from central: https://repo.maven.apache.org/maven2/javax/inject/javax.inject/1/javax.inject-1.jar
2026.07.28 10:55:30 INFO  Progress (1): 58/79 kB
2026.07.28 10:55:30 INFO  Progress (1): 75/79 kB
2026.07.28 10:55:30 INFO  Progress (1): 79 kB   
2026.07.28 10:55:30 INFO                     
2026.07.28 10:55:30 INFO  Downloaded from central: https://repo.maven.apache.org/maven2/org/codehaus/plexus/plexus-io/3.4.0/plexus-io-3.4.0.jar (79 kB at 107 kB/s)
2026.07.28 10:55:30 INFO  Downloading from central: https://repo.maven.apache.org/maven2/commons-io/commons-io/2.11.0/commons-io-2.11.0.jar
2026.07.28 10:55:30 INFO  Progress (1): 0.9/267 kB
2026.07.28 10:55:30 INFO  Progress (1): 2.3/267 kB
2026.07.28 10:55:30 INFO  Progress (1): 3.2/267 kB
2026.07.28 10:55:30 INFO  Progress (1): 4.5/267 kB
2026.07.28 10:55:30 INFO  Progress (1): 5.9/267 kB
2026.07.28 10:55:30 INFO  Progress (1): 7.3/267 kB
2026.07.28 10:55:30 INFO  Progress (1): 8.7/267 kB
2026.07.28 10:55:30 INFO  Progress (1): 10/267 kB 
2026.07.28 10:55:30 INFO  Progress (1): 11/267 kB
2026.07.28 10:55:30 INFO  Progress (2): 11/267 kB | 3.8/216 kB
2026.07.28 10:55:30 INFO  Progress (2): 13/267 kB | 3.8/216 kB
2026.07.28 10:55:30 INFO  Progress (2): 13/267 kB | 8.0/216 kB
2026.07.28 10:55:30 INFO  Progress (2): 14/267 kB | 8.0/216 kB
2026.07.28 10:55:30 INFO  Progress (2): 15/267 kB | 8.0/216 kB
2026.07.28 10:55:30 INFO  Progress (2): 17/267 kB | 8.0/216 kB
2026.07.28 10:55:30 INFO  Progress (2): 18/267 kB | 8.0/216 kB
2026.07.28 10:55:30 INFO  Progress (2): 20/267 kB | 8.0/216 kB
2026.07.28 10:55:30 INFO  Progress (2): 21/267 kB | 8.0/216 kB
2026.07.28 10:55:30 INFO  Progress (2): 22/267 kB | 8.0/216 kB
2026.07.28 10:55:30 INFO  Progress (2): 22/267 kB | 12/216 kB 
2026.07.28 10:55:30 INFO  Progress (2): 24/267 kB | 12/216 kB
2026.07.28 10:55:30 INFO  Progress (2): 24/267 kB | 15/216 kB
2026.07.28 10:55:30 INFO  Progress (2): 25/267 kB | 15/216 kB
2026.07.28 10:55:30 INFO  Progress (2): 26/267 kB | 15/216 kB
2026.07.28 10:55:30 INFO  Progress (2): 26/267 kB | 20/216 kB
2026.07.28 10:55:30 INFO  Progress (2): 26/267 kB | 24/216 kB
2026.07.28 10:55:30 INFO  Progress (2): 31/267 kB | 24/216 kB
2026.07.28 10:55:30 INFO  Progress (2): 35/267 kB | 24/216 kB
2026.07.28 10:55:30 INFO  Progress (2): 39/267 kB | 24/216 kB
2026.07.28 10:55:30 INFO  Progress (2): 39/267 kB | 28/216 kB
2026.07.28 10:55:30 INFO  Progress (2): 43/267 kB | 28/216 kB
2026.07.28 10:55:30 INFO  Progress (2): 43/267 kB | 32/216 kB
2026.07.28 10:55:30 INFO  Progress (2): 48/267 kB | 32/216 kB
2026.07.28 10:55:30 INFO  Progress (2): 52/267 kB | 32/216 kB
2026.07.28 10:55:30 INFO  Progress (2): 56/267 kB | 32/216 kB
2026.07.28 10:55:30 INFO  Progress (2): 60/267 kB | 32/216 kB
2026.07.28 10:55:30 INFO  Progress (2): 60/267 kB | 49/216 kB
2026.07.28 10:55:30 INFO  Progress (2): 60/267 kB | 65/216 kB
2026.07.28 10:55:30 INFO  Progress (3): 60/267 kB | 65/216 kB | 2.5 kB
2026.07.28 10:55:30 INFO                                              
2026.07.28 10:55:30 INFO  Downloaded from central: https://repo.maven.apache.org/maven2/javax/inject/javax.inject/1/javax.inject-1.jar (2.5 kB at 3.1 kB/s)
2026.07.28 10:55:30 INFO  Downloading from central: https://repo.maven.apache.org/maven2/org/apache/commons/commons-compress/1.21/commons-compress-1.21.jar
2026.07.28 10:55:30 INFO  Progress (2): 60/267 kB | 82/216 kB
2026.07.28 10:55:30 INFO  Progress (3): 60/267 kB | 82/216 kB | 7.7/327 kB
2026.07.28 10:55:30 INFO  Progress (3): 60/267 kB | 82/216 kB | 16/327 kB 
2026.07.28 10:55:30 INFO  Progress (3): 60/267 kB | 82/216 kB | 28/327 kB
2026.07.28 10:55:30 INFO  Progress (3): 65/267 kB | 82/216 kB | 28/327 kB
2026.07.28 10:55:30 INFO  Progress (3): 65/267 kB | 82/216 kB | 44/327 kB
2026.07.28 10:55:30 INFO  Progress (3): 69/267 kB | 82/216 kB | 44/327 kB
2026.07.28 10:55:30 INFO  Progress (3): 69/267 kB | 82/216 kB | 61/327 kB
2026.07.28 10:55:30 INFO  Progress (3): 73/267 kB | 82/216 kB | 61/327 kB
2026.07.28 10:55:30 INFO  Progress (3): 77/267 kB | 82/216 kB | 61/327 kB
2026.07.28 10:55:30 INFO  Progress (3): 77/267 kB | 82/216 kB | 77/327 kB
2026.07.28 10:55:30 INFO  Progress (3): 81/267 kB | 82/216 kB | 77/327 kB
2026.07.28 10:55:30 INFO  Progress (3): 86/267 kB | 82/216 kB | 77/327 kB
2026.07.28 10:55:30 INFO  Progress (3): 90/267 kB | 82/216 kB | 77/327 kB
2026.07.28 10:55:30 INFO  Progress (3): 90/267 kB | 98/216 kB | 77/327 kB
2026.07.28 10:55:30 INFO  Progress (3): 90/267 kB | 98/216 kB | 93/327 kB
2026.07.28 10:55:30 INFO  Progress (3): 94/267 kB | 98/216 kB | 93/327 kB
2026.07.28 10:55:30 INFO  Progress (3): 98/267 kB | 98/216 kB | 93/327 kB
2026.07.28 10:55:30 INFO  Progress (4): 98/267 kB | 98/216 kB | 93/327 kB | 3.8/54 kB
2026.07.28 10:55:30 INFO  Progress (4): 98/267 kB | 98/216 kB | 93/327 kB | 8.0/54 kB
2026.07.28 10:55:30 INFO  Progress (4): 98/267 kB | 98/216 kB | 93/327 kB | 12/54 kB 
2026.07.28 10:55:30 INFO  Progress (4): 103/267 kB | 98/216 kB | 93/327 kB | 12/54 kB
2026.07.28 10:55:30 INFO  Progress (4): 103/267 kB | 98/216 kB | 93/327 kB | 16/54 kB
2026.07.28 10:55:30 INFO  Progress (4): 107/267 kB | 98/216 kB | 93/327 kB | 16/54 kB
2026.07.28 10:55:30 INFO  Progress (4): 107/267 kB | 98/216 kB | 93/327 kB | 21/54 kB
2026.07.28 10:55:30 INFO  Progress (4): 111/267 kB | 98/216 kB | 93/327 kB | 21/54 kB
2026.07.28 10:55:30 INFO  Progress (4): 111/267 kB | 98/216 kB | 110/327 kB | 21/54 kB
2026.07.28 10:55:30 INFO  Progress (4): 111/267 kB | 114/216 kB | 110/327 kB | 21/54 kB
2026.07.28 10:55:30 INFO  Progress (4): 115/267 kB | 114/216 kB | 110/327 kB | 21/54 kB
2026.07.28 10:55:30 INFO  Progress (4): 115/267 kB | 114/216 kB | 110/327 kB | 24/54 kB
2026.07.28 10:55:30 INFO  Progress (4): 119/267 kB | 114/216 kB | 110/327 kB | 24/54 kB
2026.07.28 10:55:30 INFO  Progress (4): 119/267 kB | 114/216 kB | 110/327 kB | 28/54 kB
2026.07.28 10:55:30 INFO  Progress (4): 119/267 kB | 130/216 kB | 110/327 kB | 28/54 kB
2026.07.28 10:55:30 INFO  Progress (4): 119/267 kB | 130/216 kB | 126/327 kB | 28/54 kB
2026.07.28 10:55:30 INFO  Progress (4): 124/267 kB | 130/216 kB | 126/327 kB | 28/54 kB
2026.07.28 10:55:30 INFO  Progress (4): 124/267 kB | 130/216 kB | 126/327 kB | 33/54 kB
2026.07.28 10:55:30 INFO  Progress (4): 128/267 kB | 130/216 kB | 126/327 kB | 33/54 kB
2026.07.28 10:55:30 INFO  Progress (4): 128/267 kB | 130/216 kB | 126/327 kB | 37/54 kB
2026.07.28 10:55:30 INFO  Progress (4): 132/267 kB | 130/216 kB | 126/327 kB | 37/54 kB
2026.07.28 10:55:30 INFO  Progress (4): 134/267 kB | 130/216 kB | 126/327 kB | 37/54 kB
2026.07.28 10:55:30 INFO  Progress (4): 134/267 kB | 130/216 kB | 126/327 kB | 41/54 kB
2026.07.28 10:55:30 INFO  Progress (4): 138/267 kB | 130/216 kB | 126/327 kB | 41/54 kB
2026.07.28 10:55:30 INFO  Progress (4): 143/267 kB | 130/216 kB | 126/327 kB | 41/54 kB
2026.07.28 10:55:30 INFO  Progress (4): 143/267 kB | 130/216 kB | 126/327 kB | 54 kB   
2026.07.28 10:55:30 INFO  Progress (4): 143/267 kB | 147/216 kB | 126/327 kB | 54 kB
2026.07.28 10:55:30 INFO  Progress (4): 143/267 kB | 147/216 kB | 142/327 kB | 54 kB
2026.07.28 10:55:30 INFO  Progress (4): 147/267 kB | 147/216 kB | 142/327 kB | 54 kB
2026.07.28 10:55:30 INFO  Progress (4): 151/267 kB | 147/216 kB | 142/327 kB | 54 kB
2026.07.28 10:55:30 INFO  Progress (4): 155/267 kB | 147/216 kB | 142/327 kB | 54 kB
2026.07.28 10:55:30 INFO                                                            
2026.07.28 10:55:30 INFO  Downloaded from central: https://repo.maven.apache.org/maven2/org/apache/commons/commons-exec/1.3/commons-exec-1.3.jar (54 kB at 60 kB/s)
2026.07.28 10:55:30 INFO  Downloading from central: https://repo.maven.apache.org/maven2/org/iq80/snappy/snappy/0.4/snappy-0.4.jar
2026.07.28 10:55:30 INFO  Progress (3): 160/267 kB | 147/216 kB | 142/327 kB
2026.07.28 10:55:30 INFO  Progress (3): 164/267 kB | 147/216 kB | 142/327 kB
2026.07.28 10:55:30 INFO  Progress (3): 164/267 kB | 163/216 kB | 142/327 kB
2026.07.28 10:55:30 INFO  Progress (3): 168/267 kB | 163/216 kB | 142/327 kB
2026.07.28 10:55:30 INFO  Progress (3): 172/267 kB | 163/216 kB | 142/327 kB
2026.07.28 10:55:30 INFO  Progress (3): 177/267 kB | 163/216 kB | 142/327 kB
2026.07.28 10:55:30 INFO  Progress (3): 177/267 kB | 179/216 kB | 142/327 kB
2026.07.28 10:55:30 INFO  Progress (4): 177/267 kB | 179/216 kB | 142/327 kB | 0/1.0 MB
2026.07.28 10:55:30 INFO  Progress (4): 177/267 kB | 179/216 kB | 142/327 kB | 0/1.0 MB
2026.07.28 10:55:30 INFO  Progress (4): 177/267 kB | 179/216 kB | 142/327 kB | 0/1.0 MB
2026.07.28 10:55:30 INFO  Progress (4): 177/267 kB | 179/216 kB | 142/327 kB | 0/1.0 MB
2026.07.28 10:55:30 INFO  Progress (4): 177/267 kB | 179/216 kB | 142/327 kB | 0.1/1.0 MB
2026.07.28 10:55:30 INFO  Progress (4): 177/267 kB | 179/216 kB | 159/327 kB | 0.1/1.0 MB
2026.07.28 10:55:30 INFO  Progress (4): 177/267 kB | 196/216 kB | 159/327 kB | 0.1/1.0 MB
2026.07.28 10:55:30 INFO  Progress (4): 177/267 kB | 196/216 kB | 159/327 kB | 0.1/1.0 MB
2026.07.28 10:55:30 INFO  Progress (4): 177/267 kB | 196/216 kB | 175/327 kB | 0.1/1.0 MB
2026.07.28 10:55:30 INFO  Progress (4): 177/267 kB | 196/216 kB | 175/327 kB | 0.1/1.0 MB
2026.07.28 10:55:30 INFO  Progress (4): 177/267 kB | 196/216 kB | 175/327 kB | 0.1/1.0 MB
2026.07.28 10:55:30 INFO  Progress (4): 177/267 kB | 212/216 kB | 175/327 kB | 0.1/1.0 MB
2026.07.28 10:55:30 INFO  Progress (4): 177/267 kB | 212/216 kB | 175/327 kB | 0.1/1.0 MB
2026.07.28 10:55:30 INFO  Progress (4): 177/267 kB | 212/216 kB | 175/327 kB | 0.1/1.0 MB
2026.07.28 10:55:30 INFO  Progress (4): 177/267 kB | 216 kB | 175/327 kB | 0.1/1.0 MB    
2026.07.28 10:55:30 INFO  Progress (4): 177/267 kB | 216 kB | 175/327 kB | 0.2/1.0 MB
2026.07.28 10:55:30 INFO  Progress (4): 177/267 kB | 216 kB | 175/327 kB | 0.2/1.0 MB
2026.07.28 10:55:30 INFO                                                             
2026.07.28 10:55:30 INFO  Downloaded from central: https://repo.maven.apache.org/maven2/org/codehaus/plexus/plexus-archiver/4.6.0/plexus-archiver-4.6.0.jar (216 kB at 235 kB/s)
2026.07.28 10:55:30 INFO  Downloading from central: https://repo.maven.apache.org/maven2/org/tukaani/xz/1.9/xz-1.9.jar
2026.07.28 10:55:30 INFO  Progress (3): 177/267 kB | 175/327 kB | 0.2/1.0 MB
2026.07.28 10:55:30 INFO  Progress (3): 177/267 kB | 175/327 kB | 0.2/1.0 MB
2026.07.28 10:55:30 INFO  Progress (3): 177/267 kB | 175/327 kB | 0.2/1.0 MB
2026.07.28 10:55:30 INFO  Progress (3): 177/267 kB | 175/327 kB | 0.2/1.0 MB
2026.07.28 10:55:30 INFO  Progress (3): 177/267 kB | 175/327 kB | 0.3/1.0 MB
2026.07.28 10:55:30 INFO  Progress (3): 177/267 kB | 175/327 kB | 0.3/1.0 MB
2026.07.28 10:55:30 INFO  Progress (3): 177/267 kB | 175/327 kB | 0.3/1.0 MB
2026.07.28 10:55:30 INFO  Progress (3): 177/267 kB | 175/327 kB | 0.3/1.0 MB
2026.07.28 10:55:30 INFO  Progress (3): 177/267 kB | 175/327 kB | 0.3/1.0 MB
2026.07.28 10:55:30 INFO  Progress (3): 177/267 kB | 175/327 kB | 0.3/1.0 MB
2026.07.28 10:55:30 INFO  Progress (3): 177/267 kB | 175/327 kB | 0.4/1.0 MB
2026.07.28 10:55:30 INFO  Progress (3): 177/267 kB | 175/327 kB | 0.4/1.0 MB
2026.07.28 10:55:30 INFO  Progress (3): 177/267 kB | 175/327 kB | 0.4/1.0 MB
2026.07.28 10:55:30 INFO  Progress (3): 177/267 kB | 175/327 kB | 0.4/1.0 MB
2026.07.28 10:55:30 INFO  Progress (3): 177/267 kB | 175/327 kB | 0.4/1.0 MB
2026.07.28 10:55:30 INFO  Progress (3): 177/267 kB | 175/327 kB | 0.4/1.0 MB
2026.07.28 10:55:30 INFO  Progress (3): 177/267 kB | 175/327 kB | 0.5/1.0 MB
2026.07.28 10:55:30 INFO  Progress (3): 177/267 kB | 175/327 kB | 0.5/1.0 MB
2026.07.28 10:55:30 INFO  Progress (3): 177/267 kB | 192/327 kB | 0.5/1.0 MB
2026.07.28 10:55:30 INFO  Progress (3): 177/267 kB | 192/327 kB | 0.5/1.0 MB
2026.07.28 10:55:30 INFO  Progress (3): 177/267 kB | 192/327 kB | 0.5/1.0 MB
2026.07.28 10:55:30 INFO  Progress (3): 177/267 kB | 192/327 kB | 0.5/1.0 MB
2026.07.28 10:55:30 INFO  Progress (3): 177/267 kB | 192/327 kB | 0.5/1.0 MB
2026.07.28 10:55:30 INFO  Progress (3): 177/267 kB | 192/327 kB | 0.6/1.0 MB
2026.07.28 10:55:30 INFO  Progress (3): 177/267 kB | 192/327 kB | 0.6/1.0 MB
2026.07.28 10:55:30 INFO  Progress (3): 177/267 kB | 192/327 kB | 0.6/1.0 MB
2026.07.28 10:55:30 INFO  Progress (3): 177/267 kB | 192/327 kB | 0.6/1.0 MB
2026.07.28 10:55:30 INFO  Progress (3): 177/267 kB | 192/327 kB | 0.6/1.0 MB
2026.07.28 10:55:30 INFO  Progress (3): 177/267 kB | 192/327 kB | 0.6/1.0 MB
2026.07.28 10:55:30 INFO  Progress (3): 177/267 kB | 192/327 kB | 0.7/1.0 MB
2026.07.28 10:55:30 INFO  Progress (3): 181/267 kB | 192/327 kB | 0.7/1.0 MB
2026.07.28 10:55:30 INFO  Progress (3): 181/267 kB | 192/327 kB | 0.7/1.0 MB
2026.07.28 10:55:30 INFO  Progress (3): 181/267 kB | 192/327 kB | 0.7/1.0 MB
2026.07.28 10:55:30 INFO  Progress (3): 185/267 kB | 192/327 kB | 0.7/1.0 MB
2026.07.28 10:55:30 INFO  Progress (3): 189/267 kB | 192/327 kB | 0.7/1.0 MB
2026.07.28 10:55:30 INFO  Progress (3): 193/267 kB | 192/327 kB | 0.7/1.0 MB
2026.07.28 10:55:30 INFO  Progress (3): 193/267 kB | 208/327 kB | 0.7/1.0 MB
2026.07.28 10:55:30 INFO  Progress (3): 193/267 kB | 208/327 kB | 0.7/1.0 MB
2026.07.28 10:55:30 INFO  Progress (3): 193/267 kB | 208/327 kB | 0.7/1.0 MB
2026.07.28 10:55:30 INFO  Progress (3): 193/267 kB | 208/327 kB | 0.7/1.0 MB
2026.07.28 10:55:30 INFO  Progress (3): 193/267 kB | 208/327 kB | 0.7/1.0 MB
2026.07.28 10:55:30 INFO  Progress (3): 193/267 kB | 208/327 kB | 0.8/1.0 MB
2026.07.28 10:55:30 INFO  Progress (3): 193/267 kB | 224/327 kB | 0.8/1.0 MB
2026.07.28 10:55:30 INFO  Progress (3): 193/267 kB | 224/327 kB | 0.8/1.0 MB
2026.07.28 10:55:30 INFO  Progress (3): 210/267 kB | 224/327 kB | 0.8/1.0 MB
2026.07.28 10:55:30 INFO  Progress (3): 210/267 kB | 224/327 kB | 0.8/1.0 MB
2026.07.28 10:55:30 INFO  Progress (3): 210/267 kB | 224/327 kB | 0.8/1.0 MB
2026.07.28 10:55:30 INFO  Progress (3): 210/267 kB | 224/327 kB | 0.8/1.0 MB
2026.07.28 10:55:30 INFO  Progress (3): 226/267 kB | 224/327 kB | 0.8/1.0 MB
2026.07.28 10:55:30 INFO  Progress (3): 226/267 kB | 241/327 kB | 0.8/1.0 MB
2026.07.28 10:55:30 INFO  Progress (3): 226/267 kB | 241/327 kB | 0.8/1.0 MB
2026.07.28 10:55:30 INFO  Progress (3): 226/267 kB | 241/327 kB | 0.9/1.0 MB
2026.07.28 10:55:30 INFO  Progress (3): 226/267 kB | 241/327 kB | 0.9/1.0 MB
2026.07.28 10:55:30 INFO  Progress (3): 226/267 kB | 241/327 kB | 0.9/1.0 MB
2026.07.28 10:55:30 INFO  Progress (3): 243/267 kB | 241/327 kB | 0.9/1.0 MB
2026.07.28 10:55:30 INFO  Progress (3): 243/267 kB | 257/327 kB | 0.9/1.0 MB
2026.07.28 10:55:30 INFO  Progress (3): 243/267 kB | 257/327 kB | 0.9/1.0 MB
2026.07.28 10:55:30 INFO  Progress (3): 243/267 kB | 257/327 kB | 0.9/1.0 MB
2026.07.28 10:55:30 INFO  Progress (3): 243/267 kB | 257/327 kB | 0.9/1.0 MB
2026.07.28 10:55:30 INFO  Progress (3): 259/267 kB | 257/327 kB | 0.9/1.0 MB
2026.07.28 10:55:30 INFO  Progress (3): 259/267 kB | 257/327 kB | 1.0/1.0 MB
2026.07.28 10:55:30 INFO  Progress (3): 259/267 kB | 274/327 kB | 1.0/1.0 MB
2026.07.28 10:55:30 INFO  Progress (3): 265/267 kB | 274/327 kB | 1.0/1.0 MB
2026.07.28 10:55:30 INFO  Progress (3): 267 kB | 274/327 kB | 1.0/1.0 MB    
2026.07.28 10:55:30 INFO  Progress (3): 267 kB | 274/327 kB | 1.0/1.0 MB
2026.07.28 10:55:30 INFO                                                
2026.07.28 10:55:30 INFO  Downloaded from central: https://repo.maven.apache.org/maven2/org/codehaus/plexus/plexus-utils/3.5.0/plexus-utils-3.5.0.jar (267 kB at 267 kB/s)
2026.07.28 10:55:30 INFO  Downloading from central: https://repo.maven.apache.org/maven2/com/github/luben/zstd-jni/1.5.2-5/zstd-jni-1.5.2-5.jar
2026.07.28 10:55:30 INFO  Progress (2): 290/327 kB | 1.0/1.0 MB
2026.07.28 10:55:30 INFO  Progress (2): 290/327 kB | 1.0/1.0 MB
2026.07.28 10:55:30 INFO  Progress (2): 290/327 kB | 1.0/1.0 MB
2026.07.28 10:55:30 INFO  Progress (2): 290/327 kB | 1.0 MB    
2026.07.28 10:55:30 INFO  Progress (2): 306/327 kB | 1.0 MB
2026.07.28 10:55:30 INFO  Progress (2): 323/327 kB | 1.0 MB
2026.07.28 10:55:30 INFO  Progress (2): 327 kB | 1.0 MB    
2026.07.28 10:55:30 INFO                               
2026.07.28 10:55:30 INFO  Downloaded from central: https://repo.maven.apache.org/maven2/commons-io/commons-io/2.11.0/commons-io-2.11.0.jar (327 kB at 324 kB/s)
2026.07.28 10:55:30 INFO  Downloaded from central: https://repo.maven.apache.org/maven2/org/apache/commons/commons-compress/1.21/commons-compress-1.21.jar (1.0 MB at 1.0 MB/s)
2026.07.28 10:55:30 INFO  Downloading from central: https://repo.maven.apache.org/maven2/org/codehaus/plexus/plexus-classworlds/2.7.0/plexus-classworlds-2.7.0.jar
2026.07.28 10:55:30 INFO  Downloading from central: https://repo.maven.apache.org/maven2/org/scala-sbt/zinc_2.13/1.8.0/zinc_2.13-1.8.0.jar
2026.07.28 10:55:30 INFO  Progress (1): 7.7/116 kB
2026.07.28 10:55:30 INFO  Progress (1): 12/116 kB 
2026.07.28 10:55:30 INFO  Progress (1): 29/116 kB
2026.07.28 10:55:30 INFO  Progress (2): 29/116 kB | 7.7/58 kB
2026.07.28 10:55:30 INFO  Progress (2): 29/116 kB | 16/58 kB 
2026.07.28 10:55:30 INFO  Progress (2): 29/116 kB | 24/58 kB
2026.07.28 10:55:30 INFO  Progress (2): 45/116 kB | 24/58 kB
2026.07.28 10:55:30 INFO  Progress (2): 45/116 kB | 40/58 kB
2026.07.28 10:55:30 INFO  Progress (2): 61/116 kB | 40/58 kB
2026.07.28 10:55:30 INFO  Progress (2): 61/116 kB | 57/58 kB
2026.07.28 10:55:30 INFO  Progress (2): 78/116 kB | 57/58 kB
2026.07.28 10:55:30 INFO  Progress (2): 78/116 kB | 58 kB   
2026.07.28 10:55:30 INFO                                 
2026.07.28 10:55:30 INFO  Downloaded from central: https://repo.maven.apache.org/maven2/org/iq80/snappy/snappy/0.4/snappy-0.4.jar (58 kB at 57 kB/s)
2026.07.28 10:55:30 INFO  Downloading from central: https://repo.maven.apache.org/maven2/org/scala-sbt/zinc-core_2.13/1.8.0/zinc-core_2.13-1.8.0.jar
2026.07.28 10:55:30 INFO  Progress (1): 94/116 kB
2026.07.28 10:55:30 INFO  Progress (1): 111/116 kB
2026.07.28 10:55:30 INFO  Progress (1): 116 kB    
2026.07.28 10:55:30 INFO                      
2026.07.28 10:55:30 INFO  Downloaded from central: https://repo.maven.apache.org/maven2/org/tukaani/xz/1.9/xz-1.9.jar (116 kB at 113 kB/s)
2026.07.28 10:55:30 INFO  Downloading from central: https://repo.maven.apache.org/maven2/org/scala-sbt/zinc-apiinfo_2.13/1.8.0/zinc-apiinfo_2.13-1.8.0.jar
2026.07.28 10:55:30 INFO  Progress (1): 8.2/53 kB
2026.07.28 10:55:30 INFO  Progress (1): 25/53 kB 
2026.07.28 10:55:30 INFO  Progress (1): 41/53 kB
2026.07.28 10:55:30 INFO  Progress (1): 53 kB   
2026.07.28 10:55:30 INFO                     
2026.07.28 10:55:30 INFO  Downloaded from central: https://repo.maven.apache.org/maven2/org/codehaus/plexus/plexus-classworlds/2.7.0/plexus-classworlds-2.7.0.jar (53 kB at 49 kB/s)
2026.07.28 10:55:30 INFO  Downloading from central: https://repo.maven.apache.org/maven2/org/scala-sbt/compiler-bridge_2.13/1.8.0/compiler-bridge_2.13-1.8.0.jar
2026.07.28 10:55:30 INFO  Progress (1): 7.7/85 kB
2026.07.28 10:55:30 INFO  Progress (1): 11/85 kB 
2026.07.28 10:55:30 INFO  Progress (1): 28/85 kB
2026.07.28 10:55:30 INFO  Progress (2): 28/85 kB | 0/6.3 MB
2026.07.28 10:55:30 INFO  Progress (2): 28/85 kB | 0/6.3 MB
2026.07.28 10:55:30 INFO  Progress (2): 28/85 kB | 0/6.3 MB
2026.07.28 10:55:30 INFO  Progress (2): 44/85 kB | 0/6.3 MB
2026.07.28 10:55:30 INFO  Progress (3): 44/85 kB | 0/6.3 MB | 7.7/165 kB
2026.07.28 10:55:30 INFO  Progress (3): 44/85 kB | 0/6.3 MB | 16/165 kB 
2026.07.28 10:55:30 INFO  Progress (3): 61/85 kB | 0/6.3 MB | 16/165 kB
2026.07.28 10:55:30 INFO  Progress (3): 77/85 kB | 0/6.3 MB | 16/165 kB
2026.07.28 10:55:30 INFO  Progress (3): 77/85 kB | 0/6.3 MB | 32/165 kB
2026.07.28 10:55:30 INFO  Progress (3): 77/85 kB | 0/6.3 MB | 32/165 kB
2026.07.28 10:55:30 INFO  Progress (3): 85 kB | 0/6.3 MB | 32/165 kB   
2026.07.28 10:55:30 INFO                                            
2026.07.28 10:55:30 INFO  Downloaded from central: https://repo.maven.apache.org/maven2/org/scala-sbt/zinc_2.13/1.8.0/zinc_2.13-1.8.0.jar (85 kB at 76 kB/s)
2026.07.28 10:55:30 INFO  Downloading from central: https://repo.maven.apache.org/maven2/org/scala-sbt/zinc-classpath_2.13/1.8.0/zinc-classpath_2.13-1.8.0.jar
2026.07.28 10:55:30 INFO  Progress (3): 0/6.3 MB | 32/165 kB | 16/490 kB
2026.07.28 10:55:30 INFO  Progress (3): 0/6.3 MB | 49/165 kB | 16/490 kB
2026.07.28 10:55:30 INFO  Progress (3): 0.1/6.3 MB | 49/165 kB | 16/490 kB
2026.07.28 10:55:30 INFO  Progress (3): 0.1/6.3 MB | 57/165 kB | 16/490 kB
2026.07.28 10:55:30 INFO  Progress (3): 0.1/6.3 MB | 57/165 kB | 25/490 kB
2026.07.28 10:55:30 INFO  Progress (3): 0.1/6.3 MB | 57/165 kB | 25/490 kB
2026.07.28 10:55:30 INFO  Progress (3): 0.1/6.3 MB | 73/165 kB | 25/490 kB
2026.07.28 10:55:30 INFO  Progress (3): 0.1/6.3 MB | 73/165 kB | 25/490 kB
2026.07.28 10:55:30 INFO  Progress (3): 0.1/6.3 MB | 73/165 kB | 25/490 kB
2026.07.28 10:55:30 INFO  Progress (3): 0.1/6.3 MB | 90/165 kB | 25/490 kB
2026.07.28 10:55:30 INFO  Progress (3): 0.1/6.3 MB | 90/165 kB | 41/490 kB
2026.07.28 10:55:30 INFO  Progress (3): 0.1/6.3 MB | 106/165 kB | 41/490 kB
2026.07.28 10:55:30 INFO  Progress (3): 0.1/6.3 MB | 106/165 kB | 41/490 kB
2026.07.28 10:55:30 INFO  Progress (3): 0.1/6.3 MB | 106/165 kB | 57/490 kB
2026.07.28 10:55:30 INFO  Progress (3): 0.1/6.3 MB | 122/165 kB | 57/490 kB
2026.07.28 10:55:30 INFO  Progress (3): 0.1/6.3 MB | 122/165 kB | 57/490 kB
2026.07.28 10:55:30 INFO  Progress (3): 0.1/6.3 MB | 122/165 kB | 74/490 kB
2026.07.28 10:55:30 INFO  Progress (3): 0.1/6.3 MB | 139/165 kB | 74/490 kB
2026.07.28 10:55:30 INFO  Progress (3): 0.2/6.3 MB | 139/165 kB | 74/490 kB
2026.07.28 10:55:30 INFO  Progress (3): 0.2/6.3 MB | 155/165 kB | 74/490 kB
2026.07.28 10:55:30 INFO  Progress (3): 0.2/6.3 MB | 155/165 kB | 90/490 kB
2026.07.28 10:55:30 INFO  Progress (3): 0.2/6.3 MB | 155/165 kB | 90/490 kB
2026.07.28 10:55:30 INFO  Progress (3): 0.2/6.3 MB | 165 kB | 90/490 kB    
2026.07.28 10:55:30 INFO                                               
2026.07.28 10:55:30 INFO  Downloaded from central: https://repo.maven.apache.org/maven2/org/scala-sbt/zinc-apiinfo_2.13/1.8.0/zinc-apiinfo_2.13-1.8.0.jar (165 kB at 144 kB/s)
2026.07.28 10:55:30 INFO  Downloading from central: https://repo.maven.apache.org/maven2/org/scala-lang/scala-compiler/2.13.8/scala-compiler-2.13.8.jar
2026.07.28 10:55:30 INFO  Progress (2): 0.2/6.3 MB | 106/490 kB
2026.07.28 10:55:30 INFO  Progress (2): 0.2/6.3 MB | 106/490 kB
2026.07.28 10:55:30 INFO  Progress (2): 0.2/6.3 MB | 123/490 kB
2026.07.28 10:55:30 INFO  Progress (2): 0.2/6.3 MB | 123/490 kB
2026.07.28 10:55:30 INFO  Progress (2): 0.2/6.3 MB | 123/490 kB
2026.07.28 10:55:30 INFO  Progress (2): 0.2/6.3 MB | 123/490 kB
2026.07.28 10:55:30 INFO  Progress (2): 0.3/6.3 MB | 123/490 kB
2026.07.28 10:55:30 INFO  Progress (3): 0.3/6.3 MB | 123/490 kB | 7.7/243 kB
2026.07.28 10:55:30 INFO  Progress (3): 0.3/6.3 MB | 123/490 kB | 16/243 kB 
2026.07.28 10:55:30 INFO  Progress (3): 0.3/6.3 MB | 123/490 kB | 32/243 kB
2026.07.28 10:55:30 INFO  Progress (3): 0.3/6.3 MB | 123/490 kB | 32/243 kB
2026.07.28 10:55:30 INFO  Progress (3): 0.3/6.3 MB | 123/490 kB | 49/243 kB
2026.07.28 10:55:30 INFO  Progress (3): 0.3/6.3 MB | 123/490 kB | 65/243 kB
2026.07.28 10:55:30 INFO  Progress (3): 0.3/6.3 MB | 123/490 kB | 81/243 kB
2026.07.28 10:55:30 INFO  Progress (3): 0.3/6.3 MB | 123/490 kB | 82/243 kB
2026.07.28 10:55:30 INFO  Progress (3): 0.3/6.3 MB | 123/490 kB | 98/243 kB
2026.07.28 10:55:30 INFO  Progress (3): 0.3/6.3 MB | 123/490 kB | 115/243 kB
2026.07.28 10:55:30 INFO  Progress (3): 0.3/6.3 MB | 123/490 kB | 131/243 kB
2026.07.28 10:55:30 INFO  Progress (3): 0.3/6.3 MB | 123/490 kB | 131/243 kB
2026.07.28 10:55:30 INFO  Progress (3): 0.3/6.3 MB | 123/490 kB | 147/243 kB
2026.07.28 10:55:30 INFO  Progress (3): 0.3/6.3 MB | 123/490 kB | 164/243 kB
2026.07.28 10:55:30 INFO  Progress (3): 0.3/6.3 MB | 123/490 kB | 164/243 kB
2026.07.28 10:55:30 INFO  Progress (3): 0.3/6.3 MB | 139/490 kB | 164/243 kB
2026.07.28 10:55:30 INFO  Progress (3): 0.3/6.3 MB | 139/490 kB | 180/243 kB
2026.07.28 10:55:30 INFO  Progress (3): 0.3/6.3 MB | 139/490 kB | 197/243 kB
2026.07.28 10:55:30 INFO  Progress (3): 0.3/6.3 MB | 156/490 kB | 197/243 kB
2026.07.28 10:55:30 INFO  Progress (3): 0.3/6.3 MB | 156/490 kB | 213/243 kB
2026.07.28 10:55:30 INFO  Progress (3): 0.3/6.3 MB | 156/490 kB | 213/243 kB
2026.07.28 10:55:30 INFO  Progress (3): 0.3/6.3 MB | 156/490 kB | 229/243 kB
2026.07.28 10:55:30 INFO  Progress (3): 0.3/6.3 MB | 156/490 kB | 243 kB    
2026.07.28 10:55:30 INFO                                                
2026.07.28 10:55:30 INFO  Downloaded from central: https://repo.maven.apache.org/maven2/org/scala-sbt/compiler-bridge_2.13/1.8.0/compiler-bridge_2.13-1.8.0.jar (243 kB at 204 kB/s)
2026.07.28 10:55:30 INFO  Downloading from central: https://repo.maven.apache.org/maven2/org/scala-sbt/compiler-interface/1.8.0/compiler-interface-1.8.0.jar
2026.07.28 10:55:30 INFO  Progress (2): 0.3/6.3 MB | 172/490 kB
2026.07.28 10:55:30 INFO  Progress (2): 0.3/6.3 MB | 172/490 kB
2026.07.28 10:55:30 INFO  Progress (2): 0.4/6.3 MB | 172/490 kB
2026.07.28 10:55:30 INFO  Progress (2): 0.4/6.3 MB | 188/490 kB
2026.07.28 10:55:30 INFO  Progress (2): 0.4/6.3 MB | 188/490 kB
2026.07.28 10:55:30 INFO  Progress (2): 0.4/6.3 MB | 188/490 kB
2026.07.28 10:55:30 INFO  Progress (2): 0.4/6.3 MB | 205/490 kB
2026.07.28 10:55:30 INFO  Progress (2): 0.4/6.3 MB | 205/490 kB
2026.07.28 10:55:30 INFO  Progress (2): 0.4/6.3 MB | 205/490 kB
2026.07.28 10:55:30 INFO  Progress (2): 0.4/6.3 MB | 221/490 kB
2026.07.28 10:55:30 INFO  Progress (2): 0.4/6.3 MB | 238/490 kB
2026.07.28 10:55:30 INFO  Progress (2): 0.4/6.3 MB | 238/490 kB
2026.07.28 10:55:30 INFO  Progress (2): 0.5/6.3 MB | 238/490 kB
2026.07.28 10:55:30 INFO  Progress (3): 0.5/6.3 MB | 238/490 kB | 7.7/89 kB
2026.07.28 10:55:30 INFO  Progress (3): 0.5/6.3 MB | 238/490 kB | 16/89 kB 
2026.07.28 10:55:30 INFO  Progress (3): 0.5/6.3 MB | 238/490 kB | 24/89 kB
2026.07.28 10:55:30 INFO  Progress (3): 0.5/6.3 MB | 254/490 kB | 24/89 kB
2026.07.28 10:55:30 INFO  Progress (3): 0.5/6.3 MB | 254/490 kB | 40/89 kB
2026.07.28 10:55:30 INFO  Progress (3): 0.5/6.3 MB | 254/490 kB | 40/89 kB
2026.07.28 10:55:30 INFO  Progress (3): 0.5/6.3 MB | 254/490 kB | 40/89 kB
2026.07.28 10:55:30 INFO  Progress (3): 0.5/6.3 MB | 254/490 kB | 57/89 kB
2026.07.28 10:55:30 INFO  Progress (3): 0.5/6.3 MB | 254/490 kB | 57/89 kB
2026.07.28 10:55:30 INFO  Progress (3): 0.5/6.3 MB | 270/490 kB | 57/89 kB
2026.07.28 10:55:30 INFO  Progress (3): 0.5/6.3 MB | 270/490 kB | 57/89 kB
2026.07.28 10:55:30 INFO  Progress (3): 0.5/6.3 MB | 270/490 kB | 73/89 kB
2026.07.28 10:55:30 INFO  Progress (3): 0.5/6.3 MB | 287/490 kB | 73/89 kB
2026.07.28 10:55:30 INFO  Progress (3): 0.5/6.3 MB | 287/490 kB | 73/89 kB
2026.07.28 10:55:30 INFO  Progress (3): 0.5/6.3 MB | 287/490 kB | 89 kB   
2026.07.28 10:55:30 INFO  Progress (3): 0.5/6.3 MB | 287/490 kB | 89 kB
2026.07.28 10:55:30 INFO                                               
2026.07.28 10:55:30 INFO  Downloaded from central: https://repo.maven.apache.org/maven2/org/scala-sbt/zinc-classpath_2.13/1.8.0/zinc-classpath_2.13-1.8.0.jar (89 kB at 70 kB/s)
2026.07.28 10:55:30 INFO  Downloading from central: https://repo.maven.apache.org/maven2/org/scala-sbt/util-interface/1.8.0/util-interface-1.8.0.jar
2026.07.28 10:55:30 INFO  Progress (2): 0.6/6.3 MB | 287/490 kB
2026.07.28 10:55:30 INFO  Progress (2): 0.6/6.3 MB | 287/490 kB
2026.07.28 10:55:30 INFO  Progress (2): 0.6/6.3 MB | 287/490 kB
2026.07.28 10:55:30 INFO  Progress (2): 0.6/6.3 MB | 303/490 kB
2026.07.28 10:55:30 INFO  Progress (2): 0.6/6.3 MB | 303/490 kB
2026.07.28 10:55:30 INFO  Progress (2): 0.6/6.3 MB | 303/490 kB
2026.07.28 10:55:30 INFO  Progress (2): 0.6/6.3 MB | 303/490 kB
2026.07.28 10:55:30 INFO  Progress (3): 0.6/6.3 MB | 303/490 kB | 0/12 MB
2026.07.28 10:55:30 INFO  Progress (3): 0.6/6.3 MB | 303/490 kB | 0/12 MB
2026.07.28 10:55:30 INFO  Progress (3): 0.7/6.3 MB | 303/490 kB | 0/12 MB
2026.07.28 10:55:30 INFO  Progress (3): 0.7/6.3 MB | 319/490 kB | 0/12 MB
2026.07.28 10:55:30 INFO  Progress (3): 0.7/6.3 MB | 319/490 kB | 0/12 MB
2026.07.28 10:55:30 INFO  Progress (3): 0.7/6.3 MB | 319/490 kB | 0/12 MB
2026.07.28 10:55:30 INFO  Progress (3): 0.7/6.3 MB | 336/490 kB | 0/12 MB
2026.07.28 10:55:30 INFO  Progress (3): 0.7/6.3 MB | 336/490 kB | 0/12 MB
2026.07.28 10:55:30 INFO  Progress (3): 0.7/6.3 MB | 352/490 kB | 0/12 MB
2026.07.28 10:55:30 INFO  Progress (3): 0.7/6.3 MB | 352/490 kB | 0.1/12 MB
2026.07.28 10:55:30 INFO  Progress (3): 0.7/6.3 MB | 352/490 kB | 0.1/12 MB
2026.07.28 10:55:30 INFO  Progress (3): 0.7/6.3 MB | 352/490 kB | 0.1/12 MB
2026.07.28 10:55:30 INFO  Progress (3): 0.7/6.3 MB | 369/490 kB | 0.1/12 MB
2026.07.28 10:55:30 INFO  Progress (3): 0.7/6.3 MB | 385/490 kB | 0.1/12 MB
2026.07.28 10:55:30 INFO  Progress (3): 0.7/6.3 MB | 385/490 kB | 0.1/12 MB
2026.07.28 10:55:30 INFO  Progress (3): 0.7/6.3 MB | 401/490 kB | 0.1/12 MB
2026.07.28 10:55:30 INFO  Progress (3): 0.7/6.3 MB | 401/490 kB | 0.1/12 MB
2026.07.28 10:55:30 INFO  Progress (3): 0.7/6.3 MB | 401/490 kB | 0.1/12 MB
2026.07.28 10:55:30 INFO  Progress (3): 0.7/6.3 MB | 401/490 kB | 0.1/12 MB
2026.07.28 10:55:30 INFO  Progress (3): 0.7/6.3 MB | 401/490 kB | 0.1/12 MB
2026.07.28 10:55:30 INFO  Progress (3): 0.7/6.3 MB | 401/490 kB | 0.1/12 MB
2026.07.28 10:55:30 INFO  Progress (3): 0.8/6.3 MB | 401/490 kB | 0.1/12 MB
2026.07.28 10:55:30 INFO  Progress (3): 0.8/6.3 MB | 401/490 kB | 0.1/12 MB
2026.07.28 10:55:30 INFO  Progress (3): 0.8/6.3 MB | 401/490 kB | 0.1/12 MB
2026.07.28 10:55:30 INFO  Progress (3): 0.8/6.3 MB | 418/490 kB | 0.1/12 MB
2026.07.28 10:55:30 INFO  Progress (3): 0.8/6.3 MB | 418/490 kB | 0.1/12 MB
2026.07.28 10:55:30 INFO  Progress (3): 0.8/6.3 MB | 418/490 kB | 0.1/12 MB
2026.07.28 10:55:30 INFO  Progress (3): 0.8/6.3 MB | 418/490 kB | 0.2/12 MB
2026.07.28 10:55:30 INFO  Progress (3): 0.8/6.3 MB | 434/490 kB | 0.2/12 MB
2026.07.28 10:55:30 INFO  Progress (3): 0.8/6.3 MB | 434/490 kB | 0.2/12 MB
2026.07.28 10:55:30 INFO  Progress (3): 0.8/6.3 MB | 434/490 kB | 0.2/12 MB
2026.07.28 10:55:30 INFO  Progress (3): 0.8/6.3 MB | 451/490 kB | 0.2/12 MB
2026.07.28 10:55:30 INFO  Progress (3): 0.8/6.3 MB | 467/490 kB | 0.2/12 MB
2026.07.28 10:55:30 INFO  Progress (3): 0.8/6.3 MB | 467/490 kB | 0.2/12 MB
2026.07.28 10:55:30 INFO  Progress (3): 0.8/6.3 MB | 467/490 kB | 0.2/12 MB
2026.07.28 10:55:30 INFO  Progress (4): 0.8/6.3 MB | 467/490 kB | 0.2/12 MB | 7.7/112 kB
2026.07.28 10:55:30 INFO  Progress (4): 0.8/6.3 MB | 467/490 kB | 0.2/12 MB | 16/112 kB 
2026.07.28 10:55:30 INFO  Progress (4): 0.8/6.3 MB | 467/490 kB | 0.2/12 MB | 32/112 kB
2026.07.28 10:55:30 INFO  Progress (4): 0.9/6.3 MB | 467/490 kB | 0.2/12 MB | 32/112 kB
2026.07.28 10:55:30 INFO  Progress (4): 0.9/6.3 MB | 467/490 kB | 0.2/12 MB | 49/112 kB
2026.07.28 10:55:30 INFO  Progress (4): 0.9/6.3 MB | 467/490 kB | 0.2/12 MB | 65/112 kB
2026.07.28 10:55:30 INFO  Progress (4): 0.9/6.3 MB | 467/490 kB | 0.2/12 MB | 65/112 kB
2026.07.28 10:55:30 INFO  Progress (4): 0.9/6.3 MB | 467/490 kB | 0.2/12 MB | 65/112 kB
2026.07.28 10:55:30 INFO  Progress (4): 0.9/6.3 MB | 483/490 kB | 0.2/12 MB | 65/112 kB
2026.07.28 10:55:30 INFO  Progress (5): 0.9/6.3 MB | 483/490 kB | 0.2/12 MB | 65/112 kB | 3.3 kB
2026.07.28 10:55:30 INFO                                                                        
2026.07.28 10:55:30 INFO  Downloaded from central: https://repo.maven.apache.org/maven2/org/scala-sbt/util-interface/1.8.0/util-interface-1.8.0.jar (3.3 kB at 2.4 kB/s)
2026.07.28 10:55:30 INFO  Downloading from central: https://repo.maven.apache.org/maven2/org/scala-sbt/zinc-persist-core-assembly/1.8.0/zinc-persist-core-assembly-1.8.0.jar
2026.07.28 10:55:30 INFO  Progress (4): 0.9/6.3 MB | 483/490 kB | 0.2/12 MB | 65/112 kB
2026.07.28 10:55:30 INFO  Progress (4): 0.9/6.3 MB | 483/490 kB | 0.2/12 MB | 65/112 kB
2026.07.28 10:55:30 INFO  Progress (4): 0.9/6.3 MB | 483/490 kB | 0.2/12 MB | 65/112 kB
2026.07.28 10:55:30 INFO  Progress (4): 0.9/6.3 MB | 483/490 kB | 0.2/12 MB | 65/112 kB
2026.07.28 10:55:30 INFO  Progress (4): 0.9/6.3 MB | 483/490 kB | 0.2/12 MB | 65/112 kB
2026.07.28 10:55:30 INFO  Progress (4): 0.9/6.3 MB | 483/490 kB | 0.2/12 MB | 65/112 kB
2026.07.28 10:55:30 INFO  Progress (4): 0.9/6.3 MB | 483/490 kB | 0.3/12 MB | 65/112 kB
2026.07.28 10:55:30 INFO  Progress (4): 1.0/6.3 MB | 483/490 kB | 0.3/12 MB | 65/112 kB
2026.07.28 10:55:30 INFO  Progress (4): 1.0/6.3 MB | 483/490 kB | 0.3/12 MB | 65/112 kB
2026.07.28 10:55:30 INFO  Progress (4): 1.0/6.3 MB | 483/490 kB | 0.3/12 MB | 65/112 kB
2026.07.28 10:55:30 INFO  Progress (4): 1.0/6.3 MB | 483/490 kB | 0.3/12 MB | 65/112 kB
2026.07.28 10:55:30 INFO  Progress (4): 1.0/6.3 MB | 483/490 kB | 0.3/12 MB | 65/112 kB
2026.07.28 10:55:30 INFO  Progress (4): 1.0/6.3 MB | 483/490 kB | 0.3/12 MB | 65/112 kB
2026.07.28 10:55:30 INFO  Progress (4): 1.0/6.3 MB | 483/490 kB | 0.4/12 MB | 65/112 kB
2026.07.28 10:55:30 INFO  Progress (4): 1.0/6.3 MB | 483/490 kB | 0.4/12 MB | 65/112 kB
2026.07.28 10:55:30 INFO  Progress (4): 1.0/6.3 MB | 483/490 kB | 0.4/12 MB | 65/112 kB
2026.07.28 10:55:30 INFO  Progress (4): 1.0/6.3 MB | 483/490 kB | 0.4/12 MB | 65/112 kB
2026.07.28 10:55:30 INFO  Progress (4): 1.0/6.3 MB | 483/490 kB | 0.4/12 MB | 65/112 kB
2026.07.28 10:55:30 INFO  Progress (4): 1.0/6.3 MB | 483/490 kB | 0.4/12 MB | 65/112 kB
2026.07.28 10:55:30 INFO  Progress (4): 1.0/6.3 MB | 483/490 kB | 0.4/12 MB | 65/112 kB
2026.07.28 10:55:30 INFO  Progress (4): 1.0/6.3 MB | 483/490 kB | 0.4/12 MB | 65/112 kB
2026.07.28 10:55:30 INFO  Progress (4): 1.0/6.3 MB | 483/490 kB | 0.4/12 MB | 65/112 kB
2026.07.28 10:55:30 INFO  Progress (4): 1.0/6.3 MB | 483/490 kB | 0.4/12 MB | 65/112 kB
2026.07.28 10:55:30 INFO  Progress (4): 1.1/6.3 MB | 483/490 kB | 0.4/12 MB | 65/112 kB
2026.07.28 10:55:30 INFO  Progress (4): 1.1/6.3 MB | 483/490 kB | 0.4/12 MB | 65/112 kB
2026.07.28 10:55:30 INFO  Progress (4): 1.1/6.3 MB | 483/490 kB | 0.4/12 MB | 65/112 kB
2026.07.28 10:55:30 INFO  Progress (4): 1.1/6.3 MB | 483/490 kB | 0.4/12 MB | 65/112 kB
2026.07.28 10:55:30 INFO  Progress (4): 1.1/6.3 MB | 483/490 kB | 0.4/12 MB | 65/112 kB
2026.07.28 10:55:30 INFO  Progress (4): 1.1/6.3 MB | 483/490 kB | 0.4/12 MB | 65/112 kB
2026.07.28 10:55:30 INFO  Progress (4): 1.2/6.3 MB | 483/490 kB | 0.4/12 MB | 65/112 kB
2026.07.28 10:55:30 INFO  Progress (4): 1.2/6.3 MB | 483/490 kB | 0.4/12 MB | 65/112 kB
2026.07.28 10:55:30 INFO  Progress (4): 1.2/6.3 MB | 483/490 kB | 0.4/12 MB | 65/112 kB
2026.07.28 10:55:30 INFO  Progress (4): 1.2/6.3 MB | 483/490 kB | 0.4/12 MB | 65/112 kB
2026.07.28 10:55:30 INFO  Progress (4): 1.2/6.3 MB | 483/490 kB | 0.4/12 MB | 65/112 kB
2026.07.28 10:55:30 INFO  Progress (4): 1.2/6.3 MB | 483/490 kB | 0.4/12 MB | 65/112 kB
2026.07.28 10:55:30 INFO  Progress (4): 1.3/6.3 MB | 483/490 kB | 0.4/12 MB | 65/112 kB
2026.07.28 10:55:30 INFO  Progress (4): 1.3/6.3 MB | 483/490 kB | 0.4/12 MB | 65/112 kB
2026.07.28 10:55:30 INFO  Progress (4): 1.3/6.3 MB | 483/490 kB | 0.4/12 MB | 65/112 kB
2026.07.28 10:55:30 INFO  Progress (4): 1.3/6.3 MB | 483/490 kB | 0.4/12 MB | 65/112 kB
2026.07.28 10:55:30 INFO  Progress (4): 1.3/6.3 MB | 483/490 kB | 0.4/12 MB | 65/112 kB
2026.07.28 10:55:30 INFO  Progress (4): 1.3/6.3 MB | 483/490 kB | 0.4/12 MB | 65/112 kB
2026.07.28 10:55:30 INFO  Progress (4): 1.4/6.3 MB | 483/490 kB | 0.4/12 MB | 65/112 kB
2026.07.28 10:55:30 INFO  Progress (4): 1.4/6.3 MB | 483/490 kB | 0.4/12 MB | 65/112 kB
2026.07.28 10:55:30 INFO  Progress (4): 1.4/6.3 MB | 483/490 kB | 0.4/12 MB | 65/112 kB
2026.07.28 10:55:30 INFO  Progress (4): 1.4/6.3 MB | 483/490 kB | 0.4/12 MB | 65/112 kB
2026.07.28 10:55:30 INFO  Progress (4): 1.4/6.3 MB | 483/490 kB | 0.4/12 MB | 65/112 kB
2026.07.28 10:55:30 INFO  Progress (4): 1.4/6.3 MB | 483/490 kB | 0.4/12 MB | 65/112 kB
2026.07.28 10:55:30 INFO  Progress (4): 1.5/6.3 MB | 483/490 kB | 0.4/12 MB | 65/112 kB
2026.07.28 10:55:30 INFO  Progress (4): 1.5/6.3 MB | 483/490 kB | 0.4/12 MB | 65/112 kB
2026.07.28 10:55:30 INFO  Progress (4): 1.5/6.3 MB | 483/490 kB | 0.4/12 MB | 65/112 kB
2026.07.28 10:55:30 INFO  Progress (4): 1.5/6.3 MB | 483/490 kB | 0.4/12 MB | 65/112 kB
2026.07.28 10:55:30 INFO  Progress (4): 1.5/6.3 MB | 483/490 kB | 0.4/12 MB | 65/112 kB
2026.07.28 10:55:30 INFO  Progress (4): 1.5/6.3 MB | 483/490 kB | 0.4/12 MB | 65/112 kB
2026.07.28 10:55:30 INFO  Progress (4): 1.5/6.3 MB | 483/490 kB | 0.4/12 MB | 65/112 kB
2026.07.28 10:55:30 INFO  Progress (4): 1.5/6.3 MB | 483/490 kB | 0.4/12 MB | 65/112 kB
2026.07.28 10:55:30 INFO  Progress (4): 1.5/6.3 MB | 483/490 kB | 0.5/12 MB | 65/112 kB
2026.07.28 10:55:30 INFO  Progress (4): 1.5/6.3 MB | 483/490 kB | 0.5/12 MB | 65/112 kB
2026.07.28 10:55:30 INFO  Progress (4): 1.6/6.3 MB | 483/490 kB | 0.5/12 MB | 65/112 kB
2026.07.28 10:55:30 INFO  Progress (4): 1.6/6.3 MB | 483/490 kB | 0.5/12 MB | 65/112 kB
2026.07.28 10:55:30 INFO  Progress (4): 1.6/6.3 MB | 483/490 kB | 0.5/12 MB | 65/112 kB
2026.07.28 10:55:30 INFO  Progress (4): 1.6/6.3 MB | 483/490 kB | 0.5/12 MB | 65/112 kB
2026.07.28 10:55:30 INFO  Progress (4): 1.6/6.3 MB | 483/490 kB | 0.5/12 MB | 65/112 kB
2026.07.28 10:55:30 INFO  Progress (4): 1.6/6.3 MB | 483/490 kB | 0.5/12 MB | 65/112 kB
2026.07.28 10:55:30 INFO  Progress (4): 1.6/6.3 MB | 483/490 kB | 0.5/12 MB | 65/112 kB
2026.07.28 10:55:30 INFO  Progress (4): 1.6/6.3 MB | 490 kB | 0.5/12 MB | 65/112 kB    
2026.07.28 10:55:30 INFO  Progress (4): 1.6/6.3 MB | 490 kB | 0.5/12 MB | 65/112 kB
2026.07.28 10:55:30 INFO  Progress (4): 1.6/6.3 MB | 490 kB | 0.5/12 MB | 65/112 kB
2026.07.28 10:55:30 INFO  Progress (4): 1.6/6.3 MB | 490 kB | 0.5/12 MB | 65/112 kB
2026.07.28 10:55:30 INFO  Progress (4): 1.7/6.3 MB | 490 kB | 0.5/12 MB | 65/112 kB
2026.07.28 10:55:30 INFO                                                           
2026.07.28 10:55:30 INFO  Downloaded from central: https://repo.maven.apache.org/maven2/org/scala-sbt/zinc-core_2.13/1.8.0/zinc-core_2.13-1.8.0.jar (490 kB at 339 kB/s)
2026.07.28 10:55:30 INFO  Downloading from central: https://repo.maven.apache.org/maven2/org/scala-lang/modules/scala-parallel-collections_2.13/0.2.0/scala-parallel-collections_2.13-0.2.0.jar
2026.07.28 10:55:30 INFO  Progress (3): 1.7/6.3 MB | 0.5/12 MB | 65/112 kB
2026.07.28 10:55:30 INFO  Progress (3): 1.7/6.3 MB | 0.5/12 MB | 65/112 kB
2026.07.28 10:55:30 INFO  Progress (3): 1.7/6.3 MB | 0.5/12 MB | 65/112 kB
2026.07.28 10:55:30 INFO  Progress (3): 1.7/6.3 MB | 0.5/12 MB | 65/112 kB
2026.07.28 10:55:30 INFO  Progress (3): 1.7/6.3 MB | 0.6/12 MB | 65/112 kB
2026.07.28 10:55:30 INFO  Progress (3): 1.7/6.3 MB | 0.6/12 MB | 65/112 kB
2026.07.28 10:55:30 INFO  Progress (3): 1.7/6.3 MB | 0.6/12 MB | 65/112 kB
2026.07.28 10:55:30 INFO  Progress (3): 1.7/6.3 MB | 0.6/12 MB | 65/112 kB
2026.07.28 10:55:30 INFO  Progress (3): 1.8/6.3 MB | 0.6/12 MB | 65/112 kB
2026.07.28 10:55:30 INFO  Progress (3): 1.8/6.3 MB | 0.6/12 MB | 65/112 kB
2026.07.28 10:55:30 INFO  Progress (3): 1.8/6.3 MB | 0.6/12 MB | 65/112 kB
2026.07.28 10:55:30 INFO  Progress (3): 1.8/6.3 MB | 0.6/12 MB | 65/112 kB
2026.07.28 10:55:30 INFO  Progress (3): 1.8/6.3 MB | 0.6/12 MB | 65/112 kB
2026.07.28 10:55:30 INFO  Progress (3): 1.8/6.3 MB | 0.6/12 MB | 65/112 kB
2026.07.28 10:55:30 INFO  Progress (3): 1.8/6.3 MB | 0.6/12 MB | 81/112 kB
2026.07.28 10:55:30 INFO  Progress (3): 1.8/6.3 MB | 0.6/12 MB | 98/112 kB
2026.07.28 10:55:30 INFO  Progress (3): 1.8/6.3 MB | 0.6/12 MB | 98/112 kB
2026.07.28 10:55:30 INFO  Progress (3): 1.8/6.3 MB | 0.6/12 MB | 112 kB   
2026.07.28 10:55:30 INFO  Progress (3): 1.8/6.3 MB | 0.6/12 MB | 112 kB
2026.07.28 10:55:30 INFO                                               
2026.07.28 10:55:30 INFO  Downloaded from central: https://repo.maven.apache.org/maven2/org/scala-sbt/compiler-interface/1.8.0/compiler-interface-1.8.0.jar (112 kB at 75 kB/s)
2026.07.28 10:55:30 INFO  Downloading from central: https://repo.maven.apache.org/maven2/org/scala-sbt/io_2.13/1.8.0/io_2.13-1.8.0.jar
2026.07.28 10:55:30 INFO  Progress (2): 1.8/6.3 MB | 0.6/12 MB
2026.07.28 10:55:30 INFO  Progress (2): 1.8/6.3 MB | 0.6/12 MB
2026.07.28 10:55:30 INFO  Progress (2): 1.9/6.3 MB | 0.6/12 MB
2026.07.28 10:55:30 INFO  Progress (2): 1.9/6.3 MB | 0.6/12 MB
2026.07.28 10:55:30 INFO  Progress (2): 1.9/6.3 MB | 0.6/12 MB
2026.07.28 10:55:30 INFO  Progress (2): 1.9/6.3 MB | 0.7/12 MB
2026.07.28 10:55:30 INFO  Progress (2): 1.9/6.3 MB | 0.7/12 MB
2026.07.28 10:55:30 INFO  Progress (2): 1.9/6.3 MB | 0.7/12 MB
2026.07.28 10:55:30 INFO  Progress (2): 1.9/6.3 MB | 0.7/12 MB
2026.07.28 10:55:30 INFO  Progress (2): 1.9/6.3 MB | 0.7/12 MB
2026.07.28 10:55:30 INFO  Progress (2): 1.9/6.3 MB | 0.7/12 MB
2026.07.28 10:55:30 INFO  Progress (3): 1.9/6.3 MB | 0.7/12 MB | 0/2.6 MB
2026.07.28 10:55:30 INFO  Progress (3): 1.9/6.3 MB | 0.7/12 MB | 0/2.6 MB
2026.07.28 10:55:30 INFO  Progress (3): 1.9/6.3 MB | 0.7/12 MB | 0/2.6 MB
2026.07.28 10:55:30 INFO  Progress (3): 1.9/6.3 MB | 0.7/12 MB | 0/2.6 MB
2026.07.28 10:55:30 INFO  Progress (3): 1.9/6.3 MB | 0.7/12 MB | 0.1/2.6 MB
2026.07.28 10:55:30 INFO  Progress (3): 1.9/6.3 MB | 0.7/12 MB | 0.1/2.6 MB
2026.07.28 10:55:30 INFO  Progress (3): 1.9/6.3 MB | 0.7/12 MB | 0.1/2.6 MB
2026.07.28 10:55:30 INFO  Progress (3): 1.9/6.3 MB | 0.7/12 MB | 0.1/2.6 MB
2026.07.28 10:55:30 INFO  Progress (4): 1.9/6.3 MB | 0.7/12 MB | 0.1/2.6 MB | 0/1.1 MB
2026.07.28 10:55:30 INFO  Progress (4): 1.9/6.3 MB | 0.7/12 MB | 0.1/2.6 MB | 0/1.1 MB
2026.07.28 10:55:30 INFO  Progress (4): 1.9/6.3 MB | 0.7/12 MB | 0.1/2.6 MB | 0/1.1 MB
2026.07.28 10:55:31 INFO  Progress (4): 1.9/6.3 MB | 0.7/12 MB | 0.1/2.6 MB | 0/1.1 MB
2026.07.28 10:55:31 INFO  Progress (4): 1.9/6.3 MB | 0.7/12 MB | 0.1/2.6 MB | 0/1.1 MB
2026.07.28 10:55:31 INFO  Progress (4): 1.9/6.3 MB | 0.7/12 MB | 0.1/2.6 MB | 0/1.1 MB
2026.07.28 10:55:31 INFO  Progress (4): 1.9/6.3 MB | 0.7/12 MB | 0.1/2.6 MB | 0/1.1 MB
2026.07.28 10:55:31 INFO  Progress (4): 2.0/6.3 MB | 0.7/12 MB | 0.1/2.6 MB | 0/1.1 MB
2026.07.28 10:55:31 INFO  Progress (4): 2.0/6.3 MB | 0.7/12 MB | 0.1/2.6 MB | 0/1.1 MB
2026.07.28 10:55:31 INFO  Progress (4): 2.0/6.3 MB | 0.7/12 MB | 0.1/2.6 MB | 0/1.1 MB
2026.07.28 10:55:31 INFO  Progress (4): 2.0/6.3 MB | 0.7/12 MB | 0.1/2.6 MB | 0/1.1 MB
2026.07.28 10:55:31 INFO  Progress (4): 2.0/6.3 MB | 0.7/12 MB | 0.1/2.6 MB | 0/1.1 MB
2026.07.28 10:55:31 INFO  Progress (4): 2.0/6.3 MB | 0.8/12 MB | 0.1/2.6 MB | 0/1.1 MB
2026.07.28 10:55:31 INFO  Progress (4): 2.0/6.3 MB | 0.8/12 MB | 0.1/2.6 MB | 0/1.1 MB
2026.07.28 10:55:31 INFO  Progress (4): 2.0/6.3 MB | 0.8/12 MB | 0.1/2.6 MB | 0/1.1 MB
2026.07.28 10:55:31 INFO  Progress (4): 2.1/6.3 MB | 0.8/12 MB | 0.1/2.6 MB | 0/1.1 MB
2026.07.28 10:55:31 INFO  Progress (4): 2.1/6.3 MB | 0.8/12 MB | 0.1/2.6 MB | 0/1.1 MB
2026.07.28 10:55:31 INFO  Progress (4): 2.1/6.3 MB | 0.8/12 MB | 0.1/2.6 MB | 0/1.1 MB
2026.07.28 10:55:31 INFO  Progress (4): 2.1/6.3 MB | 0.8/12 MB | 0.2/2.6 MB | 0/1.1 MB
2026.07.28 10:55:31 INFO  Progress (4): 2.1/6.3 MB | 0.8/12 MB | 0.2/2.6 MB | 0/1.1 MB
2026.07.28 10:55:31 INFO  Progress (4): 2.1/6.3 MB | 0.8/12 MB | 0.2/2.6 MB | 0/1.1 MB
2026.07.28 10:55:31 INFO  Progress (4): 2.1/6.3 MB | 0.8/12 MB | 0.2/2.6 MB | 0/1.1 MB
2026.07.28 10:55:31 INFO  Progress (4): 2.1/6.3 MB | 0.8/12 MB | 0.2/2.6 MB | 0/1.1 MB
2026.07.28 10:55:31 INFO  Progress (4): 2.1/6.3 MB | 0.8/12 MB | 0.2/2.6 MB | 0/1.1 MB
2026.07.28 10:55:31 INFO  Progress (4): 2.1/6.3 MB | 0.8/12 MB | 0.2/2.6 MB | 0/1.1 MB
2026.07.28 10:55:31 INFO  Progress (4): 2.1/6.3 MB | 0.9/12 MB | 0.2/2.6 MB | 0/1.1 MB
2026.07.28 10:55:31 INFO  Progress (4): 2.1/6.3 MB | 0.9/12 MB | 0.2/2.6 MB | 0/1.1 MB
2026.07.28 10:55:31 INFO  Progress (4): 2.1/6.3 MB | 0.9/12 MB | 0.2/2.6 MB | 0/1.1 MB
2026.07.28 10:55:31 INFO  Progress (4): 2.1/6.3 MB | 0.9/12 MB | 0.2/2.6 MB | 0/1.1 MB
2026.07.28 10:55:31 INFO  Progress (4): 2.1/6.3 MB | 0.9/12 MB | 0.2/2.6 MB | 0/1.1 MB
2026.07.28 10:55:31 INFO  Progress (4): 2.1/6.3 MB | 0.9/12 MB | 0.2/2.6 MB | 0/1.1 MB
2026.07.28 10:55:31 INFO  Progress (4): 2.1/6.3 MB | 0.9/12 MB | 0.3/2.6 MB | 0/1.1 MB
2026.07.28 10:55:31 INFO  Progress (4): 2.1/6.3 MB | 0.9/12 MB | 0.3/2.6 MB | 0/1.1 MB
2026.07.28 10:55:31 INFO  Progress (4): 2.1/6.3 MB | 0.9/12 MB | 0.3/2.6 MB | 0/1.1 MB
2026.07.28 10:55:31 INFO  Progress (4): 2.1/6.3 MB | 0.9/12 MB | 0.3/2.6 MB | 0/1.1 MB
2026.07.28 10:55:31 INFO  Progress (4): 2.1/6.3 MB | 0.9/12 MB | 0.3/2.6 MB | 0/1.1 MB
2026.07.28 10:55:31 INFO  Progress (4): 2.1/6.3 MB | 0.9/12 MB | 0.3/2.6 MB | 0/1.1 MB
2026.07.28 10:55:31 INFO  Progress (4): 2.1/6.3 MB | 0.9/12 MB | 0.3/2.6 MB | 0/1.1 MB
2026.07.28 10:55:31 INFO  Progress (4): 2.1/6.3 MB | 1.0/12 MB | 0.3/2.6 MB | 0/1.1 MB
2026.07.28 10:55:31 INFO  Progress (4): 2.1/6.3 MB | 1.0/12 MB | 0.3/2.6 MB | 0/1.1 MB
2026.07.28 10:55:31 INFO  Progress (4): 2.1/6.3 MB | 1.0/12 MB | 0.3/2.6 MB | 0/1.1 MB
2026.07.28 10:55:31 INFO  Progress (4): 2.1/6.3 MB | 1.0/12 MB | 0.3/2.6 MB | 0/1.1 MB
2026.07.28 10:55:31 INFO  Progress (4): 2.1/6.3 MB | 1.0/12 MB | 0.3/2.6 MB | 0/1.1 MB
2026.07.28 10:55:31 INFO  Progress (4): 2.1/6.3 MB | 1.0/12 MB | 0.3/2.6 MB | 0/1.1 MB
2026.07.28 10:55:31 INFO  Progress (4): 2.1/6.3 MB | 1.1/12 MB | 0.3/2.6 MB | 0/1.1 MB
2026.07.28 10:55:31 INFO  Progress (4): 2.1/6.3 MB | 1.1/12 MB | 0.3/2.6 MB | 0/1.1 MB
2026.07.28 10:55:31 INFO  Progress (4): 2.1/6.3 MB | 1.1/12 MB | 0.3/2.6 MB | 0/1.1 MB
2026.07.28 10:55:31 INFO  Progress (4): 2.1/6.3 MB | 1.1/12 MB | 0.3/2.6 MB | 0/1.1 MB
2026.07.28 10:55:31 INFO  Progress (4): 2.1/6.3 MB | 1.1/12 MB | 0.3/2.6 MB | 0/1.1 MB
2026.07.28 10:55:31 INFO  Progress (4): 2.1/6.3 MB | 1.1/12 MB | 0.3/2.6 MB | 0/1.1 MB
2026.07.28 10:55:31 INFO  Progress (4): 2.1/6.3 MB | 1.2/12 MB | 0.3/2.6 MB | 0/1.1 MB
2026.07.28 10:55:31 INFO  Progress (4): 2.1/6.3 MB | 1.2/12 MB | 0.3/2.6 MB | 0/1.1 MB
2026.07.28 10:55:31 INFO  Progress (4): 2.1/6.3 MB | 1.2/12 MB | 0.3/2.6 MB | 0.1/1.1 MB
2026.07.28 10:55:31 INFO  Progress (4): 2.1/6.3 MB | 1.2/12 MB | 0.3/2.6 MB | 0.1/1.1 MB
2026.07.28 10:55:31 INFO  Progress (4): 2.1/6.3 MB | 1.2/12 MB | 0.3/2.6 MB | 0.1/1.1 MB
2026.07.28 10:55:31 INFO  Progress (4): 2.1/6.3 MB | 1.2/12 MB | 0.3/2.6 MB | 0.1/1.1 MB
2026.07.28 10:55:31 INFO  Progress (4): 2.1/6.3 MB | 1.2/12 MB | 0.3/2.6 MB | 0.1/1.1 MB
2026.07.28 10:55:31 INFO  Progress (4): 2.1/6.3 MB | 1.2/12 MB | 0.3/2.6 MB | 0.1/1.1 MB
2026.07.28 10:55:31 INFO  Progress (4): 2.1/6.3 MB | 1.2/12 MB | 0.3/2.6 MB | 0.2/1.1 MB
2026.07.28 10:55:31 INFO  Progress (4): 2.1/6.3 MB | 1.2/12 MB | 0.3/2.6 MB | 0.2/1.1 MB
2026.07.28 10:55:31 INFO  Progress (4): 2.1/6.3 MB | 1.2/12 MB | 0.3/2.6 MB | 0.2/1.1 MB
2026.07.28 10:55:31 INFO  Progress (4): 2.1/6.3 MB | 1.2/12 MB | 0.3/2.6 MB | 0.2/1.1 MB
2026.07.28 10:55:31 INFO  Progress (4): 2.1/6.3 MB | 1.2/12 MB | 0.3/2.6 MB | 0.2/1.1 MB
2026.07.28 10:55:31 INFO  Progress (4): 2.1/6.3 MB | 1.2/12 MB | 0.3/2.6 MB | 0.2/1.1 MB
2026.07.28 10:55:31 INFO  Progress (4): 2.1/6.3 MB | 1.2/12 MB | 0.3/2.6 MB | 0.3/1.1 MB
2026.07.28 10:55:31 INFO  Progress (4): 2.1/6.3 MB | 1.2/12 MB | 0.3/2.6 MB | 0.3/1.1 MB
2026.07.28 10:55:31 INFO  Progress (4): 2.1/6.3 MB | 1.2/12 MB | 0.3/2.6 MB | 0.3/1.1 MB
2026.07.28 10:55:31 INFO  Progress (4): 2.1/6.3 MB | 1.2/12 MB | 0.3/2.6 MB | 0.3/1.1 MB
2026.07.28 10:55:31 INFO  Progress (4): 2.1/6.3 MB | 1.2/12 MB | 0.3/2.6 MB | 0.3/1.1 MB
2026.07.28 10:55:31 INFO  Progress (4): 2.1/6.3 MB | 1.2/12 MB | 0.3/2.6 MB | 0.3/1.1 MB
2026.07.28 10:55:31 INFO  Progress (4): 2.1/6.3 MB | 1.2/12 MB | 0.3/2.6 MB | 0.4/1.1 MB
2026.07.28 10:55:31 INFO  Progress (4): 2.1/6.3 MB | 1.2/12 MB | 0.3/2.6 MB | 0.4/1.1 MB
2026.07.28 10:55:31 INFO  Progress (4): 2.1/6.3 MB | 1.2/12 MB | 0.3/2.6 MB | 0.4/1.1 MB
2026.07.28 10:55:31 INFO  Progress (4): 2.1/6.3 MB | 1.2/12 MB | 0.3/2.6 MB | 0.4/1.1 MB
2026.07.28 10:55:31 INFO  Progress (4): 2.1/6.3 MB | 1.2/12 MB | 0.3/2.6 MB | 0.4/1.1 MB
2026.07.28 10:55:31 INFO  Progress (4): 2.1/6.3 MB | 1.2/12 MB | 0.3/2.6 MB | 0.4/1.1 MB
2026.07.28 10:55:31 INFO  Progress (4): 2.1/6.3 MB | 1.2/12 MB | 0.3/2.6 MB | 0.4/1.1 MB
2026.07.28 10:55:31 INFO  Progress (4): 2.1/6.3 MB | 1.2/12 MB | 0.3/2.6 MB | 0.4/1.1 MB
2026.07.28 10:55:31 INFO  Progress (4): 2.1/6.3 MB | 1.2/12 MB | 0.3/2.6 MB | 0.4/1.1 MB
2026.07.28 10:55:31 INFO  Progress (4): 2.2/6.3 MB | 1.2/12 MB | 0.3/2.6 MB | 0.4/1.1 MB
2026.07.28 10:55:31 INFO  Progress (4): 2.2/6.3 MB | 1.2/12 MB | 0.3/2.6 MB | 0.4/1.1 MB
2026.07.28 10:55:31 INFO  Progress (4): 2.2/6.3 MB | 1.2/12 MB | 0.3/2.6 MB | 0.4/1.1 MB
2026.07.28 10:55:31 INFO  Progress (4): 2.2/6.3 MB | 1.2/12 MB | 0.3/2.6 MB | 0.4/1.1 MB
2026.07.28 10:55:31 INFO  Progress (4): 2.2/6.3 MB | 1.2/12 MB | 0.3/2.6 MB | 0.4/1.1 MB
2026.07.28 10:55:31 INFO  Progress (4): 2.2/6.3 MB | 1.2/12 MB | 0.3/2.6 MB | 0.4/1.1 MB
2026.07.28 10:55:31 INFO  Progress (4): 2.2/6.3 MB | 1.2/12 MB | 0.4/2.6 MB | 0.4/1.1 MB
2026.07.28 10:55:31 INFO  Progress (4): 2.2/6.3 MB | 1.2/12 MB | 0.4/2.6 MB | 0.4/1.1 MB
2026.07.28 10:55:31 INFO  Progress (5): 2.2/6.3 MB | 1.2/12 MB | 0.4/2.6 MB | 0.4/1.1 MB | 7.7/636 kB
2026.07.28 10:55:31 INFO  Progress (5): 2.2/6.3 MB | 1.2/12 MB | 0.4/2.6 MB | 0.4/1.1 MB | 16/636 kB 
2026.07.28 10:55:31 INFO  Progress (5): 2.2/6.3 MB | 1.2/12 MB | 0.4/2.6 MB | 0.4/1.1 MB | 32/636 kB
2026.07.28 10:55:31 INFO  Progress (5): 2.2/6.3 MB | 1.2/12 MB | 0.4/2.6 MB | 0.4/1.1 MB | 32/636 kB
2026.07.28 10:55:31 INFO  Progress (5): 2.2/6.3 MB | 1.2/12 MB | 0.4/2.6 MB | 0.4/1.1 MB | 32/636 kB
2026.07.28 10:55:31 INFO  Progress (5): 2.2/6.3 MB | 1.2/12 MB | 0.4/2.6 MB | 0.4/1.1 MB | 32/636 kB
2026.07.28 10:55:31 INFO  Progress (5): 2.2/6.3 MB | 1.2/12 MB | 0.4/2.6 MB | 0.4/1.1 MB | 49/636 kB
2026.07.28 10:55:31 INFO  Progress (5): 2.2/6.3 MB | 1.2/12 MB | 0.4/2.6 MB | 0.4/1.1 MB | 49/636 kB
2026.07.28 10:55:31 INFO  Progress (5): 2.2/6.3 MB | 1.2/12 MB | 0.4/2.6 MB | 0.4/1.1 MB | 49/636 kB
2026.07.28 10:55:31 INFO  Progress (5): 2.2/6.3 MB | 1.2/12 MB | 0.4/2.6 MB | 0.4/1.1 MB | 65/636 kB
2026.07.28 10:55:31 INFO  Progress (5): 2.2/6.3 MB | 1.2/12 MB | 0.4/2.6 MB | 0.4/1.1 MB | 66/636 kB
2026.07.28 10:55:31 INFO  Progress (5): 2.2/6.3 MB | 1.2/12 MB | 0.4/2.6 MB | 0.4/1.1 MB | 66/636 kB
2026.07.28 10:55:31 INFO  Progress (5): 2.2/6.3 MB | 1.2/12 MB | 0.4/2.6 MB | 0.4/1.1 MB | 82/636 kB
2026.07.28 10:55:31 INFO  Progress (5): 2.2/6.3 MB | 1.2/12 MB | 0.4/2.6 MB | 0.4/1.1 MB | 82/636 kB
2026.07.28 10:55:31 INFO  Progress (5): 2.2/6.3 MB | 1.2/12 MB | 0.4/2.6 MB | 0.4/1.1 MB | 98/636 kB
2026.07.28 10:55:31 INFO  Progress (5): 2.2/6.3 MB | 1.2/12 MB | 0.4/2.6 MB | 0.4/1.1 MB | 98/636 kB
2026.07.28 10:55:31 INFO  Progress (5): 2.2/6.3 MB | 1.2/12 MB | 0.4/2.6 MB | 0.4/1.1 MB | 115/636 kB
2026.07.28 10:55:31 INFO  Progress (5): 2.3/6.3 MB | 1.2/12 MB | 0.4/2.6 MB | 0.4/1.1 MB | 115/636 kB
2026.07.28 10:55:31 INFO  Progress (5): 2.3/6.3 MB | 1.2/12 MB | 0.4/2.6 MB | 0.4/1.1 MB | 131/636 kB
2026.07.28 10:55:31 INFO  Progress (5): 2.3/6.3 MB | 1.2/12 MB | 0.4/2.6 MB | 0.4/1.1 MB | 131/636 kB
2026.07.28 10:55:31 INFO  Progress (5): 2.3/6.3 MB | 1.2/12 MB | 0.4/2.6 MB | 0.4/1.1 MB | 147/636 kB
2026.07.28 10:55:31 INFO  Progress (5): 2.3/6.3 MB | 1.2/12 MB | 0.4/2.6 MB | 0.4/1.1 MB | 147/636 kB
2026.07.28 10:55:31 INFO  Progress (5): 2.3/6.3 MB | 1.2/12 MB | 0.4/2.6 MB | 0.4/1.1 MB | 164/636 kB
2026.07.28 10:55:31 INFO  Progress (5): 2.3/6.3 MB | 1.2/12 MB | 0.4/2.6 MB | 0.4/1.1 MB | 164/636 kB
2026.07.28 10:55:31 INFO  Progress (5): 2.3/6.3 MB | 1.2/12 MB | 0.4/2.6 MB | 0.4/1.1 MB | 180/636 kB
2026.07.28 10:55:31 INFO  Progress (5): 2.3/6.3 MB | 1.2/12 MB | 0.4/2.6 MB | 0.4/1.1 MB | 180/636 kB
2026.07.28 10:55:31 INFO  Progress (5): 2.3/6.3 MB | 1.2/12 MB | 0.4/2.6 MB | 0.4/1.1 MB | 197/636 kB
2026.07.28 10:55:31 INFO  Progress (5): 2.3/6.3 MB | 1.2/12 MB | 0.4/2.6 MB | 0.4/1.1 MB | 197/636 kB
2026.07.28 10:55:31 INFO  Progress (5): 2.3/6.3 MB | 1.2/12 MB | 0.4/2.6 MB | 0.4/1.1 MB | 213/636 kB
2026.07.28 10:55:31 INFO  Progress (5): 2.4/6.3 MB | 1.2/12 MB | 0.4/2.6 MB | 0.4/1.1 MB | 213/636 kB
2026.07.28 10:55:31 INFO  Progress (5): 2.4/6.3 MB | 1.2/12 MB | 0.4/2.6 MB | 0.4/1.1 MB | 229/636 kB
2026.07.28 10:55:31 INFO  Progress (5): 2.4/6.3 MB | 1.2/12 MB | 0.4/2.6 MB | 0.4/1.1 MB | 229/636 kB
2026.07.28 10:55:31 INFO  Progress (5): 2.4/6.3 MB | 1.2/12 MB | 0.4/2.6 MB | 0.4/1.1 MB | 229/636 kB
2026.07.28 10:55:31 INFO  Progress (5): 2.4/6.3 MB | 1.2/12 MB | 0.4/2.6 MB | 0.4/1.1 MB | 246/636 kB
2026.07.28 10:55:31 INFO  Progress (5): 2.4/6.3 MB | 1.2/12 MB | 0.4/2.6 MB | 0.4/1.1 MB | 246/636 kB
2026.07.28 10:55:31 INFO  Progress (5): 2.4/6.3 MB | 1.2/12 MB | 0.4/2.6 MB | 0.4/1.1 MB | 262/636 kB
2026.07.28 10:55:31 INFO  Progress (5): 2.4/6.3 MB | 1.2/12 MB | 0.4/2.6 MB | 0.4/1.1 MB | 279/636 kB
2026.07.28 10:55:31 INFO  Progress (5): 2.4/6.3 MB | 1.2/12 MB | 0.4/2.6 MB | 0.4/1.1 MB | 279/636 kB
2026.07.28 10:55:31 INFO  Progress (5): 2.4/6.3 MB | 1.2/12 MB | 0.4/2.6 MB | 0.4/1.1 MB | 295/636 kB
2026.07.28 10:55:31 INFO  Progress (5): 2.4/6.3 MB | 1.2/12 MB | 0.4/2.6 MB | 0.4/1.1 MB | 295/636 kB
2026.07.28 10:55:31 INFO  Progress (5): 2.4/6.3 MB | 1.2/12 MB | 0.4/2.6 MB | 0.4/1.1 MB | 311/636 kB
2026.07.28 10:55:31 INFO  Progress (5): 2.5/6.3 MB | 1.2/12 MB | 0.4/2.6 MB | 0.4/1.1 MB | 311/636 kB
2026.07.28 10:55:31 INFO  Progress (5): 2.5/6.3 MB | 1.2/12 MB | 0.4/2.6 MB | 0.4/1.1 MB | 328/636 kB
2026.07.28 10:55:31 INFO  Progress (5): 2.5/6.3 MB | 1.2/12 MB | 0.4/2.6 MB | 0.4/1.1 MB | 328/636 kB
2026.07.28 10:55:31 INFO  Progress (5): 2.5/6.3 MB | 1.2/12 MB | 0.4/2.6 MB | 0.4/1.1 MB | 344/636 kB
2026.07.28 10:55:31 INFO  Progress (5): 2.5/6.3 MB | 1.2/12 MB | 0.4/2.6 MB | 0.4/1.1 MB | 344/636 kB
2026.07.28 10:55:31 INFO  Progress (5): 2.5/6.3 MB | 1.2/12 MB | 0.4/2.6 MB | 0.4/1.1 MB | 360/636 kB
2026.07.28 10:55:31 INFO  Progress (5): 2.5/6.3 MB | 1.2/12 MB | 0.4/2.6 MB | 0.4/1.1 MB | 360/636 kB
2026.07.28 10:55:31 INFO  Progress (5): 2.5/6.3 MB | 1.2/12 MB | 0.4/2.6 MB | 0.4/1.1 MB | 377/636 kB
2026.07.28 10:55:31 INFO  Progress (5): 2.5/6.3 MB | 1.2/12 MB | 0.4/2.6 MB | 0.4/1.1 MB | 377/636 kB
2026.07.28 10:55:31 INFO  Progress (5): 2.5/6.3 MB | 1.2/12 MB | 0.4/2.6 MB | 0.4/1.1 MB | 393/636 kB
2026.07.28 10:55:31 INFO  Progress (5): 2.5/6.3 MB | 1.2/12 MB | 0.4/2.6 MB | 0.4/1.1 MB | 393/636 kB
2026.07.28 10:55:31 INFO  Progress (5): 2.5/6.3 MB | 1.2/12 MB | 0.4/2.6 MB | 0.4/1.1 MB | 410/636 kB
2026.07.28 10:55:31 INFO  Progress (5): 2.5/6.3 MB | 1.2/12 MB | 0.4/2.6 MB | 0.4/1.1 MB | 426/636 kB
2026.07.28 10:55:31 INFO  Progress (5): 2.6/6.3 MB | 1.2/12 MB | 0.4/2.6 MB | 0.4/1.1 MB | 426/636 kB
2026.07.28 10:55:31 INFO  Progress (5): 2.6/6.3 MB | 1.2/12 MB | 0.4/2.6 MB | 0.4/1.1 MB | 426/636 kB
2026.07.28 10:55:31 INFO  Progress (5): 2.6/6.3 MB | 1.2/12 MB | 0.4/2.6 MB | 0.4/1.1 MB | 442/636 kB
2026.07.28 10:55:31 INFO  Progress (5): 2.6/6.3 MB | 1.2/12 MB | 0.4/2.6 MB | 0.4/1.1 MB | 442/636 kB
2026.07.28 10:55:31 INFO  Progress (5): 2.6/6.3 MB | 1.2/12 MB | 0.4/2.6 MB | 0.4/1.1 MB | 459/636 kB
2026.07.28 10:55:31 INFO  Progress (5): 2.6/6.3 MB | 1.2/12 MB | 0.4/2.6 MB | 0.4/1.1 MB | 459/636 kB
2026.07.28 10:55:31 INFO  Progress (5): 2.6/6.3 MB | 1.2/12 MB | 0.4/2.6 MB | 0.4/1.1 MB | 475/636 kB
2026.07.28 10:55:31 INFO  Progress (5): 2.6/6.3 MB | 1.2/12 MB | 0.4/2.6 MB | 0.4/1.1 MB | 475/636 kB
2026.07.28 10:55:31 INFO  Progress (5): 2.6/6.3 MB | 1.2/12 MB | 0.4/2.6 MB | 0.4/1.1 MB | 492/636 kB
2026.07.28 10:55:31 INFO  Progress (5): 2.6/6.3 MB | 1.2/12 MB | 0.4/2.6 MB | 0.4/1.1 MB | 492/636 kB
2026.07.28 10:55:31 INFO  Progress (5): 2.6/6.3 MB | 1.2/12 MB | 0.4/2.6 MB | 0.4/1.1 MB | 508/636 kB
2026.07.28 10:55:31 INFO  Progress (5): 2.7/6.3 MB | 1.2/12 MB | 0.4/2.6 MB | 0.4/1.1 MB | 508/636 kB
2026.07.28 10:55:31 INFO  Progress (5): 2.7/6.3 MB | 1.2/12 MB | 0.4/2.6 MB | 0.4/1.1 MB | 524/636 kB
2026.07.28 10:55:31 INFO  Progress (5): 2.7/6.3 MB | 1.2/12 MB | 0.4/2.6 MB | 0.4/1.1 MB | 524/636 kB
2026.07.28 10:55:31 INFO  Progress (5): 2.7/6.3 MB | 1.2/12 MB | 0.4/2.6 MB | 0.4/1.1 MB | 541/636 kB
2026.07.28 10:55:31 INFO  Progress (5): 2.7/6.3 MB | 1.2/12 MB | 0.4/2.6 MB | 0.4/1.1 MB | 541/636 kB
2026.07.28 10:55:31 INFO  Progress (5): 2.7/6.3 MB | 1.2/12 MB | 0.4/2.6 MB | 0.4/1.1 MB | 557/636 kB
2026.07.28 10:55:31 INFO  Progress (5): 2.7/6.3 MB | 1.2/12 MB | 0.4/2.6 MB | 0.4/1.1 MB | 573/636 kB
2026.07.28 10:55:31 INFO  Progress (5): 2.7/6.3 MB | 1.2/12 MB | 0.4/2.6 MB | 0.4/1.1 MB | 573/636 kB
2026.07.28 10:55:31 INFO  Progress (5): 2.7/6.3 MB | 1.2/12 MB | 0.4/2.6 MB | 0.4/1.1 MB | 590/636 kB
2026.07.28 10:55:31 INFO  Progress (5): 2.7/6.3 MB | 1.2/12 MB | 0.4/2.6 MB | 0.4/1.1 MB | 590/636 kB
2026.07.28 10:55:31 INFO  Progress (5): 2.7/6.3 MB | 1.2/12 MB | 0.4/2.6 MB | 0.4/1.1 MB | 606/636 kB
2026.07.28 10:55:31 INFO  Progress (5): 2.7/6.3 MB | 1.2/12 MB | 0.4/2.6 MB | 0.4/1.1 MB | 606/636 kB
2026.07.28 10:55:31 INFO  Progress (5): 2.7/6.3 MB | 1.2/12 MB | 0.4/2.6 MB | 0.4/1.1 MB | 623/636 kB
2026.07.28 10:55:31 INFO  Progress (5): 2.8/6.3 MB | 1.2/12 MB | 0.4/2.6 MB | 0.4/1.1 MB | 623/636 kB
2026.07.28 10:55:31 INFO  Progress (5): 2.8/6.3 MB | 1.2/12 MB | 0.4/2.6 MB | 0.4/1.1 MB | 636 kB    
2026.07.28 10:55:31 INFO  Progress (5): 2.8/6.3 MB | 1.2/12 MB | 0.4/2.6 MB | 0.4/1.1 MB | 636 kB
2026.07.28 10:55:31 INFO  Progress (5): 2.8/6.3 MB | 1.2/12 MB | 0.4/2.6 MB | 0.4/1.1 MB | 636 kB
2026.07.28 10:55:31 INFO  Progress (5): 2.8/6.3 MB | 1.2/12 MB | 0.4/2.6 MB | 0.4/1.1 MB | 636 kB
2026.07.28 10:55:31 INFO  Progress (5): 2.8/6.3 MB | 1.2/12 MB | 0.4/2.6 MB | 0.4/1.1 MB | 636 kB
2026.07.28 10:55:31 INFO  Progress (5): 2.8/6.3 MB | 1.2/12 MB | 0.4/2.6 MB | 0.4/1.1 MB | 636 kB
2026.07.28 10:55:31 INFO  Progress (5): 2.8/6.3 MB | 1.2/12 MB | 0.4/2.6 MB | 0.4/1.1 MB | 636 kB
2026.07.28 10:55:31 INFO  Progress (5): 2.8/6.3 MB | 1.2/12 MB | 0.4/2.6 MB | 0.4/1.1 MB | 636 kB
2026.07.28 10:55:31 INFO  Progress (5): 2.9/6.3 MB | 1.2/12 MB | 0.4/2.6 MB | 0.4/1.1 MB | 636 kB
2026.07.28 10:55:31 INFO  Progress (5): 2.9/6.3 MB | 1.2/12 MB | 0.4/2.6 MB | 0.5/1.1 MB | 636 kB
2026.07.28 10:55:31 INFO  Progress (5): 2.9/6.3 MB | 1.2/12 MB | 0.4/2.6 MB | 0.5/1.1 MB | 636 kB
2026.07.28 10:55:31 INFO  Progress (5): 2.9/6.3 MB | 1.2/12 MB | 0.4/2.6 MB | 0.5/1.1 MB | 636 kB
2026.07.28 10:55:31 INFO  Progress (5): 2.9/6.3 MB | 1.2/12 MB | 0.4/2.6 MB | 0.5/1.1 MB | 636 kB
2026.07.28 10:55:31 INFO  Progress (5): 2.9/6.3 MB | 1.2/12 MB | 0.4/2.6 MB | 0.5/1.1 MB | 636 kB
2026.07.28 10:55:31 INFO  Progress (5): 2.9/6.3 MB | 1.2/12 MB | 0.4/2.6 MB | 0.5/1.1 MB | 636 kB
2026.07.28 10:55:31 INFO  Progress (5): 2.9/6.3 MB | 1.2/12 MB | 0.4/2.6 MB | 0.5/1.1 MB | 636 kB
2026.07.28 10:55:31 INFO  Progress (5): 2.9/6.3 MB | 1.2/12 MB | 0.4/2.6 MB | 0.5/1.1 MB | 636 kB
2026.07.28 10:55:31 INFO  Progress (5): 2.9/6.3 MB | 1.2/12 MB | 0.4/2.6 MB | 0.5/1.1 MB | 636 kB
2026.07.28 10:55:31 INFO  Progress (5): 2.9/6.3 MB | 1.2/12 MB | 0.4/2.6 MB | 0.6/1.1 MB | 636 kB
2026.07.28 10:55:31 INFO  Progress (5): 2.9/6.3 MB | 1.2/12 MB | 0.4/2.6 MB | 0.6/1.1 MB | 636 kB
2026.07.28 10:55:31 INFO  Progress (5): 2.9/6.3 MB | 1.2/12 MB | 0.4/2.6 MB | 0.6/1.1 MB | 636 kB
2026.07.28 10:55:31 INFO  Progress (5): 2.9/6.3 MB | 1.2/12 MB | 0.4/2.6 MB | 0.6/1.1 MB | 636 kB
2026.07.28 10:55:31 INFO  Progress (5): 2.9/6.3 MB | 1.2/12 MB | 0.4/2.6 MB | 0.6/1.1 MB | 636 kB
2026.07.28 10:55:31 INFO                                                                         
2026.07.28 10:55:31 INFO  Downloaded from central: https://repo.maven.apache.org/maven2/org/scala-sbt/io_2.13/1.8.0/io_2.13-1.8.0.jar (636 kB at 316 kB/s)
2026.07.28 10:55:31 INFO  Progress (4): 3.0/6.3 MB | 1.2/12 MB | 0.4/2.6 MB | 0.6/1.1 MB
2026.07.28 10:55:31 INFO                                                                
2026.07.28 10:55:31 INFO  Downloading from central: https://repo.maven.apache.org/maven2/com/swoval/file-tree-views/2.1.9/file-tree-views-2.1.9.jar
2026.07.28 10:55:31 INFO  Progress (4): 3.0/6.3 MB | 1.2/12 MB | 0.4/2.6 MB | 0.6/1.1 MB
2026.07.28 10:55:31 INFO  Progress (4): 3.0/6.3 MB | 1.2/12 MB | 0.4/2.6 MB | 0.6/1.1 MB
2026.07.28 10:55:31 INFO  Progress (4): 3.0/6.3 MB | 1.2/12 MB | 0.4/2.6 MB | 0.6/1.1 MB
2026.07.28 10:55:31 INFO  Progress (4): 3.0/6.3 MB | 1.2/12 MB | 0.4/2.6 MB | 0.6/1.1 MB
2026.07.28 10:55:31 INFO  Progress (4): 3.0/6.3 MB | 1.2/12 MB | 0.4/2.6 MB | 0.6/1.1 MB
2026.07.28 10:55:31 INFO  Progress (4): 3.0/6.3 MB | 1.2/12 MB | 0.4/2.6 MB | 0.6/1.1 MB
2026.07.28 10:55:31 INFO  Progress (4): 3.0/6.3 MB | 1.2/12 MB | 0.4/2.6 MB | 0.7/1.1 MB
2026.07.28 10:55:31 INFO  Progress (4): 3.0/6.3 MB | 1.2/12 MB | 0.4/2.6 MB | 0.7/1.1 MB
2026.07.28 10:55:31 INFO  Progress (4): 3.0/6.3 MB | 1.2/12 MB | 0.4/2.6 MB | 0.7/1.1 MB
2026.07.28 10:55:31 INFO  Progress (4): 3.0/6.3 MB | 1.2/12 MB | 0.4/2.6 MB | 0.7/1.1 MB
2026.07.28 10:55:31 INFO  Progress (4): 3.0/6.3 MB | 1.2/12 MB | 0.4/2.6 MB | 0.7/1.1 MB
2026.07.28 10:55:31 INFO  Progress (4): 3.0/6.3 MB | 1.2/12 MB | 0.4/2.6 MB | 0.7/1.1 MB
2026.07.28 10:55:31 INFO  Progress (4): 3.0/6.3 MB | 1.2/12 MB | 0.4/2.6 MB | 0.7/1.1 MB
2026.07.28 10:55:31 INFO  Progress (4): 3.0/6.3 MB | 1.2/12 MB | 0.4/2.6 MB | 0.8/1.1 MB
2026.07.28 10:55:31 INFO  Progress (4): 3.0/6.3 MB | 1.2/12 MB | 0.4/2.6 MB | 0.8/1.1 MB
2026.07.28 10:55:31 INFO  Progress (4): 3.0/6.3 MB | 1.2/12 MB | 0.4/2.6 MB | 0.8/1.1 MB
2026.07.28 10:55:31 INFO  Progress (4): 3.0/6.3 MB | 1.2/12 MB | 0.4/2.6 MB | 0.8/1.1 MB
2026.07.28 10:55:31 INFO  Progress (4): 3.0/6.3 MB | 1.2/12 MB | 0.4/2.6 MB | 0.8/1.1 MB
2026.07.28 10:55:31 INFO  Progress (4): 3.0/6.3 MB | 1.2/12 MB | 0.4/2.6 MB | 0.8/1.1 MB
2026.07.28 10:55:31 INFO  Progress (4): 3.0/6.3 MB | 1.2/12 MB | 0.4/2.6 MB | 0.9/1.1 MB
2026.07.28 10:55:31 INFO  Progress (4): 3.0/6.3 MB | 1.2/12 MB | 0.4/2.6 MB | 0.9/1.1 MB
2026.07.28 10:55:31 INFO  Progress (4): 3.0/6.3 MB | 1.2/12 MB | 0.4/2.6 MB | 0.9/1.1 MB
2026.07.28 10:55:31 INFO  Progress (4): 3.0/6.3 MB | 1.2/12 MB | 0.4/2.6 MB | 0.9/1.1 MB
2026.07.28 10:55:31 INFO  Progress (4): 3.0/6.3 MB | 1.2/12 MB | 0.4/2.6 MB | 0.9/1.1 MB
2026.07.28 10:55:31 INFO  Progress (4): 3.0/6.3 MB | 1.2/12 MB | 0.4/2.6 MB | 0.9/1.1 MB
2026.07.28 10:55:31 INFO  Progress (4): 3.0/6.3 MB | 1.2/12 MB | 0.4/2.6 MB | 0.9/1.1 MB
2026.07.28 10:55:31 INFO  Progress (4): 3.0/6.3 MB | 1.2/12 MB | 0.4/2.6 MB | 0.9/1.1 MB
2026.07.28 10:55:31 INFO  Progress (4): 3.0/6.3 MB | 1.2/12 MB | 0.4/2.6 MB | 1.0/1.1 MB
2026.07.28 10:55:31 INFO  Progress (4): 3.0/6.3 MB | 1.2/12 MB | 0.4/2.6 MB | 1.0/1.1 MB
2026.07.28 10:55:31 INFO  Progress (4): 3.0/6.3 MB | 1.2/12 MB | 0.5/2.6 MB | 1.0/1.1 MB
2026.07.28 10:55:31 INFO  Progress (4): 3.0/6.3 MB | 1.2/12 MB | 0.5/2.6 MB | 1.0/1.1 MB
2026.07.28 10:55:31 INFO  Progress (4): 3.0/6.3 MB | 1.2/12 MB | 0.5/2.6 MB | 1.0/1.1 MB
2026.07.28 10:55:31 INFO  Progress (4): 3.0/6.3 MB | 1.2/12 MB | 0.5/2.6 MB | 1.0/1.1 MB
2026.07.28 10:55:31 INFO  Progress (4): 3.0/6.3 MB | 1.2/12 MB | 0.5/2.6 MB | 1.0/1.1 MB
2026.07.28 10:55:31 INFO  Progress (4): 3.0/6.3 MB | 1.2/12 MB | 0.5/2.6 MB | 1.0/1.1 MB
2026.07.28 10:55:31 INFO  Progress (4): 3.0/6.3 MB | 1.2/12 MB | 0.5/2.6 MB | 1.0/1.1 MB
2026.07.28 10:55:31 INFO  Progress (4): 3.0/6.3 MB | 1.2/12 MB | 0.5/2.6 MB | 1.0/1.1 MB
2026.07.28 10:55:31 INFO  Progress (4): 3.0/6.3 MB | 1.2/12 MB | 0.5/2.6 MB | 1.0/1.1 MB
2026.07.28 10:55:31 INFO  Progress (4): 3.0/6.3 MB | 1.2/12 MB | 0.5/2.6 MB | 1.0/1.1 MB
2026.07.28 10:55:31 INFO  Progress (4): 3.0/6.3 MB | 1.2/12 MB | 0.5/2.6 MB | 1.0/1.1 MB
2026.07.28 10:55:31 INFO  Progress (4): 3.0/6.3 MB | 1.2/12 MB | 0.5/2.6 MB | 1.1/1.1 MB
2026.07.28 10:55:31 INFO  Progress (4): 3.0/6.3 MB | 1.2/12 MB | 0.5/2.6 MB | 1.1/1.1 MB
2026.07.28 10:55:31 INFO  Progress (4): 3.0/6.3 MB | 1.2/12 MB | 0.5/2.6 MB | 1.1/1.1 MB
2026.07.28 10:55:31 INFO  Progress (4): 3.0/6.3 MB | 1.2/12 MB | 0.5/2.6 MB | 1.1/1.1 MB
2026.07.28 10:55:31 INFO  Progress (4): 3.0/6.3 MB | 1.2/12 MB | 0.5/2.6 MB | 1.1 MB    
2026.07.28 10:55:31 INFO                                                            
2026.07.28 10:55:31 INFO  Downloaded from central: https://repo.maven.apache.org/maven2/org/scala-lang/modules/scala-parallel-collections_2.13/0.2.0/scala-parallel-collections_2.13-0.2.0.jar (1.1 MB at 556 kB/s)
2026.07.28 10:55:31 INFO  Downloading from central: https://repo.maven.apache.org/maven2/net/java/dev/jna/jna/5.12.0/jna-5.12.0.jar
2026.07.28 10:55:31 INFO  Progress (3): 3.0/6.3 MB | 1.2/12 MB | 0.5/2.6 MB
2026.07.28 10:55:31 INFO  Progress (3): 3.0/6.3 MB | 1.2/12 MB | 0.6/2.6 MB
2026.07.28 10:55:31 INFO  Progress (3): 3.0/6.3 MB | 1.2/12 MB | 0.6/2.6 MB
2026.07.28 10:55:31 INFO  Progress (3): 3.0/6.3 MB | 1.2/12 MB | 0.6/2.6 MB
2026.07.28 10:55:31 INFO  Progress (3): 3.0/6.3 MB | 1.2/12 MB | 0.6/2.6 MB
2026.07.28 10:55:31 INFO  Progress (3): 3.0/6.3 MB | 1.2/12 MB | 0.6/2.6 MB
2026.07.28 10:55:31 INFO  Progress (3): 3.0/6.3 MB | 1.2/12 MB | 0.6/2.6 MB
2026.07.28 10:55:31 INFO  Progress (3): 3.0/6.3 MB | 1.2/12 MB | 0.7/2.6 MB
2026.07.28 10:55:31 INFO  Progress (3): 3.0/6.3 MB | 1.2/12 MB | 0.7/2.6 MB
2026.07.28 10:55:31 INFO  Progress (3): 3.0/6.3 MB | 1.2/12 MB | 0.7/2.6 MB
2026.07.28 10:55:31 INFO  Progress (3): 3.0/6.3 MB | 1.2/12 MB | 0.7/2.6 MB
2026.07.28 10:55:31 INFO  Progress (3): 3.0/6.3 MB | 1.2/12 MB | 0.7/2.6 MB
2026.07.28 10:55:31 INFO  Progress (3): 3.0/6.3 MB | 1.2/12 MB | 0.7/2.6 MB
2026.07.28 10:55:31 INFO  Progress (3): 3.0/6.3 MB | 1.2/12 MB | 0.8/2.6 MB
2026.07.28 10:55:31 INFO  Progress (3): 3.0/6.3 MB | 1.2/12 MB | 0.8/2.6 MB
2026.07.28 10:55:31 INFO  Progress (3): 3.0/6.3 MB | 1.2/12 MB | 0.8/2.6 MB
2026.07.28 10:55:31 INFO  Progress (3): 3.0/6.3 MB | 1.2/12 MB | 0.8/2.6 MB
2026.07.28 10:55:31 INFO  Progress (3): 3.0/6.3 MB | 1.2/12 MB | 0.8/2.6 MB
2026.07.28 10:55:31 INFO  Progress (3): 3.0/6.3 MB | 1.2/12 MB | 0.8/2.6 MB
2026.07.28 10:55:31 INFO  Progress (3): 3.0/6.3 MB | 1.2/12 MB | 0.9/2.6 MB
2026.07.28 10:55:31 INFO  Progress (3): 3.0/6.3 MB | 1.2/12 MB | 0.9/2.6 MB
2026.07.28 10:55:31 INFO  Progress (3): 3.0/6.3 MB | 1.2/12 MB | 0.9/2.6 MB
2026.07.28 10:55:31 INFO  Progress (3): 3.0/6.3 MB | 1.2/12 MB | 0.9/2.6 MB
2026.07.28 10:55:31 INFO  Progress (3): 3.0/6.3 MB | 1.2/12 MB | 0.9/2.6 MB
2026.07.28 10:55:31 INFO  Progress (3): 3.0/6.3 MB | 1.2/12 MB | 0.9/2.6 MB
2026.07.28 10:55:31 INFO  Progress (3): 3.0/6.3 MB | 1.2/12 MB | 0.9/2.6 MB
2026.07.28 10:55:31 INFO  Progress (3): 3.0/6.3 MB | 1.2/12 MB | 1.0/2.6 MB
2026.07.28 10:55:31 INFO  Progress (3): 3.0/6.3 MB | 1.2/12 MB | 1.0/2.6 MB
2026.07.28 10:55:31 INFO  Progress (3): 3.0/6.3 MB | 1.2/12 MB | 1.0/2.6 MB
2026.07.28 10:55:31 INFO  Progress (3): 3.0/6.3 MB | 1.2/12 MB | 1.0/2.6 MB
2026.07.28 10:55:31 INFO  Progress (3): 3.0/6.3 MB | 1.2/12 MB | 1.0/2.6 MB
2026.07.28 10:55:31 INFO  Progress (3): 3.0/6.3 MB | 1.2/12 MB | 1.0/2.6 MB
2026.07.28 10:55:31 INFO  Progress (3): 3.0/6.3 MB | 1.2/12 MB | 1.1/2.6 MB
2026.07.28 10:55:31 INFO  Progress (3): 3.0/6.3 MB | 1.2/12 MB | 1.1/2.6 MB
2026.07.28 10:55:31 INFO  Progress (3): 3.0/6.3 MB | 1.2/12 MB | 1.1/2.6 MB
2026.07.28 10:55:31 INFO  Progress (3): 3.0/6.3 MB | 1.2/12 MB | 1.1/2.6 MB
2026.07.28 10:55:31 INFO  Progress (3): 3.0/6.3 MB | 1.2/12 MB | 1.1/2.6 MB
2026.07.28 10:55:31 INFO  Progress (3): 3.0/6.3 MB | 1.2/12 MB | 1.1/2.6 MB
2026.07.28 10:55:31 INFO  Progress (3): 3.0/6.3 MB | 1.2/12 MB | 1.1/2.6 MB
2026.07.28 10:55:31 INFO  Progress (3): 3.0/6.3 MB | 1.2/12 MB | 1.1/2.6 MB
2026.07.28 10:55:31 INFO  Progress (3): 3.0/6.3 MB | 1.2/12 MB | 1.1/2.6 MB
2026.07.28 10:55:31 INFO  Progress (3): 3.0/6.3 MB | 1.2/12 MB | 1.1/2.6 MB
2026.07.28 10:55:31 INFO  Progress (3): 3.1/6.3 MB | 1.2/12 MB | 1.1/2.6 MB
2026.07.28 10:55:31 INFO  Progress (3): 3.1/6.3 MB | 1.3/12 MB | 1.1/2.6 MB
2026.07.28 10:55:31 INFO  Progress (3): 3.1/6.3 MB | 1.3/12 MB | 1.1/2.6 MB
2026.07.28 10:55:31 INFO  Progress (3): 3.1/6.3 MB | 1.3/12 MB | 1.1/2.6 MB
2026.07.28 10:55:31 INFO  Progress (3): 3.1/6.3 MB | 1.3/12 MB | 1.1/2.6 MB
2026.07.28 10:55:31 INFO  Progress (3): 3.1/6.3 MB | 1.3/12 MB | 1.1/2.6 MB
2026.07.28 10:55:31 INFO  Progress (3): 3.1/6.3 MB | 1.3/12 MB | 1.1/2.6 MB
2026.07.28 10:55:31 INFO  Progress (3): 3.1/6.3 MB | 1.3/12 MB | 1.1/2.6 MB
2026.07.28 10:55:31 INFO  Progress (3): 3.1/6.3 MB | 1.3/12 MB | 1.1/2.6 MB
2026.07.28 10:55:31 INFO  Progress (3): 3.1/6.3 MB | 1.3/12 MB | 1.1/2.6 MB
2026.07.28 10:55:31 INFO  Progress (3): 3.1/6.3 MB | 1.3/12 MB | 1.1/2.6 MB
2026.07.28 10:55:31 INFO  Progress (3): 3.1/6.3 MB | 1.3/12 MB | 1.1/2.6 MB
2026.07.28 10:55:31 INFO  Progress (3): 3.1/6.3 MB | 1.3/12 MB | 1.1/2.6 MB
2026.07.28 10:55:31 INFO  Progress (3): 3.1/6.3 MB | 1.4/12 MB | 1.1/2.6 MB
2026.07.28 10:55:31 INFO  Progress (3): 3.2/6.3 MB | 1.4/12 MB | 1.1/2.6 MB
2026.07.28 10:55:31 INFO  Progress (3): 3.2/6.3 MB | 1.4/12 MB | 1.1/2.6 MB
2026.07.28 10:55:31 INFO  Progress (3): 3.2/6.3 MB | 1.4/12 MB | 1.1/2.6 MB
2026.07.28 10:55:31 INFO  Progress (3): 3.2/6.3 MB | 1.4/12 MB | 1.1/2.6 MB
2026.07.28 10:55:31 INFO  Progress (3): 3.2/6.3 MB | 1.4/12 MB | 1.1/2.6 MB
2026.07.28 10:55:31 INFO  Progress (3): 3.2/6.3 MB | 1.4/12 MB | 1.1/2.6 MB
2026.07.28 10:55:31 INFO  Progress (3): 3.2/6.3 MB | 1.4/12 MB | 1.1/2.6 MB
2026.07.28 10:55:31 INFO  Progress (3): 3.2/6.3 MB | 1.4/12 MB | 1.1/2.6 MB
2026.07.28 10:55:31 INFO  Progress (3): 3.2/6.3 MB | 1.4/12 MB | 1.1/2.6 MB
2026.07.28 10:55:31 INFO  Progress (3): 3.2/6.3 MB | 1.4/12 MB | 1.1/2.6 MB
2026.07.28 10:55:31 INFO  Progress (3): 3.2/6.3 MB | 1.4/12 MB | 1.1/2.6 MB
2026.07.28 10:55:31 INFO  Progress (3): 3.2/6.3 MB | 1.5/12 MB | 1.1/2.6 MB
2026.07.28 10:55:31 INFO  Progress (3): 3.3/6.3 MB | 1.5/12 MB | 1.1/2.6 MB
2026.07.28 10:55:31 INFO  Progress (3): 3.3/6.3 MB | 1.5/12 MB | 1.1/2.6 MB
2026.07.28 10:55:31 INFO  Progress (3): 3.3/6.3 MB | 1.5/12 MB | 1.1/2.6 MB
2026.07.28 10:55:31 INFO  Progress (3): 3.3/6.3 MB | 1.5/12 MB | 1.1/2.6 MB
2026.07.28 10:55:31 INFO  Progress (3): 3.3/6.3 MB | 1.5/12 MB | 1.1/2.6 MB
2026.07.28 10:55:31 INFO  Progress (3): 3.3/6.3 MB | 1.5/12 MB | 1.1/2.6 MB
2026.07.28 10:55:31 INFO  Progress (3): 3.3/6.3 MB | 1.5/12 MB | 1.1/2.6 MB
2026.07.28 10:55:31 INFO  Progress (3): 3.3/6.3 MB | 1.5/12 MB | 1.1/2.6 MB
2026.07.28 10:55:31 INFO  Progress (3): 3.3/6.3 MB | 1.5/12 MB | 1.1/2.6 MB
2026.07.28 10:55:31 INFO  Progress (3): 3.3/6.3 MB | 1.5/12 MB | 1.1/2.6 MB
2026.07.28 10:55:31 INFO  Progress (3): 3.3/6.3 MB | 1.5/12 MB | 1.1/2.6 MB
2026.07.28 10:55:31 INFO  Progress (3): 3.3/6.3 MB | 1.6/12 MB | 1.1/2.6 MB
2026.07.28 10:55:31 INFO  Progress (3): 3.4/6.3 MB | 1.6/12 MB | 1.1/2.6 MB
2026.07.28 10:55:31 INFO  Progress (3): 3.4/6.3 MB | 1.6/12 MB | 1.1/2.6 MB
2026.07.28 10:55:31 INFO  Progress (3): 3.4/6.3 MB | 1.6/12 MB | 1.1/2.6 MB
2026.07.28 10:55:31 INFO  Progress (3): 3.4/6.3 MB | 1.6/12 MB | 1.1/2.6 MB
2026.07.28 10:55:31 INFO  Progress (3): 3.4/6.3 MB | 1.6/12 MB | 1.1/2.6 MB
2026.07.28 10:55:31 INFO  Progress (3): 3.4/6.3 MB | 1.6/12 MB | 1.1/2.6 MB
2026.07.28 10:55:31 INFO  Progress (3): 3.4/6.3 MB | 1.6/12 MB | 1.1/2.6 MB
2026.07.28 10:55:31 INFO  Progress (3): 3.4/6.3 MB | 1.6/12 MB | 1.1/2.6 MB
2026.07.28 10:55:31 INFO  Progress (3): 3.4/6.3 MB | 1.6/12 MB | 1.1/2.6 MB
2026.07.28 10:55:31 INFO  Progress (3): 3.4/6.3 MB | 1.6/12 MB | 1.1/2.6 MB
2026.07.28 10:55:31 INFO  Progress (3): 3.4/6.3 MB | 1.6/12 MB | 1.1/2.6 MB
2026.07.28 10:55:31 INFO  Progress (3): 3.4/6.3 MB | 1.6/12 MB | 1.1/2.6 MB
2026.07.28 10:55:31 INFO  Progress (3): 3.4/6.3 MB | 1.7/12 MB | 1.1/2.6 MB
2026.07.28 10:55:31 INFO  Progress (3): 3.5/6.3 MB | 1.7/12 MB | 1.1/2.6 MB
2026.07.28 10:55:31 INFO  Progress (3): 3.5/6.3 MB | 1.7/12 MB | 1.1/2.6 MB
2026.07.28 10:55:31 INFO  Progress (3): 3.5/6.3 MB | 1.7/12 MB | 1.1/2.6 MB
2026.07.28 10:55:31 INFO  Progress (3): 3.5/6.3 MB | 1.7/12 MB | 1.1/2.6 MB
2026.07.28 10:55:31 INFO  Progress (3): 3.5/6.3 MB | 1.7/12 MB | 1.1/2.6 MB
2026.07.28 10:55:31 INFO  Progress (3): 3.5/6.3 MB | 1.7/12 MB | 1.1/2.6 MB
2026.07.28 10:55:31 INFO  Progress (3): 3.5/6.3 MB | 1.7/12 MB | 1.1/2.6 MB
2026.07.28 10:55:31 INFO  Progress (3): 3.5/6.3 MB | 1.7/12 MB | 1.1/2.6 MB
2026.07.28 10:55:31 INFO  Progress (3): 3.5/6.3 MB | 1.7/12 MB | 1.1/2.6 MB
2026.07.28 10:55:31 INFO  Progress (3): 3.5/6.3 MB | 1.7/12 MB | 1.1/2.6 MB
2026.07.28 10:55:31 INFO  Progress (3): 3.5/6.3 MB | 1.7/12 MB | 1.1/2.6 MB
2026.07.28 10:55:31 INFO  Progress (3): 3.6/6.3 MB | 1.7/12 MB | 1.1/2.6 MB
2026.07.28 10:55:31 INFO  Progress (3): 3.6/6.3 MB | 1.8/12 MB | 1.1/2.6 MB
2026.07.28 10:55:31 INFO  Progress (3): 3.6/6.3 MB | 1.8/12 MB | 1.1/2.6 MB
2026.07.28 10:55:31 INFO  Progress (3): 3.6/6.3 MB | 1.8/12 MB | 1.1/2.6 MB
2026.07.28 10:55:31 INFO  Progress (3): 3.6/6.3 MB | 1.8/12 MB | 1.1/2.6 MB
2026.07.28 10:55:31 INFO  Progress (3): 3.6/6.3 MB | 1.8/12 MB | 1.1/2.6 MB
2026.07.28 10:55:31 INFO  Progress (3): 3.6/6.3 MB | 1.8/12 MB | 1.1/2.6 MB
2026.07.28 10:55:31 INFO  Progress (3): 3.6/6.3 MB | 1.8/12 MB | 1.1/2.6 MB
2026.07.28 10:55:31 INFO  Progress (3): 3.6/6.3 MB | 1.8/12 MB | 1.1/2.6 MB
2026.07.28 10:55:31 INFO  Progress (3): 3.6/6.3 MB | 1.8/12 MB | 1.1/2.6 MB
2026.07.28 10:55:31 INFO  Progress (3): 3.6/6.3 MB | 1.8/12 MB | 1.1/2.6 MB
2026.07.28 10:55:31 INFO  Progress (3): 3.6/6.3 MB | 1.8/12 MB | 1.1/2.6 MB
2026.07.28 10:55:31 INFO  Progress (3): 3.7/6.3 MB | 1.8/12 MB | 1.1/2.6 MB
2026.07.28 10:55:31 INFO  Progress (3): 3.7/6.3 MB | 1.8/12 MB | 1.1/2.6 MB
2026.07.28 10:55:31 INFO  Progress (3): 3.7/6.3 MB | 1.8/12 MB | 1.1/2.6 MB
2026.07.28 10:55:31 INFO  Progress (3): 3.7/6.3 MB | 1.8/12 MB | 1.1/2.6 MB
2026.07.28 10:55:31 INFO  Progress (3): 3.7/6.3 MB | 1.8/12 MB | 1.1/2.6 MB
2026.07.28 10:55:31 INFO  Progress (3): 3.7/6.3 MB | 1.8/12 MB | 1.1/2.6 MB
2026.07.28 10:55:31 INFO  Progress (3): 3.8/6.3 MB | 1.8/12 MB | 1.1/2.6 MB
2026.07.28 10:55:31 INFO  Progress (3): 3.8/6.3 MB | 1.8/12 MB | 1.1/2.6 MB
2026.07.28 10:55:31 INFO  Progress (3): 3.8/6.3 MB | 1.8/12 MB | 1.1/2.6 MB
2026.07.28 10:55:31 INFO  Progress (3): 3.8/6.3 MB | 1.8/12 MB | 1.1/2.6 MB
2026.07.28 10:55:31 INFO  Progress (3): 3.8/6.3 MB | 1.8/12 MB | 1.1/2.6 MB
2026.07.28 10:55:31 INFO  Progress (3): 3.8/6.3 MB | 1.8/12 MB | 1.1/2.6 MB
2026.07.28 10:55:31 INFO  Progress (3): 3.8/6.3 MB | 1.8/12 MB | 1.1/2.6 MB
2026.07.28 10:55:31 INFO  Progress (3): 3.9/6.3 MB | 1.8/12 MB | 1.1/2.6 MB
2026.07.28 10:55:31 INFO  Progress (3): 3.9/6.3 MB | 1.8/12 MB | 1.1/2.6 MB
2026.07.28 10:55:31 INFO  Progress (3): 3.9/6.3 MB | 1.8/12 MB | 1.1/2.6 MB
2026.07.28 10:55:31 INFO  Progress (3): 3.9/6.3 MB | 1.8/12 MB | 1.1/2.6 MB
2026.07.28 10:55:31 INFO  Progress (3): 3.9/6.3 MB | 1.8/12 MB | 1.1/2.6 MB
2026.07.28 10:55:31 INFO  Progress (3): 3.9/6.3 MB | 1.8/12 MB | 1.1/2.6 MB
2026.07.28 10:55:31 INFO  Progress (3): 4.0/6.3 MB | 1.8/12 MB | 1.1/2.6 MB
2026.07.28 10:55:31 INFO  Progress (3): 4.0/6.3 MB | 1.8/12 MB | 1.1/2.6 MB
2026.07.28 10:55:31 INFO  Progress (3): 4.0/6.3 MB | 1.8/12 MB | 1.1/2.6 MB
2026.07.28 10:55:31 INFO  Progress (3): 4.0/6.3 MB | 1.8/12 MB | 1.1/2.6 MB
2026.07.28 10:55:31 INFO  Progress (3): 4.0/6.3 MB | 1.8/12 MB | 1.1/2.6 MB
2026.07.28 10:55:31 INFO  Progress (3): 4.0/6.3 MB | 1.8/12 MB | 1.1/2.6 MB
2026.07.28 10:55:31 INFO  Progress (3): 4.1/6.3 MB | 1.8/12 MB | 1.1/2.6 MB
2026.07.28 10:55:31 INFO  Progress (3): 4.1/6.3 MB | 1.9/12 MB | 1.1/2.6 MB
2026.07.28 10:55:31 INFO  Progress (3): 4.1/6.3 MB | 1.9/12 MB | 1.1/2.6 MB
2026.07.28 10:55:31 INFO  Progress (3): 4.1/6.3 MB | 1.9/12 MB | 1.1/2.6 MB
2026.07.28 10:55:31 INFO  Progress (3): 4.1/6.3 MB | 1.9/12 MB | 1.1/2.6 MB
2026.07.28 10:55:31 INFO  Progress (3): 4.1/6.3 MB | 1.9/12 MB | 1.1/2.6 MB
2026.07.28 10:55:31 INFO  Progress (3): 4.1/6.3 MB | 1.9/12 MB | 1.1/2.6 MB
2026.07.28 10:55:31 INFO  Progress (3): 4.1/6.3 MB | 1.9/12 MB | 1.1/2.6 MB
2026.07.28 10:55:31 INFO  Progress (3): 4.1/6.3 MB | 1.9/12 MB | 1.1/2.6 MB
2026.07.28 10:55:31 INFO  Progress (3): 4.1/6.3 MB | 1.9/12 MB | 1.1/2.6 MB
2026.07.28 10:55:31 INFO  Progress (3): 4.1/6.3 MB | 1.9/12 MB | 1.1/2.6 MB
2026.07.28 10:55:31 INFO  Progress (3): 4.2/6.3 MB | 1.9/12 MB | 1.1/2.6 MB
2026.07.28 10:55:31 INFO  Progress (3): 4.2/6.3 MB | 1.9/12 MB | 1.2/2.6 MB
2026.07.28 10:55:31 INFO  Progress (3): 4.2/6.3 MB | 1.9/12 MB | 1.2/2.6 MB
2026.07.28 10:55:31 INFO  Progress (3): 4.2/6.3 MB | 1.9/12 MB | 1.2/2.6 MB
2026.07.28 10:55:31 INFO  Progress (3): 4.2/6.3 MB | 1.9/12 MB | 1.2/2.6 MB
2026.07.28 10:55:31 INFO  Progress (3): 4.2/6.3 MB | 1.9/12 MB | 1.2/2.6 MB
2026.07.28 10:55:31 INFO  Progress (3): 4.2/6.3 MB | 1.9/12 MB | 1.2/2.6 MB
2026.07.28 10:55:31 INFO  Progress (3): 4.2/6.3 MB | 1.9/12 MB | 1.2/2.6 MB
2026.07.28 10:55:31 INFO  Progress (3): 4.2/6.3 MB | 1.9/12 MB | 1.2/2.6 MB
2026.07.28 10:55:31 INFO  Progress (4): 4.2/6.3 MB | 1.9/12 MB | 1.2/2.6 MB | 7.7/229 kB
2026.07.28 10:55:31 INFO  Progress (4): 4.2/6.3 MB | 1.9/12 MB | 1.2/2.6 MB | 16/229 kB 
2026.07.28 10:55:31 INFO  Progress (4): 4.2/6.3 MB | 1.9/12 MB | 1.2/2.6 MB | 25/229 kB
2026.07.28 10:55:31 INFO  Progress (4): 4.2/6.3 MB | 1.9/12 MB | 1.2/2.6 MB | 25/229 kB
2026.07.28 10:55:31 INFO  Progress (4): 4.2/6.3 MB | 1.9/12 MB | 1.2/2.6 MB | 41/229 kB
2026.07.28 10:55:31 INFO  Progress (4): 4.2/6.3 MB | 1.9/12 MB | 1.2/2.6 MB | 41/229 kB
2026.07.28 10:55:31 INFO  Progress (4): 4.2/6.3 MB | 1.9/12 MB | 1.2/2.6 MB | 41/229 kB
2026.07.28 10:55:31 INFO  Progress (4): 4.2/6.3 MB | 1.9/12 MB | 1.2/2.6 MB | 57/229 kB
2026.07.28 10:55:31 INFO  Progress (4): 4.3/6.3 MB | 1.9/12 MB | 1.2/2.6 MB | 57/229 kB
2026.07.28 10:55:31 INFO  Progress (4): 4.3/6.3 MB | 1.9/12 MB | 1.2/2.6 MB | 74/229 kB
2026.07.28 10:55:31 INFO  Progress (4): 4.3/6.3 MB | 1.9/12 MB | 1.2/2.6 MB | 74/229 kB
2026.07.28 10:55:31 INFO  Progress (4): 4.3/6.3 MB | 1.9/12 MB | 1.2/2.6 MB | 74/229 kB
2026.07.28 10:55:31 INFO  Progress (4): 4.3/6.3 MB | 1.9/12 MB | 1.2/2.6 MB | 90/229 kB
2026.07.28 10:55:31 INFO  Progress (4): 4.3/6.3 MB | 1.9/12 MB | 1.2/2.6 MB | 90/229 kB
2026.07.28 10:55:31 INFO  Progress (4): 4.3/6.3 MB | 1.9/12 MB | 1.2/2.6 MB | 106/229 kB
2026.07.28 10:55:31 INFO  Progress (4): 4.3/6.3 MB | 1.9/12 MB | 1.2/2.6 MB | 106/229 kB
2026.07.28 10:55:31 INFO  Progress (4): 4.3/6.3 MB | 1.9/12 MB | 1.2/2.6 MB | 123/229 kB
2026.07.28 10:55:31 INFO  Progress (4): 4.3/6.3 MB | 1.9/12 MB | 1.2/2.6 MB | 123/229 kB
2026.07.28 10:55:31 INFO  Progress (4): 4.3/6.3 MB | 1.9/12 MB | 1.2/2.6 MB | 131/229 kB
2026.07.28 10:55:31 INFO  Progress (4): 4.3/6.3 MB | 1.9/12 MB | 1.2/2.6 MB | 131/229 kB
2026.07.28 10:55:31 INFO  Progress (4): 4.3/6.3 MB | 1.9/12 MB | 1.2/2.6 MB | 131/229 kB
2026.07.28 10:55:31 INFO  Progress (5): 4.3/6.3 MB | 1.9/12 MB | 1.2/2.6 MB | 131/229 kB | 0/1.9 MB
2026.07.28 10:55:31 INFO  Progress (5): 4.3/6.3 MB | 1.9/12 MB | 1.2/2.6 MB | 131/229 kB | 0/1.9 MB
2026.07.28 10:55:31 INFO  Progress (5): 4.3/6.3 MB | 1.9/12 MB | 1.2/2.6 MB | 131/229 kB | 0/1.9 MB
2026.07.28 10:55:31 INFO  Progress (5): 4.3/6.3 MB | 1.9/12 MB | 1.2/2.6 MB | 147/229 kB | 0/1.9 MB
2026.07.28 10:55:31 INFO  Progress (5): 4.3/6.3 MB | 2.0/12 MB | 1.2/2.6 MB | 147/229 kB | 0/1.9 MB
2026.07.28 10:55:31 INFO  Progress (5): 4.3/6.3 MB | 2.0/12 MB | 1.2/2.6 MB | 147/229 kB | 0/1.9 MB
2026.07.28 10:55:31 INFO  Progress (5): 4.3/6.3 MB | 2.0/12 MB | 1.2/2.6 MB | 147/229 kB | 0/1.9 MB
2026.07.28 10:55:31 INFO  Progress (5): 4.3/6.3 MB | 2.0/12 MB | 1.2/2.6 MB | 147/229 kB | 0/1.9 MB
2026.07.28 10:55:31 INFO  Progress (5): 4.3/6.3 MB | 2.0/12 MB | 1.2/2.6 MB | 147/229 kB | 0/1.9 MB
2026.07.28 10:55:31 INFO  Progress (5): 4.4/6.3 MB | 2.0/12 MB | 1.2/2.6 MB | 147/229 kB | 0/1.9 MB
2026.07.28 10:55:31 INFO  Progress (5): 4.4/6.3 MB | 2.0/12 MB | 1.2/2.6 MB | 147/229 kB | 0/1.9 MB
2026.07.28 10:55:31 INFO  Progress (5): 4.4/6.3 MB | 2.0/12 MB | 1.2/2.6 MB | 147/229 kB | 0/1.9 MB
2026.07.28 10:55:31 INFO  Progress (5): 4.4/6.3 MB | 2.0/12 MB | 1.2/2.6 MB | 147/229 kB | 0/1.9 MB
2026.07.28 10:55:31 INFO  Progress (5): 4.4/6.3 MB | 2.0/12 MB | 1.3/2.6 MB | 147/229 kB | 0/1.9 MB
2026.07.28 10:55:31 INFO  Progress (5): 4.4/6.3 MB | 2.0/12 MB | 1.3/2.6 MB | 147/229 kB | 0.1/1.9 MB
2026.07.28 10:55:31 INFO  Progress (5): 4.4/6.3 MB | 2.0/12 MB | 1.3/2.6 MB | 147/229 kB | 0.1/1.9 MB
2026.07.28 10:55:31 INFO  Progress (5): 4.4/6.3 MB | 2.0/12 MB | 1.3/2.6 MB | 147/229 kB | 0.1/1.9 MB
2026.07.28 10:55:31 INFO  Progress (5): 4.4/6.3 MB | 2.0/12 MB | 1.3/2.6 MB | 147/229 kB | 0.1/1.9 MB
2026.07.28 10:55:31 INFO  Progress (5): 4.4/6.3 MB | 2.0/12 MB | 1.3/2.6 MB | 147/229 kB | 0.1/1.9 MB
2026.07.28 10:55:31 INFO  Progress (5): 4.4/6.3 MB | 2.0/12 MB | 1.3/2.6 MB | 147/229 kB | 0.1/1.9 MB
2026.07.28 10:55:31 INFO  Progress (5): 4.4/6.3 MB | 2.0/12 MB | 1.3/2.6 MB | 147/229 kB | 0.1/1.9 MB
2026.07.28 10:55:31 INFO  Progress (5): 4.4/6.3 MB | 2.0/12 MB | 1.3/2.6 MB | 147/229 kB | 0.1/1.9 MB
2026.07.28 10:55:31 INFO  Progress (5): 4.4/6.3 MB | 2.0/12 MB | 1.3/2.6 MB | 147/229 kB | 0.1/1.9 MB
2026.07.28 10:55:31 INFO  Progress (5): 4.4/6.3 MB | 2.0/12 MB | 1.3/2.6 MB | 147/229 kB | 0.1/1.9 MB
2026.07.28 10:55:31 INFO  Progress (5): 4.5/6.3 MB | 2.0/12 MB | 1.3/2.6 MB | 147/229 kB | 0.1/1.9 MB
2026.07.28 10:55:31 INFO  Progress (5): 4.5/6.3 MB | 2.0/12 MB | 1.3/2.6 MB | 147/229 kB | 0.1/1.9 MB
2026.07.28 10:55:31 INFO  Progress (5): 4.5/6.3 MB | 2.0/12 MB | 1.3/2.6 MB | 147/229 kB | 0.1/1.9 MB
2026.07.28 10:55:31 INFO  Progress (5): 4.5/6.3 MB | 2.0/12 MB | 1.3/2.6 MB | 147/229 kB | 0.1/1.9 MB
2026.07.28 10:55:31 INFO  Progress (5): 4.5/6.3 MB | 2.0/12 MB | 1.3/2.6 MB | 147/229 kB | 0.1/1.9 MB
2026.07.28 10:55:31 INFO  Progress (5): 4.5/6.3 MB | 2.0/12 MB | 1.3/2.6 MB | 147/229 kB | 0.1/1.9 MB
2026.07.28 10:55:31 INFO  Progress (5): 4.5/6.3 MB | 2.0/12 MB | 1.3/2.6 MB | 147/229 kB | 0.1/1.9 MB
2026.07.28 10:55:31 INFO  Progress (5): 4.5/6.3 MB | 2.0/12 MB | 1.3/2.6 MB | 147/229 kB | 0.1/1.9 MB
2026.07.28 10:55:31 INFO  Progress (5): 4.5/6.3 MB | 2.0/12 MB | 1.3/2.6 MB | 147/229 kB | 0.1/1.9 MB
2026.07.28 10:55:31 INFO  Progress (5): 4.5/6.3 MB | 2.0/12 MB | 1.3/2.6 MB | 147/229 kB | 0.1/1.9 MB
2026.07.28 10:55:31 INFO  Progress (5): 4.5/6.3 MB | 2.0/12 MB | 1.3/2.6 MB | 147/229 kB | 0.1/1.9 MB
2026.07.28 10:55:31 INFO  Progress (5): 4.6/6.3 MB | 2.0/12 MB | 1.3/2.6 MB | 147/229 kB | 0.1/1.9 MB
2026.07.28 10:55:31 INFO  Progress (5): 4.6/6.3 MB | 2.0/12 MB | 1.3/2.6 MB | 147/229 kB | 0.2/1.9 MB
2026.07.28 10:55:31 INFO  Progress (5): 4.6/6.3 MB | 2.1/12 MB | 1.3/2.6 MB | 147/229 kB | 0.2/1.9 MB
2026.07.28 10:55:31 INFO  Progress (5): 4.6/6.3 MB | 2.1/12 MB | 1.3/2.6 MB | 147/229 kB | 0.2/1.9 MB
2026.07.28 10:55:31 INFO  Progress (5): 4.6/6.3 MB | 2.1/12 MB | 1.3/2.6 MB | 147/229 kB | 0.2/1.9 MB
2026.07.28 10:55:31 INFO  Progress (5): 4.6/6.3 MB | 2.1/12 MB | 1.3/2.6 MB | 147/229 kB | 0.2/1.9 MB
2026.07.28 10:55:31 INFO  Progress (5): 4.6/6.3 MB | 2.1/12 MB | 1.3/2.6 MB | 147/229 kB | 0.2/1.9 MB
2026.07.28 10:55:31 INFO  Progress (5): 4.6/6.3 MB | 2.1/12 MB | 1.3/2.6 MB | 147/229 kB | 0.2/1.9 MB
2026.07.28 10:55:31 INFO  Progress (5): 4.6/6.3 MB | 2.1/12 MB | 1.3/2.6 MB | 147/229 kB | 0.2/1.9 MB
2026.07.28 10:55:31 INFO  Progress (5): 4.6/6.3 MB | 2.1/12 MB | 1.3/2.6 MB | 147/229 kB | 0.2/1.9 MB
2026.07.28 10:55:31 INFO  Progress (5): 4.6/6.3 MB | 2.1/12 MB | 1.3/2.6 MB | 147/229 kB | 0.2/1.9 MB
2026.07.28 10:55:31 INFO  Progress (5): 4.6/6.3 MB | 2.1/12 MB | 1.3/2.6 MB | 147/229 kB | 0.2/1.9 MB
2026.07.28 10:55:31 INFO  Progress (5): 4.6/6.3 MB | 2.1/12 MB | 1.3/2.6 MB | 147/229 kB | 0.2/1.9 MB
2026.07.28 10:55:31 INFO  Progress (5): 4.7/6.3 MB | 2.1/12 MB | 1.3/2.6 MB | 147/229 kB | 0.2/1.9 MB
2026.07.28 10:55:31 INFO  Progress (5): 4.7/6.3 MB | 2.1/12 MB | 1.3/2.6 MB | 147/229 kB | 0.2/1.9 MB
2026.07.28 10:55:31 INFO  Progress (5): 4.7/6.3 MB | 2.1/12 MB | 1.3/2.6 MB | 147/229 kB | 0.2/1.9 MB
2026.07.28 10:55:31 INFO  Progress (5): 4.7/6.3 MB | 2.1/12 MB | 1.3/2.6 MB | 147/229 kB | 0.2/1.9 MB
2026.07.28 10:55:31 INFO  Progress (5): 4.7/6.3 MB | 2.1/12 MB | 1.3/2.6 MB | 147/229 kB | 0.2/1.9 MB
2026.07.28 10:55:31 INFO  Progress (5): 4.7/6.3 MB | 2.1/12 MB | 1.3/2.6 MB | 147/229 kB | 0.2/1.9 MB
2026.07.28 10:55:31 INFO  Progress (5): 4.7/6.3 MB | 2.1/12 MB | 1.3/2.6 MB | 147/229 kB | 0.2/1.9 MB
2026.07.28 10:55:31 INFO  Progress (5): 4.7/6.3 MB | 2.1/12 MB | 1.3/2.6 MB | 147/229 kB | 0.2/1.9 MB
2026.07.28 10:55:31 INFO  Progress (5): 4.7/6.3 MB | 2.1/12 MB | 1.3/2.6 MB | 147/229 kB | 0.2/1.9 MB
2026.07.28 10:55:31 INFO  Progress (5): 4.7/6.3 MB | 2.1/12 MB | 1.3/2.6 MB | 147/229 kB | 0.2/1.9 MB
2026.07.28 10:55:31 INFO  Progress (5): 4.7/6.3 MB | 2.1/12 MB | 1.3/2.6 MB | 147/229 kB | 0.2/1.9 MB
2026.07.28 10:55:31 INFO  Progress (5): 4.7/6.3 MB | 2.1/12 MB | 1.3/2.6 MB | 147/229 kB | 0.2/1.9 MB
2026.07.28 10:55:31 INFO  Progress (5): 4.7/6.3 MB | 2.1/12 MB | 1.3/2.6 MB | 147/229 kB | 0.2/1.9 MB
2026.07.28 10:55:31 INFO  Progress (5): 4.7/6.3 MB | 2.2/12 MB | 1.3/2.6 MB | 147/229 kB | 0.2/1.9 MB
2026.07.28 10:55:31 INFO  Progress (5): 4.7/6.3 MB | 2.2/12 MB | 1.4/2.6 MB | 147/229 kB | 0.2/1.9 MB
2026.07.28 10:55:31 INFO  Progress (5): 4.7/6.3 MB | 2.2/12 MB | 1.4/2.6 MB | 147/229 kB | 0.2/1.9 MB
2026.07.28 10:55:31 INFO  Progress (5): 4.8/6.3 MB | 2.2/12 MB | 1.4/2.6 MB | 147/229 kB | 0.2/1.9 MB
2026.07.28 10:55:31 INFO  Progress (5): 4.8/6.3 MB | 2.2/12 MB | 1.4/2.6 MB | 147/229 kB | 0.2/1.9 MB
2026.07.28 10:55:31 INFO  Progress (5): 4.8/6.3 MB | 2.2/12 MB | 1.4/2.6 MB | 147/229 kB | 0.3/1.9 MB
2026.07.28 10:55:31 INFO  Progress (5): 4.8/6.3 MB | 2.2/12 MB | 1.4/2.6 MB | 147/229 kB | 0.3/1.9 MB
2026.07.28 10:55:31 INFO  Progress (5): 4.8/6.3 MB | 2.2/12 MB | 1.4/2.6 MB | 147/229 kB | 0.3/1.9 MB
2026.07.28 10:55:31 INFO  Progress (5): 4.8/6.3 MB | 2.2/12 MB | 1.4/2.6 MB | 147/229 kB | 0.3/1.9 MB
2026.07.28 10:55:31 INFO  Progress (5): 4.8/6.3 MB | 2.2/12 MB | 1.4/2.6 MB | 147/229 kB | 0.3/1.9 MB
2026.07.28 10:55:31 INFO  Progress (5): 4.8/6.3 MB | 2.2/12 MB | 1.4/2.6 MB | 147/229 kB | 0.3/1.9 MB
2026.07.28 10:55:31 INFO  Progress (5): 4.8/6.3 MB | 2.2/12 MB | 1.4/2.6 MB | 147/229 kB | 0.3/1.9 MB
2026.07.28 10:55:31 INFO  Progress (5): 4.8/6.3 MB | 2.2/12 MB | 1.4/2.6 MB | 147/229 kB | 0.3/1.9 MB
2026.07.28 10:55:31 INFO  Progress (5): 4.8/6.3 MB | 2.2/12 MB | 1.4/2.6 MB | 147/229 kB | 0.3/1.9 MB
2026.07.28 10:55:31 INFO  Progress (5): 4.8/6.3 MB | 2.2/12 MB | 1.4/2.6 MB | 147/229 kB | 0.3/1.9 MB
2026.07.28 10:55:31 INFO  Progress (5): 4.8/6.3 MB | 2.2/12 MB | 1.4/2.6 MB | 147/229 kB | 0.3/1.9 MB
2026.07.28 10:55:31 INFO  Progress (5): 4.8/6.3 MB | 2.2/12 MB | 1.4/2.6 MB | 147/229 kB | 0.3/1.9 MB
2026.07.28 10:55:31 INFO  Progress (5): 4.8/6.3 MB | 2.2/12 MB | 1.4/2.6 MB | 147/229 kB | 0.3/1.9 MB
2026.07.28 10:55:31 INFO  Progress (5): 4.8/6.3 MB | 2.2/12 MB | 1.4/2.6 MB | 147/229 kB | 0.3/1.9 MB
2026.07.28 10:55:31 INFO  Progress (5): 4.8/6.3 MB | 2.2/12 MB | 1.4/2.6 MB | 147/229 kB | 0.3/1.9 MB
2026.07.28 10:55:31 INFO  Progress (5): 4.8/6.3 MB | 2.2/12 MB | 1.4/2.6 MB | 147/229 kB | 0.3/1.9 MB
2026.07.28 10:55:31 INFO  Progress (5): 4.8/6.3 MB | 2.2/12 MB | 1.4/2.6 MB | 147/229 kB | 0.3/1.9 MB
2026.07.28 10:55:31 INFO  Progress (5): 4.8/6.3 MB | 2.2/12 MB | 1.4/2.6 MB | 147/229 kB | 0.3/1.9 MB
2026.07.28 10:55:31 INFO  Progress (5): 4.8/6.3 MB | 2.2/12 MB | 1.4/2.6 MB | 147/229 kB | 0.3/1.9 MB
2026.07.28 10:55:31 INFO  Progress (5): 4.9/6.3 MB | 2.2/12 MB | 1.4/2.6 MB | 147/229 kB | 0.3/1.9 MB
2026.07.28 10:55:31 INFO  Progress (5): 4.9/6.3 MB | 2.3/12 MB | 1.4/2.6 MB | 147/229 kB | 0.3/1.9 MB
2026.07.28 10:55:31 INFO  Progress (5): 4.9/6.3 MB | 2.3/12 MB | 1.4/2.6 MB | 147/229 kB | 0.3/1.9 MB
2026.07.28 10:55:31 INFO  Progress (5): 4.9/6.3 MB | 2.3/12 MB | 1.4/2.6 MB | 147/229 kB | 0.3/1.9 MB
2026.07.28 10:55:31 INFO  Progress (5): 4.9/6.3 MB | 2.3/12 MB | 1.4/2.6 MB | 147/229 kB | 0.3/1.9 MB
2026.07.28 10:55:31 INFO  Progress (5): 4.9/6.3 MB | 2.3/12 MB | 1.5/2.6 MB | 147/229 kB | 0.3/1.9 MB
2026.07.28 10:55:31 INFO  Progress (5): 4.9/6.3 MB | 2.3/12 MB | 1.5/2.6 MB | 147/229 kB | 0.3/1.9 MB
2026.07.28 10:55:31 INFO  Progress (5): 4.9/6.3 MB | 2.3/12 MB | 1.5/2.6 MB | 147/229 kB | 0.3/1.9 MB
2026.07.28 10:55:31 INFO  Progress (5): 4.9/6.3 MB | 2.3/12 MB | 1.5/2.6 MB | 164/229 kB | 0.3/1.9 MB
2026.07.28 10:55:31 INFO  Progress (5): 4.9/6.3 MB | 2.3/12 MB | 1.5/2.6 MB | 164/229 kB | 0.3/1.9 MB
2026.07.28 10:55:31 INFO  Progress (5): 4.9/6.3 MB | 2.3/12 MB | 1.5/2.6 MB | 164/229 kB | 0.4/1.9 MB
2026.07.28 10:55:31 INFO  Progress (5): 4.9/6.3 MB | 2.3/12 MB | 1.5/2.6 MB | 164/229 kB | 0.4/1.9 MB
2026.07.28 10:55:31 INFO  Progress (5): 4.9/6.3 MB | 2.3/12 MB | 1.5/2.6 MB | 164/229 kB | 0.4/1.9 MB
2026.07.28 10:55:31 INFO  Progress (5): 4.9/6.3 MB | 2.3/12 MB | 1.5/2.6 MB | 164/229 kB | 0.4/1.9 MB
2026.07.28 10:55:31 INFO  Progress (5): 4.9/6.3 MB | 2.3/12 MB | 1.5/2.6 MB | 164/229 kB | 0.4/1.9 MB
2026.07.28 10:55:31 INFO  Progress (5): 4.9/6.3 MB | 2.3/12 MB | 1.5/2.6 MB | 164/229 kB | 0.4/1.9 MB
2026.07.28 10:55:31 INFO  Progress (5): 4.9/6.3 MB | 2.3/12 MB | 1.5/2.6 MB | 164/229 kB | 0.4/1.9 MB
2026.07.28 10:55:31 INFO  Progress (5): 4.9/6.3 MB | 2.3/12 MB | 1.5/2.6 MB | 164/229 kB | 0.4/1.9 MB
2026.07.28 10:55:31 INFO  Progress (5): 4.9/6.3 MB | 2.3/12 MB | 1.5/2.6 MB | 164/229 kB | 0.4/1.9 MB
2026.07.28 10:55:31 INFO  Progress (5): 4.9/6.3 MB | 2.4/12 MB | 1.5/2.6 MB | 164/229 kB | 0.4/1.9 MB
2026.07.28 10:55:31 INFO  Progress (5): 4.9/6.3 MB | 2.4/12 MB | 1.5/2.6 MB | 164/229 kB | 0.4/1.9 MB
2026.07.28 10:55:31 INFO  Progress (5): 4.9/6.3 MB | 2.4/12 MB | 1.5/2.6 MB | 164/229 kB | 0.4/1.9 MB
2026.07.28 10:55:31 INFO  Progress (5): 4.9/6.3 MB | 2.4/12 MB | 1.5/2.6 MB | 164/229 kB | 0.4/1.9 MB
2026.07.28 10:55:31 INFO  Progress (5): 4.9/6.3 MB | 2.4/12 MB | 1.6/2.6 MB | 164/229 kB | 0.4/1.9 MB
2026.07.28 10:55:31 INFO  Progress (5): 4.9/6.3 MB | 2.4/12 MB | 1.6/2.6 MB | 164/229 kB | 0.4/1.9 MB
2026.07.28 10:55:31 INFO  Progress (5): 4.9/6.3 MB | 2.4/12 MB | 1.6/2.6 MB | 164/229 kB | 0.4/1.9 MB
2026.07.28 10:55:31 INFO  Progress (5): 4.9/6.3 MB | 2.4/12 MB | 1.6/2.6 MB | 164/229 kB | 0.4/1.9 MB
2026.07.28 10:55:31 INFO  Progress (5): 4.9/6.3 MB | 2.4/12 MB | 1.6/2.6 MB | 164/229 kB | 0.5/1.9 MB
2026.07.28 10:55:31 INFO  Progress (5): 4.9/6.3 MB | 2.4/12 MB | 1.6/2.6 MB | 164/229 kB | 0.5/1.9 MB
2026.07.28 10:55:31 INFO  Progress (5): 4.9/6.3 MB | 2.4/12 MB | 1.6/2.6 MB | 164/229 kB | 0.5/1.9 MB
2026.07.28 10:55:31 INFO  Progress (5): 4.9/6.3 MB | 2.4/12 MB | 1.6/2.6 MB | 164/229 kB | 0.5/1.9 MB
2026.07.28 10:55:31 INFO  Progress (5): 4.9/6.3 MB | 2.4/12 MB | 1.6/2.6 MB | 164/229 kB | 0.5/1.9 MB
2026.07.28 10:55:31 INFO  Progress (5): 4.9/6.3 MB | 2.4/12 MB | 1.6/2.6 MB | 164/229 kB | 0.5/1.9 MB
2026.07.28 10:55:31 INFO  Progress (5): 4.9/6.3 MB | 2.5/12 MB | 1.6/2.6 MB | 164/229 kB | 0.5/1.9 MB
2026.07.28 10:55:31 INFO  Progress (5): 4.9/6.3 MB | 2.5/12 MB | 1.6/2.6 MB | 164/229 kB | 0.5/1.9 MB
2026.07.28 10:55:31 INFO  Progress (5): 4.9/6.3 MB | 2.5/12 MB | 1.6/2.6 MB | 164/229 kB | 0.5/1.9 MB
2026.07.28 10:55:31 INFO  Progress (5): 4.9/6.3 MB | 2.5/12 MB | 1.6/2.6 MB | 164/229 kB | 0.5/1.9 MB
2026.07.28 10:55:31 INFO  Progress (5): 4.9/6.3 MB | 2.5/12 MB | 1.6/2.6 MB | 164/229 kB | 0.5/1.9 MB
2026.07.28 10:55:31 INFO  Progress (5): 4.9/6.3 MB | 2.5/12 MB | 1.6/2.6 MB | 164/229 kB | 0.5/1.9 MB
2026.07.28 10:55:31 INFO  Progress (5): 4.9/6.3 MB | 2.5/12 MB | 1.6/2.6 MB | 164/229 kB | 0.5/1.9 MB
2026.07.28 10:55:31 INFO  Progress (5): 4.9/6.3 MB | 2.5/12 MB | 1.6/2.6 MB | 164/229 kB | 0.6/1.9 MB
2026.07.28 10:55:31 INFO  Progress (5): 4.9/6.3 MB | 2.5/12 MB | 1.6/2.6 MB | 164/229 kB | 0.6/1.9 MB
2026.07.28 10:55:31 INFO  Progress (5): 4.9/6.3 MB | 2.5/12 MB | 1.6/2.6 MB | 164/229 kB | 0.6/1.9 MB
2026.07.28 10:55:31 INFO  Progress (5): 4.9/6.3 MB | 2.5/12 MB | 1.6/2.6 MB | 164/229 kB | 0.6/1.9 MB
2026.07.28 10:55:31 INFO  Progress (5): 4.9/6.3 MB | 2.5/12 MB | 1.6/2.6 MB | 164/229 kB | 0.6/1.9 MB
2026.07.28 10:55:31 INFO  Progress (5): 4.9/6.3 MB | 2.5/12 MB | 1.6/2.6 MB | 164/229 kB | 0.6/1.9 MB
2026.07.28 10:55:31 INFO  Progress (5): 5.0/6.3 MB | 2.5/12 MB | 1.6/2.6 MB | 164/229 kB | 0.6/1.9 MB
2026.07.28 10:55:31 INFO  Progress (5): 5.0/6.3 MB | 2.5/12 MB | 1.6/2.6 MB | 164/229 kB | 0.6/1.9 MB
2026.07.28 10:55:31 INFO  Progress (5): 5.0/6.3 MB | 2.5/12 MB | 1.6/2.6 MB | 164/229 kB | 0.6/1.9 MB
2026.07.28 10:55:31 INFO  Progress (5): 5.0/6.3 MB | 2.5/12 MB | 1.6/2.6 MB | 164/229 kB | 0.6/1.9 MB
2026.07.28 10:55:31 INFO  Progress (5): 5.0/6.3 MB | 2.5/12 MB | 1.6/2.6 MB | 164/229 kB | 0.6/1.9 MB
2026.07.28 10:55:31 INFO  Progress (5): 5.0/6.3 MB | 2.5/12 MB | 1.6/2.6 MB | 164/229 kB | 0.6/1.9 MB
2026.07.28 10:55:31 INFO  Progress (5): 5.0/6.3 MB | 2.5/12 MB | 1.6/2.6 MB | 180/229 kB | 0.6/1.9 MB
2026.07.28 10:55:31 INFO  Progress (5): 5.1/6.3 MB | 2.5/12 MB | 1.6/2.6 MB | 180/229 kB | 0.6/1.9 MB
2026.07.28 10:55:31 INFO  Progress (5): 5.1/6.3 MB | 2.5/12 MB | 1.6/2.6 MB | 180/229 kB | 0.6/1.9 MB
2026.07.28 10:55:31 INFO  Progress (5): 5.1/6.3 MB | 2.5/12 MB | 1.6/2.6 MB | 180/229 kB | 0.6/1.9 MB
2026.07.28 10:55:31 INFO  Progress (5): 5.1/6.3 MB | 2.5/12 MB | 1.6/2.6 MB | 180/229 kB | 0.6/1.9 MB
2026.07.28 10:55:31 INFO  Progress (5): 5.1/6.3 MB | 2.5/12 MB | 1.6/2.6 MB | 197/229 kB | 0.6/1.9 MB
2026.07.28 10:55:31 INFO  Progress (5): 5.1/6.3 MB | 2.5/12 MB | 1.6/2.6 MB | 197/229 kB | 0.6/1.9 MB
2026.07.28 10:55:31 INFO  Progress (5): 5.1/6.3 MB | 2.5/12 MB | 1.6/2.6 MB | 197/229 kB | 0.6/1.9 MB
2026.07.28 10:55:31 INFO  Progress (5): 5.1/6.3 MB | 2.5/12 MB | 1.6/2.6 MB | 213/229 kB | 0.6/1.9 MB
2026.07.28 10:55:31 INFO  Progress (5): 5.1/6.3 MB | 2.5/12 MB | 1.6/2.6 MB | 213/229 kB | 0.6/1.9 MB
2026.07.28 10:55:31 INFO  Progress (5): 5.1/6.3 MB | 2.5/12 MB | 1.6/2.6 MB | 213/229 kB | 0.6/1.9 MB
2026.07.28 10:55:31 INFO  Progress (5): 5.1/6.3 MB | 2.5/12 MB | 1.6/2.6 MB | 213/229 kB | 0.6/1.9 MB
2026.07.28 10:55:31 INFO  Progress (5): 5.1/6.3 MB | 2.5/12 MB | 1.6/2.6 MB | 213/229 kB | 0.6/1.9 MB
2026.07.28 10:55:31 INFO  Progress (5): 5.1/6.3 MB | 2.5/12 MB | 1.6/2.6 MB | 213/229 kB | 0.6/1.9 MB
2026.07.28 10:55:31 INFO  Progress (5): 5.1/6.3 MB | 2.5/12 MB | 1.6/2.6 MB | 213/229 kB | 0.6/1.9 MB
2026.07.28 10:55:31 INFO  Progress (5): 5.1/6.3 MB | 2.5/12 MB | 1.6/2.6 MB | 213/229 kB | 0.6/1.9 MB
2026.07.28 10:55:31 INFO  Progress (5): 5.1/6.3 MB | 2.5/12 MB | 1.6/2.6 MB | 213/229 kB | 0.6/1.9 MB
2026.07.28 10:55:31 INFO  Progress (5): 5.1/6.3 MB | 2.5/12 MB | 1.6/2.6 MB | 213/229 kB | 0.6/1.9 MB
2026.07.28 10:55:31 INFO  Progress (5): 5.1/6.3 MB | 2.6/12 MB | 1.6/2.6 MB | 213/229 kB | 0.6/1.9 MB
2026.07.28 10:55:31 INFO  Progress (5): 5.1/6.3 MB | 2.6/12 MB | 1.6/2.6 MB | 213/229 kB | 0.6/1.9 MB
2026.07.28 10:55:31 INFO  Progress (5): 5.1/6.3 MB | 2.6/12 MB | 1.6/2.6 MB | 213/229 kB | 0.6/1.9 MB
2026.07.28 10:55:31 INFO  Progress (5): 5.1/6.3 MB | 2.6/12 MB | 1.6/2.6 MB | 213/229 kB | 0.6/1.9 MB
2026.07.28 10:55:31 INFO  Progress (5): 5.2/6.3 MB | 2.6/12 MB | 1.6/2.6 MB | 213/229 kB | 0.6/1.9 MB
2026.07.28 10:55:31 INFO  Progress (5): 5.2/6.3 MB | 2.6/12 MB | 1.6/2.6 MB | 213/229 kB | 0.6/1.9 MB
2026.07.28 10:55:31 INFO  Progress (5): 5.2/6.3 MB | 2.6/12 MB | 1.6/2.6 MB | 213/229 kB | 0.6/1.9 MB
2026.07.28 10:55:31 INFO  Progress (5): 5.2/6.3 MB | 2.6/12 MB | 1.6/2.6 MB | 213/229 kB | 0.6/1.9 MB
2026.07.28 10:55:31 INFO  Progress (5): 5.2/6.3 MB | 2.6/12 MB | 1.7/2.6 MB | 213/229 kB | 0.6/1.9 MB
2026.07.28 10:55:31 INFO  Progress (5): 5.2/6.3 MB | 2.6/12 MB | 1.7/2.6 MB | 213/229 kB | 0.6/1.9 MB
2026.07.28 10:55:31 INFO  Progress (5): 5.2/6.3 MB | 2.6/12 MB | 1.7/2.6 MB | 229 kB | 0.6/1.9 MB    
2026.07.28 10:55:31 INFO                                                                         
2026.07.28 10:55:31 INFO  Downloaded from central: https://repo.maven.apache.org/maven2/com/swoval/file-tree-views/2.1.9/file-tree-views-2.1.9.jar (229 kB at 94 kB/s)
2026.07.28 10:55:31 INFO  Downloading from central: https://repo.maven.apache.org/maven2/net/java/dev/jna/jna-platform/5.12.0/jna-platform-5.12.0.jar
2026.07.28 10:55:31 INFO  Progress (4): 5.2/6.3 MB | 2.6/12 MB | 1.7/2.6 MB | 0.7/1.9 MB
2026.07.28 10:55:31 INFO  Progress (4): 5.2/6.3 MB | 2.6/12 MB | 1.7/2.6 MB | 0.7/1.9 MB
2026.07.28 10:55:31 INFO  Progress (4): 5.2/6.3 MB | 2.6/12 MB | 1.7/2.6 MB | 0.7/1.9 MB
2026.07.28 10:55:31 INFO  Progress (4): 5.2/6.3 MB | 2.6/12 MB | 1.7/2.6 MB | 0.7/1.9 MB
2026.07.28 10:55:31 INFO  Progress (4): 5.2/6.3 MB | 2.6/12 MB | 1.7/2.6 MB | 0.7/1.9 MB
2026.07.28 10:55:31 INFO  Progress (4): 5.2/6.3 MB | 2.6/12 MB | 1.7/2.6 MB | 0.7/1.9 MB
2026.07.28 10:55:31 INFO  Progress (4): 5.2/6.3 MB | 2.6/12 MB | 1.7/2.6 MB | 0.7/1.9 MB
2026.07.28 10:55:31 INFO  Progress (4): 5.2/6.3 MB | 2.6/12 MB | 1.7/2.6 MB | 0.7/1.9 MB
2026.07.28 10:55:31 INFO  Progress (4): 5.2/6.3 MB | 2.7/12 MB | 1.7/2.6 MB | 0.7/1.9 MB
2026.07.28 10:55:32 INFO  Progress (4): 5.2/6.3 MB | 2.7/12 MB | 1.7/2.6 MB | 0.7/1.9 MB
2026.07.28 10:55:32 INFO  Progress (4): 5.2/6.3 MB | 2.7/12 MB | 1.7/2.6 MB | 0.7/1.9 MB
2026.07.28 10:55:32 INFO  Progress (4): 5.2/6.3 MB | 2.7/12 MB | 1.7/2.6 MB | 0.7/1.9 MB
2026.07.28 10:55:32 INFO  Progress (5): 5.2/6.3 MB | 2.7/12 MB | 1.7/2.6 MB | 0.7/1.9 MB | 0/1.4 MB
2026.07.28 10:55:32 INFO  Progress (5): 5.2/6.3 MB | 2.7/12 MB | 1.7/2.6 MB | 0.7/1.9 MB | 0/1.4 MB
2026.07.28 10:55:32 INFO  Progress (5): 5.2/6.3 MB | 2.7/12 MB | 1.7/2.6 MB | 0.7/1.9 MB | 0/1.4 MB
2026.07.28 10:55:32 INFO  Progress (5): 5.2/6.3 MB | 2.7/12 MB | 1.7/2.6 MB | 0.7/1.9 MB | 0/1.4 MB
2026.07.28 10:55:32 INFO  Progress (5): 5.2/6.3 MB | 2.7/12 MB | 1.7/2.6 MB | 0.7/1.9 MB | 0.1/1.4 MB
2026.07.28 10:55:32 INFO  Progress (5): 5.2/6.3 MB | 2.7/12 MB | 1.7/2.6 MB | 0.7/1.9 MB | 0.1/1.4 MB
2026.07.28 10:55:32 INFO  Progress (5): 5.2/6.3 MB | 2.7/12 MB | 1.7/2.6 MB | 0.7/1.9 MB | 0.1/1.4 MB
2026.07.28 10:55:32 INFO  Progress (5): 5.2/6.3 MB | 2.7/12 MB | 1.7/2.6 MB | 0.7/1.9 MB | 0.1/1.4 MB
2026.07.28 10:55:32 INFO  Progress (5): 5.2/6.3 MB | 2.7/12 MB | 1.7/2.6 MB | 0.7/1.9 MB | 0.1/1.4 MB
2026.07.28 10:55:32 INFO  Progress (5): 5.2/6.3 MB | 2.7/12 MB | 1.7/2.6 MB | 0.7/1.9 MB | 0.1/1.4 MB
2026.07.28 10:55:32 INFO  Progress (5): 5.2/6.3 MB | 2.7/12 MB | 1.7/2.6 MB | 0.7/1.9 MB | 0.1/1.4 MB
2026.07.28 10:55:32 INFO  Progress (5): 5.2/6.3 MB | 2.7/12 MB | 1.7/2.6 MB | 0.7/1.9 MB | 0.1/1.4 MB
2026.07.28 10:55:32 INFO  Progress (5): 5.2/6.3 MB | 2.7/12 MB | 1.7/2.6 MB | 0.7/1.9 MB | 0.1/1.4 MB
2026.07.28 10:55:32 INFO  Progress (5): 5.3/6.3 MB | 2.7/12 MB | 1.7/2.6 MB | 0.7/1.9 MB | 0.1/1.4 MB
2026.07.28 10:55:32 INFO  Progress (5): 5.3/6.3 MB | 2.7/12 MB | 1.7/2.6 MB | 0.7/1.9 MB | 0.2/1.4 MB
2026.07.28 10:55:32 INFO  Progress (5): 5.3/6.3 MB | 2.7/12 MB | 1.7/2.6 MB | 0.7/1.9 MB | 0.2/1.4 MB
2026.07.28 10:55:32 INFO  Progress (5): 5.3/6.3 MB | 2.7/12 MB | 1.7/2.6 MB | 0.7/1.9 MB | 0.2/1.4 MB
2026.07.28 10:55:32 INFO  Progress (5): 5.3/6.3 MB | 2.7/12 MB | 1.7/2.6 MB | 0.7/1.9 MB | 0.2/1.4 MB
2026.07.28 10:55:32 INFO  Progress (5): 5.3/6.3 MB | 2.7/12 MB | 1.7/2.6 MB | 0.7/1.9 MB | 0.2/1.4 MB
2026.07.28 10:55:32 INFO  Progress (5): 5.3/6.3 MB | 2.7/12 MB | 1.7/2.6 MB | 0.7/1.9 MB | 0.2/1.4 MB
2026.07.28 10:55:32 INFO  Progress (5): 5.3/6.3 MB | 2.7/12 MB | 1.7/2.6 MB | 0.7/1.9 MB | 0.2/1.4 MB
2026.07.28 10:55:32 INFO  Progress (5): 5.3/6.3 MB | 2.7/12 MB | 1.7/2.6 MB | 0.7/1.9 MB | 0.2/1.4 MB
2026.07.28 10:55:32 INFO  Progress (5): 5.3/6.3 MB | 2.7/12 MB | 1.7/2.6 MB | 0.7/1.9 MB | 0.2/1.4 MB
2026.07.28 10:55:32 INFO  Progress (5): 5.3/6.3 MB | 2.7/12 MB | 1.8/2.6 MB | 0.7/1.9 MB | 0.2/1.4 MB
2026.07.28 10:55:32 INFO  Progress (5): 5.3/6.3 MB | 2.7/12 MB | 1.8/2.6 MB | 0.7/1.9 MB | 0.2/1.4 MB
2026.07.28 10:55:32 INFO  Progress (5): 5.3/6.3 MB | 2.7/12 MB | 1.8/2.6 MB | 0.7/1.9 MB | 0.2/1.4 MB
2026.07.28 10:55:32 INFO  Progress (5): 5.3/6.3 MB | 2.7/12 MB | 1.8/2.6 MB | 0.7/1.9 MB | 0.2/1.4 MB
2026.07.28 10:55:32 INFO  Progress (5): 5.3/6.3 MB | 2.7/12 MB | 1.8/2.6 MB | 0.7/1.9 MB | 0.2/1.4 MB
2026.07.28 10:55:32 INFO  Progress (5): 5.3/6.3 MB | 2.7/12 MB | 1.8/2.6 MB | 0.7/1.9 MB | 0.2/1.4 MB
2026.07.28 10:55:32 INFO  Progress (5): 5.3/6.3 MB | 2.7/12 MB | 1.8/2.6 MB | 0.7/1.9 MB | 0.2/1.4 MB
2026.07.28 10:55:32 INFO  Progress (5): 5.3/6.3 MB | 2.7/12 MB | 1.8/2.6 MB | 0.7/1.9 MB | 0.2/1.4 MB
2026.07.28 10:55:32 INFO  Progress (5): 5.3/6.3 MB | 2.7/12 MB | 1.8/2.6 MB | 0.7/1.9 MB | 0.2/1.4 MB
2026.07.28 10:55:32 INFO  Progress (5): 5.4/6.3 MB | 2.7/12 MB | 1.8/2.6 MB | 0.7/1.9 MB | 0.2/1.4 MB
2026.07.28 10:55:32 INFO  Progress (5): 5.4/6.3 MB | 2.7/12 MB | 1.8/2.6 MB | 0.7/1.9 MB | 0.2/1.4 MB
2026.07.28 10:55:32 INFO  Progress (5): 5.4/6.3 MB | 2.7/12 MB | 1.8/2.6 MB | 0.7/1.9 MB | 0.2/1.4 MB
2026.07.28 10:55:32 INFO  Progress (5): 5.4/6.3 MB | 2.7/12 MB | 1.9/2.6 MB | 0.7/1.9 MB | 0.2/1.4 MB
2026.07.28 10:55:32 INFO  Progress (5): 5.4/6.3 MB | 2.7/12 MB | 1.9/2.6 MB | 0.7/1.9 MB | 0.2/1.4 MB
2026.07.28 10:55:32 INFO  Progress (5): 5.4/6.3 MB | 2.7/12 MB | 1.9/2.6 MB | 0.7/1.9 MB | 0.2/1.4 MB
2026.07.28 10:55:32 INFO  Progress (5): 5.4/6.3 MB | 2.7/12 MB | 1.9/2.6 MB | 0.7/1.9 MB | 0.2/1.4 MB
2026.07.28 10:55:32 INFO  Progress (5): 5.4/6.3 MB | 2.7/12 MB | 1.9/2.6 MB | 0.7/1.9 MB | 0.2/1.4 MB
2026.07.28 10:55:32 INFO  Progress (5): 5.4/6.3 MB | 2.7/12 MB | 1.9/2.6 MB | 0.7/1.9 MB | 0.2/1.4 MB
2026.07.28 10:55:32 INFO  Progress (5): 5.4/6.3 MB | 2.7/12 MB | 1.9/2.6 MB | 0.7/1.9 MB | 0.2/1.4 MB
2026.07.28 10:55:32 INFO  Progress (5): 5.4/6.3 MB | 2.7/12 MB | 1.9/2.6 MB | 0.7/1.9 MB | 0.2/1.4 MB
2026.07.28 10:55:32 INFO  Progress (5): 5.4/6.3 MB | 2.7/12 MB | 1.9/2.6 MB | 0.7/1.9 MB | 0.2/1.4 MB
2026.07.28 10:55:32 INFO  Progress (5): 5.5/6.3 MB | 2.7/12 MB | 1.9/2.6 MB | 0.7/1.9 MB | 0.2/1.4 MB
2026.07.28 10:55:32 INFO  Progress (5): 5.5/6.3 MB | 2.7/12 MB | 1.9/2.6 MB | 0.7/1.9 MB | 0.2/1.4 MB
2026.07.28 10:55:32 INFO  Progress (5): 5.5/6.3 MB | 2.7/12 MB | 1.9/2.6 MB | 0.7/1.9 MB | 0.2/1.4 MB
2026.07.28 10:55:32 INFO  Progress (5): 5.5/6.3 MB | 2.7/12 MB | 2.0/2.6 MB | 0.7/1.9 MB | 0.2/1.4 MB
2026.07.28 10:55:32 INFO  Progress (5): 5.5/6.3 MB | 2.7/12 MB | 2.0/2.6 MB | 0.7/1.9 MB | 0.2/1.4 MB
2026.07.28 10:55:32 INFO  Progress (5): 5.5/6.3 MB | 2.7/12 MB | 2.0/2.6 MB | 0.7/1.9 MB | 0.2/1.4 MB
2026.07.28 10:55:32 INFO  Progress (5): 5.5/6.3 MB | 2.7/12 MB | 2.0/2.6 MB | 0.7/1.9 MB | 0.2/1.4 MB
2026.07.28 10:55:32 INFO  Progress (5): 5.5/6.3 MB | 2.7/12 MB | 2.0/2.6 MB | 0.7/1.9 MB | 0.2/1.4 MB
2026.07.28 10:55:32 INFO  Progress (5): 5.5/6.3 MB | 2.7/12 MB | 2.0/2.6 MB | 0.7/1.9 MB | 0.2/1.4 MB
2026.07.28 10:55:32 INFO  Progress (5): 5.5/6.3 MB | 2.7/12 MB | 2.0/2.6 MB | 0.7/1.9 MB | 0.2/1.4 MB
2026.07.28 10:55:32 INFO  Progress (5): 5.5/6.3 MB | 2.7/12 MB | 2.0/2.6 MB | 0.7/1.9 MB | 0.2/1.4 MB
2026.07.28 10:55:32 INFO  Progress (5): 5.5/6.3 MB | 2.7/12 MB | 2.0/2.6 MB | 0.7/1.9 MB | 0.2/1.4 MB
2026.07.28 10:55:32 INFO  Progress (5): 5.6/6.3 MB | 2.7/12 MB | 2.0/2.6 MB | 0.7/1.9 MB | 0.2/1.4 MB
2026.07.28 10:55:32 INFO  Progress (5): 5.6/6.3 MB | 2.7/12 MB | 2.0/2.6 MB | 0.7/1.9 MB | 0.2/1.4 MB
2026.07.28 10:55:32 INFO  Progress (5): 5.6/6.3 MB | 2.7/12 MB | 2.0/2.6 MB | 0.7/1.9 MB | 0.2/1.4 MB
2026.07.28 10:55:32 INFO  Progress (5): 5.6/6.3 MB | 2.7/12 MB | 2.0/2.6 MB | 0.7/1.9 MB | 0.2/1.4 MB
2026.07.28 10:55:32 INFO  Progress (5): 5.6/6.3 MB | 2.7/12 MB | 2.0/2.6 MB | 0.7/1.9 MB | 0.2/1.4 MB
2026.07.28 10:55:32 INFO  Progress (5): 5.6/6.3 MB | 2.7/12 MB | 2.0/2.6 MB | 0.7/1.9 MB | 0.2/1.4 MB
2026.07.28 10:55:32 INFO  Progress (5): 5.7/6.3 MB | 2.7/12 MB | 2.0/2.6 MB | 0.7/1.9 MB | 0.2/1.4 MB
2026.07.28 10:55:32 INFO  Progress (5): 5.7/6.3 MB | 2.7/12 MB | 2.0/2.6 MB | 0.7/1.9 MB | 0.2/1.4 MB
2026.07.28 10:55:32 INFO  Progress (5): 5.7/6.3 MB | 2.7/12 MB | 2.0/2.6 MB | 0.7/1.9 MB | 0.2/1.4 MB
2026.07.28 10:55:32 INFO  Progress (5): 5.7/6.3 MB | 2.7/12 MB | 2.0/2.6 MB | 0.7/1.9 MB | 0.2/1.4 MB
2026.07.28 10:55:32 INFO  Progress (5): 5.7/6.3 MB | 2.7/12 MB | 2.0/2.6 MB | 0.7/1.9 MB | 0.2/1.4 MB
2026.07.28 10:55:32 INFO  Progress (5): 5.7/6.3 MB | 2.7/12 MB | 2.0/2.6 MB | 0.7/1.9 MB | 0.2/1.4 MB
2026.07.28 10:55:32 INFO  Progress (5): 5.7/6.3 MB | 2.7/12 MB | 2.0/2.6 MB | 0.7/1.9 MB | 0.2/1.4 MB
2026.07.28 10:55:32 INFO  Progress (5): 5.7/6.3 MB | 2.7/12 MB | 2.0/2.6 MB | 0.7/1.9 MB | 0.2/1.4 MB
2026.07.28 10:55:32 INFO  Progress (5): 5.7/6.3 MB | 2.7/12 MB | 2.0/2.6 MB | 0.7/1.9 MB | 0.2/1.4 MB
2026.07.28 10:55:32 INFO  Progress (5): 5.8/6.3 MB | 2.7/12 MB | 2.0/2.6 MB | 0.7/1.9 MB | 0.2/1.4 MB
2026.07.28 10:55:32 INFO  Progress (5): 5.8/6.3 MB | 2.7/12 MB | 2.0/2.6 MB | 0.7/1.9 MB | 0.2/1.4 MB
2026.07.28 10:55:32 INFO  Progress (5): 5.8/6.3 MB | 2.7/12 MB | 2.0/2.6 MB | 0.7/1.9 MB | 0.2/1.4 MB
2026.07.28 10:55:32 INFO  Progress (5): 5.8/6.3 MB | 2.7/12 MB | 2.0/2.6 MB | 0.8/1.9 MB | 0.2/1.4 MB
2026.07.28 10:55:32 INFO  Progress (5): 5.8/6.3 MB | 2.7/12 MB | 2.0/2.6 MB | 0.8/1.9 MB | 0.2/1.4 MB
2026.07.28 10:55:32 INFO  Progress (5): 5.8/6.3 MB | 2.7/12 MB | 2.0/2.6 MB | 0.8/1.9 MB | 0.2/1.4 MB
2026.07.28 10:55:32 INFO  Progress (5): 5.8/6.3 MB | 2.7/12 MB | 2.0/2.6 MB | 0.8/1.9 MB | 0.2/1.4 MB
2026.07.28 10:55:32 INFO  Progress (5): 5.8/6.3 MB | 2.7/12 MB | 2.0/2.6 MB | 0.8/1.9 MB | 0.2/1.4 MB
2026.07.28 10:55:32 INFO  Progress (5): 5.8/6.3 MB | 2.7/12 MB | 2.0/2.6 MB | 0.8/1.9 MB | 0.2/1.4 MB
2026.07.28 10:55:32 INFO  Progress (5): 5.8/6.3 MB | 2.7/12 MB | 2.0/2.6 MB | 0.8/1.9 MB | 0.2/1.4 MB
2026.07.28 10:55:32 INFO  Progress (5): 5.8/6.3 MB | 2.7/12 MB | 2.0/2.6 MB | 0.8/1.9 MB | 0.2/1.4 MB
2026.07.28 10:55:32 INFO  Progress (5): 5.9/6.3 MB | 2.7/12 MB | 2.0/2.6 MB | 0.8/1.9 MB | 0.2/1.4 MB
2026.07.28 10:55:32 INFO  Progress (5): 5.9/6.3 MB | 2.7/12 MB | 2.0/2.6 MB | 0.8/1.9 MB | 0.2/1.4 MB
2026.07.28 10:55:32 INFO  Progress (5): 5.9/6.3 MB | 2.7/12 MB | 2.0/2.6 MB | 0.8/1.9 MB | 0.2/1.4 MB
2026.07.28 10:55:32 INFO  Progress (5): 5.9/6.3 MB | 2.7/12 MB | 2.0/2.6 MB | 0.8/1.9 MB | 0.2/1.4 MB
2026.07.28 10:55:32 INFO  Progress (5): 5.9/6.3 MB | 2.7/12 MB | 2.0/2.6 MB | 0.8/1.9 MB | 0.2/1.4 MB
2026.07.28 10:55:32 INFO  Progress (5): 5.9/6.3 MB | 2.7/12 MB | 2.0/2.6 MB | 0.8/1.9 MB | 0.2/1.4 MB
2026.07.28 10:55:32 INFO  Progress (5): 6.0/6.3 MB | 2.7/12 MB | 2.0/2.6 MB | 0.8/1.9 MB | 0.2/1.4 MB
2026.07.28 10:55:32 INFO  Progress (5): 6.0/6.3 MB | 2.7/12 MB | 2.0/2.6 MB | 0.8/1.9 MB | 0.2/1.4 MB
2026.07.28 10:55:32 INFO  Progress (5): 6.0/6.3 MB | 2.7/12 MB | 2.0/2.6 MB | 0.8/1.9 MB | 0.2/1.4 MB
2026.07.28 10:55:32 INFO  Progress (5): 6.0/6.3 MB | 2.7/12 MB | 2.0/2.6 MB | 0.8/1.9 MB | 0.2/1.4 MB
2026.07.28 10:55:32 INFO  Progress (5): 6.0/6.3 MB | 2.7/12 MB | 2.0/2.6 MB | 0.8/1.9 MB | 0.2/1.4 MB
2026.07.28 10:55:32 INFO  Progress (5): 6.0/6.3 MB | 2.7/12 MB | 2.0/2.6 MB | 0.8/1.9 MB | 0.2/1.4 MB
2026.07.28 10:55:32 INFO  Progress (5): 6.1/6.3 MB | 2.7/12 MB | 2.0/2.6 MB | 0.8/1.9 MB | 0.2/1.4 MB
2026.07.28 10:55:32 INFO  Progress (5): 6.1/6.3 MB | 2.7/12 MB | 2.0/2.6 MB | 0.8/1.9 MB | 0.2/1.4 MB
2026.07.28 10:55:32 INFO  Progress (5): 6.1/6.3 MB | 2.7/12 MB | 2.0/2.6 MB | 0.8/1.9 MB | 0.2/1.4 MB
2026.07.28 10:55:32 INFO  Progress (5): 6.1/6.3 MB | 2.7/12 MB | 2.0/2.6 MB | 0.8/1.9 MB | 0.3/1.4 MB
2026.07.28 10:55:32 INFO  Progress (5): 6.1/6.3 MB | 2.7/12 MB | 2.0/2.6 MB | 0.8/1.9 MB | 0.3/1.4 MB
2026.07.28 10:55:32 INFO  Progress (5): 6.1/6.3 MB | 2.7/12 MB | 2.0/2.6 MB | 0.8/1.9 MB | 0.3/1.4 MB
2026.07.28 10:55:32 INFO  Progress (5): 6.1/6.3 MB | 2.7/12 MB | 2.0/2.6 MB | 0.8/1.9 MB | 0.3/1.4 MB
2026.07.28 10:55:32 INFO  Progress (5): 6.1/6.3 MB | 2.7/12 MB | 2.0/2.6 MB | 0.8/1.9 MB | 0.3/1.4 MB
2026.07.28 10:55:32 INFO  Progress (5): 6.1/6.3 MB | 2.7/12 MB | 2.0/2.6 MB | 0.8/1.9 MB | 0.3/1.4 MB
2026.07.28 10:55:32 INFO  Progress (5): 6.1/6.3 MB | 2.7/12 MB | 2.0/2.6 MB | 0.8/1.9 MB | 0.4/1.4 MB
2026.07.28 10:55:32 INFO  Progress (5): 6.1/6.3 MB | 2.7/12 MB | 2.0/2.6 MB | 0.8/1.9 MB | 0.4/1.4 MB
2026.07.28 10:55:32 INFO  Progress (5): 6.1/6.3 MB | 2.8/12 MB | 2.0/2.6 MB | 0.8/1.9 MB | 0.4/1.4 MB
2026.07.28 10:55:32 INFO  Progress (5): 6.1/6.3 MB | 2.8/12 MB | 2.0/2.6 MB | 0.8/1.9 MB | 0.4/1.4 MB
2026.07.28 10:55:32 INFO  Progress (5): 6.1/6.3 MB | 2.8/12 MB | 2.0/2.6 MB | 0.8/1.9 MB | 0.4/1.4 MB
2026.07.28 10:55:32 INFO  Progress (5): 6.1/6.3 MB | 2.8/12 MB | 2.0/2.6 MB | 0.8/1.9 MB | 0.4/1.4 MB
2026.07.28 10:55:32 INFO  Progress (5): 6.1/6.3 MB | 2.8/12 MB | 2.0/2.6 MB | 0.8/1.9 MB | 0.4/1.4 MB
2026.07.28 10:55:32 INFO  Progress (5): 6.1/6.3 MB | 2.8/12 MB | 2.0/2.6 MB | 0.8/1.9 MB | 0.4/1.4 MB
2026.07.28 10:55:32 INFO  Progress (5): 6.1/6.3 MB | 2.8/12 MB | 2.0/2.6 MB | 0.8/1.9 MB | 0.4/1.4 MB
2026.07.28 10:55:32 INFO  Progress (5): 6.1/6.3 MB | 2.9/12 MB | 2.0/2.6 MB | 0.8/1.9 MB | 0.4/1.4 MB
2026.07.28 10:55:32 INFO  Progress (5): 6.1/6.3 MB | 2.9/12 MB | 2.0/2.6 MB | 0.8/1.9 MB | 0.4/1.4 MB
2026.07.28 10:55:32 INFO  Progress (5): 6.1/6.3 MB | 2.9/12 MB | 2.0/2.6 MB | 0.8/1.9 MB | 0.4/1.4 MB
2026.07.28 10:55:32 INFO  Progress (5): 6.1/6.3 MB | 2.9/12 MB | 2.0/2.6 MB | 0.8/1.9 MB | 0.4/1.4 MB
2026.07.28 10:55:32 INFO  Progress (5): 6.1/6.3 MB | 2.9/12 MB | 2.0/2.6 MB | 0.8/1.9 MB | 0.4/1.4 MB
2026.07.28 10:55:32 INFO  Progress (5): 6.1/6.3 MB | 2.9/12 MB | 2.0/2.6 MB | 0.8/1.9 MB | 0.4/1.4 MB
2026.07.28 10:55:32 INFO  Progress (5): 6.1/6.3 MB | 2.9/12 MB | 2.0/2.6 MB | 0.8/1.9 MB | 0.4/1.4 MB
2026.07.28 10:55:32 INFO  Progress (5): 6.1/6.3 MB | 3.0/12 MB | 2.0/2.6 MB | 0.8/1.9 MB | 0.4/1.4 MB
2026.07.28 10:55:32 INFO  Progress (5): 6.1/6.3 MB | 3.0/12 MB | 2.0/2.6 MB | 0.8/1.9 MB | 0.4/1.4 MB
2026.07.28 10:55:32 INFO  Progress (5): 6.1/6.3 MB | 3.0/12 MB | 2.0/2.6 MB | 0.8/1.9 MB | 0.4/1.4 MB
2026.07.28 10:55:32 INFO  Progress (5): 6.1/6.3 MB | 3.0/12 MB | 2.0/2.6 MB | 0.8/1.9 MB | 0.4/1.4 MB
2026.07.28 10:55:32 INFO  Progress (5): 6.1/6.3 MB | 3.0/12 MB | 2.0/2.6 MB | 0.8/1.9 MB | 0.4/1.4 MB
2026.07.28 10:55:32 INFO  Progress (5): 6.1/6.3 MB | 3.0/12 MB | 2.0/2.6 MB | 0.9/1.9 MB | 0.4/1.4 MB
2026.07.28 10:55:32 INFO  Progress (5): 6.1/6.3 MB | 3.0/12 MB | 2.0/2.6 MB | 0.9/1.9 MB | 0.4/1.4 MB
2026.07.28 10:55:32 INFO  Progress (5): 6.1/6.3 MB | 3.0/12 MB | 2.0/2.6 MB | 0.9/1.9 MB | 0.4/1.4 MB
2026.07.28 10:55:32 INFO  Progress (5): 6.1/6.3 MB | 3.0/12 MB | 2.0/2.6 MB | 0.9/1.9 MB | 0.4/1.4 MB
2026.07.28 10:55:32 INFO  Progress (5): 6.1/6.3 MB | 3.0/12 MB | 2.0/2.6 MB | 0.9/1.9 MB | 0.4/1.4 MB
2026.07.28 10:55:32 INFO  Progress (5): 6.1/6.3 MB | 3.0/12 MB | 2.0/2.6 MB | 0.9/1.9 MB | 0.4/1.4 MB
2026.07.28 10:55:32 INFO  Progress (5): 6.1/6.3 MB | 3.0/12 MB | 2.0/2.6 MB | 1.0/1.9 MB | 0.4/1.4 MB
2026.07.28 10:55:32 INFO  Progress (5): 6.1/6.3 MB | 3.0/12 MB | 2.0/2.6 MB | 1.0/1.9 MB | 0.4/1.4 MB
2026.07.28 10:55:32 INFO  Progress (5): 6.1/6.3 MB | 3.0/12 MB | 2.0/2.6 MB | 1.0/1.9 MB | 0.4/1.4 MB
2026.07.28 10:55:32 INFO  Progress (5): 6.1/6.3 MB | 3.0/12 MB | 2.0/2.6 MB | 1.0/1.9 MB | 0.4/1.4 MB
2026.07.28 10:55:32 INFO  Progress (5): 6.1/6.3 MB | 3.0/12 MB | 2.0/2.6 MB | 1.0/1.9 MB | 0.4/1.4 MB
2026.07.28 10:55:32 INFO  Progress (5): 6.1/6.3 MB | 3.0/12 MB | 2.0/2.6 MB | 1.0/1.9 MB | 0.4/1.4 MB
2026.07.28 10:55:32 INFO  Progress (5): 6.1/6.3 MB | 3.0/12 MB | 2.0/2.6 MB | 1.1/1.9 MB | 0.4/1.4 MB
2026.07.28 10:55:32 INFO  Progress (5): 6.1/6.3 MB | 3.0/12 MB | 2.0/2.6 MB | 1.1/1.9 MB | 0.4/1.4 MB
2026.07.28 10:55:32 INFO  Progress (5): 6.1/6.3 MB | 3.0/12 MB | 2.0/2.6 MB | 1.1/1.9 MB | 0.4/1.4 MB
2026.07.28 10:55:32 INFO  Progress (5): 6.1/6.3 MB | 3.0/12 MB | 2.0/2.6 MB | 1.1/1.9 MB | 0.4/1.4 MB
2026.07.28 10:55:32 INFO  Progress (5): 6.1/6.3 MB | 3.0/12 MB | 2.0/2.6 MB | 1.1/1.9 MB | 0.4/1.4 MB
2026.07.28 10:55:32 INFO  Progress (5): 6.1/6.3 MB | 3.0/12 MB | 2.0/2.6 MB | 1.1/1.9 MB | 0.4/1.4 MB
2026.07.28 10:55:32 INFO  Progress (5): 6.1/6.3 MB | 3.0/12 MB | 2.0/2.6 MB | 1.2/1.9 MB | 0.4/1.4 MB
2026.07.28 10:55:32 INFO  Progress (5): 6.1/6.3 MB | 3.0/12 MB | 2.0/2.6 MB | 1.2/1.9 MB | 0.4/1.4 MB
2026.07.28 10:55:32 INFO  Progress (5): 6.1/6.3 MB | 3.0/12 MB | 2.0/2.6 MB | 1.2/1.9 MB | 0.4/1.4 MB
2026.07.28 10:55:32 INFO  Progress (5): 6.1/6.3 MB | 3.0/12 MB | 2.0/2.6 MB | 1.2/1.9 MB | 0.4/1.4 MB
2026.07.28 10:55:32 INFO  Progress (5): 6.1/6.3 MB | 3.0/12 MB | 2.0/2.6 MB | 1.2/1.9 MB | 0.4/1.4 MB
2026.07.28 10:55:32 INFO  Progress (5): 6.1/6.3 MB | 3.0/12 MB | 2.0/2.6 MB | 1.2/1.9 MB | 0.4/1.4 MB
2026.07.28 10:55:32 INFO  Progress (5): 6.1/6.3 MB | 3.0/12 MB | 2.0/2.6 MB | 1.2/1.9 MB | 0.4/1.4 MB
2026.07.28 10:55:32 INFO  Progress (5): 6.1/6.3 MB | 3.0/12 MB | 2.0/2.6 MB | 1.2/1.9 MB | 0.4/1.4 MB
2026.07.28 10:55:32 INFO  Progress (5): 6.1/6.3 MB | 3.0/12 MB | 2.0/2.6 MB | 1.2/1.9 MB | 0.4/1.4 MB
2026.07.28 10:55:32 INFO  Progress (5): 6.1/6.3 MB | 3.0/12 MB | 2.0/2.6 MB | 1.2/1.9 MB | 0.4/1.4 MB
2026.07.28 10:55:32 INFO  Progress (5): 6.2/6.3 MB | 3.0/12 MB | 2.0/2.6 MB | 1.2/1.9 MB | 0.4/1.4 MB
2026.07.28 10:55:32 INFO  Progress (5): 6.2/6.3 MB | 3.0/12 MB | 2.0/2.6 MB | 1.2/1.9 MB | 0.4/1.4 MB
2026.07.28 10:55:32 INFO  Progress (5): 6.2/6.3 MB | 3.0/12 MB | 2.0/2.6 MB | 1.2/1.9 MB | 0.4/1.4 MB
2026.07.28 10:55:32 INFO  Progress (5): 6.2/6.3 MB | 3.0/12 MB | 2.0/2.6 MB | 1.2/1.9 MB | 0.4/1.4 MB
2026.07.28 10:55:32 INFO  Progress (5): 6.2/6.3 MB | 3.0/12 MB | 2.0/2.6 MB | 1.2/1.9 MB | 0.4/1.4 MB
2026.07.28 10:55:32 INFO  Progress (5): 6.2/6.3 MB | 3.0/12 MB | 2.0/2.6 MB | 1.2/1.9 MB | 0.4/1.4 MB
2026.07.28 10:55:32 INFO  Progress (5): 6.3/6.3 MB | 3.0/12 MB | 2.0/2.6 MB | 1.2/1.9 MB | 0.4/1.4 MB
2026.07.28 10:55:32 INFO  Progress (5): 6.3/6.3 MB | 3.0/12 MB | 2.0/2.6 MB | 1.2/1.9 MB | 0.4/1.4 MB
2026.07.28 10:55:32 INFO  Progress (5): 6.3/6.3 MB | 3.0/12 MB | 2.0/2.6 MB | 1.2/1.9 MB | 0.4/1.4 MB
2026.07.28 10:55:32 INFO  Progress (5): 6.3/6.3 MB | 3.0/12 MB | 2.0/2.6 MB | 1.2/1.9 MB | 0.4/1.4 MB
2026.07.28 10:55:32 INFO  Progress (5): 6.3/6.3 MB | 3.0/12 MB | 2.0/2.6 MB | 1.2/1.9 MB | 0.4/1.4 MB
2026.07.28 10:55:32 INFO  Progress (5): 6.3/6.3 MB | 3.1/12 MB | 2.0/2.6 MB | 1.2/1.9 MB | 0.4/1.4 MB
2026.07.28 10:55:32 INFO  Progress (5): 6.3/6.3 MB | 3.1/12 MB | 2.0/2.6 MB | 1.2/1.9 MB | 0.4/1.4 MB
2026.07.28 10:55:32 INFO  Progress (5): 6.3/6.3 MB | 3.1/12 MB | 2.0/2.6 MB | 1.2/1.9 MB | 0.4/1.4 MB
2026.07.28 10:55:32 INFO  Progress (5): 6.3/6.3 MB | 3.1/12 MB | 2.0/2.6 MB | 1.2/1.9 MB | 0.4/1.4 MB
2026.07.28 10:55:32 INFO  Progress (5): 6.3/6.3 MB | 3.1/12 MB | 2.0/2.6 MB | 1.2/1.9 MB | 0.4/1.4 MB
2026.07.28 10:55:32 INFO  Progress (5): 6.3/6.3 MB | 3.1/12 MB | 2.0/2.6 MB | 1.2/1.9 MB | 0.4/1.4 MB
2026.07.28 10:55:32 INFO  Progress (5): 6.3/6.3 MB | 3.2/12 MB | 2.0/2.6 MB | 1.2/1.9 MB | 0.4/1.4 MB
2026.07.28 10:55:32 INFO  Progress (5): 6.3/6.3 MB | 3.2/12 MB | 2.0/2.6 MB | 1.2/1.9 MB | 0.4/1.4 MB
2026.07.28 10:55:32 INFO  Progress (5): 6.3/6.3 MB | 3.2/12 MB | 2.0/2.6 MB | 1.2/1.9 MB | 0.4/1.4 MB
2026.07.28 10:55:32 INFO  Progress (5): 6.3/6.3 MB | 3.2/12 MB | 2.0/2.6 MB | 1.2/1.9 MB | 0.4/1.4 MB
2026.07.28 10:55:32 INFO  Progress (5): 6.3/6.3 MB | 3.2/12 MB | 2.0/2.6 MB | 1.2/1.9 MB | 0.4/1.4 MB
2026.07.28 10:55:32 INFO  Progress (5): 6.3/6.3 MB | 3.2/12 MB | 2.0/2.6 MB | 1.2/1.9 MB | 0.4/1.4 MB
2026.07.28 10:55:32 INFO  Progress (5): 6.3/6.3 MB | 3.3/12 MB | 2.0/2.6 MB | 1.2/1.9 MB | 0.4/1.4 MB
2026.07.28 10:55:32 INFO  Progress (5): 6.3/6.3 MB | 3.3/12 MB | 2.0/2.6 MB | 1.2/1.9 MB | 0.4/1.4 MB
2026.07.28 10:55:32 INFO  Progress (5): 6.3/6.3 MB | 3.3/12 MB | 2.0/2.6 MB | 1.2/1.9 MB | 0.4/1.4 MB
2026.07.28 10:55:32 INFO  Progress (5): 6.3/6.3 MB | 3.3/12 MB | 2.0/2.6 MB | 1.2/1.9 MB | 0.4/1.4 MB
2026.07.28 10:55:32 INFO  Progress (5): 6.3/6.3 MB | 3.3/12 MB | 2.0/2.6 MB | 1.2/1.9 MB | 0.4/1.4 MB
2026.07.28 10:55:32 INFO  Progress (5): 6.3/6.3 MB | 3.3/12 MB | 2.0/2.6 MB | 1.2/1.9 MB | 0.4/1.4 MB
2026.07.28 10:55:32 INFO  Progress (5): 6.3/6.3 MB | 3.4/12 MB | 2.0/2.6 MB | 1.2/1.9 MB | 0.4/1.4 MB
2026.07.28 10:55:32 INFO  Progress (5): 6.3/6.3 MB | 3.4/12 MB | 2.0/2.6 MB | 1.2/1.9 MB | 0.4/1.4 MB
2026.07.28 10:55:32 INFO  Progress (5): 6.3/6.3 MB | 3.4/12 MB | 2.0/2.6 MB | 1.2/1.9 MB | 0.4/1.4 MB
2026.07.28 10:55:32 INFO  Progress (5): 6.3/6.3 MB | 3.4/12 MB | 2.0/2.6 MB | 1.2/1.9 MB | 0.4/1.4 MB
2026.07.28 10:55:32 INFO  Progress (5): 6.3/6.3 MB | 3.4/12 MB | 2.0/2.6 MB | 1.2/1.9 MB | 0.4/1.4 MB
2026.07.28 10:55:32 INFO  Progress (5): 6.3/6.3 MB | 3.4/12 MB | 2.0/2.6 MB | 1.2/1.9 MB | 0.4/1.4 MB
2026.07.28 10:55:32 INFO  Progress (5): 6.3/6.3 MB | 3.4/12 MB | 2.0/2.6 MB | 1.2/1.9 MB | 0.4/1.4 MB
2026.07.28 10:55:32 INFO  Progress (5): 6.3/6.3 MB | 3.4/12 MB | 2.0/2.6 MB | 1.3/1.9 MB | 0.4/1.4 MB
2026.07.28 10:55:32 INFO  Progress (5): 6.3/6.3 MB | 3.4/12 MB | 2.0/2.6 MB | 1.3/1.9 MB | 0.4/1.4 MB
2026.07.28 10:55:32 INFO  Progress (5): 6.3/6.3 MB | 3.4/12 MB | 2.0/2.6 MB | 1.3/1.9 MB | 0.4/1.4 MB
2026.07.28 10:55:32 INFO  Progress (5): 6.3/6.3 MB | 3.4/12 MB | 2.0/2.6 MB | 1.3/1.9 MB | 0.4/1.4 MB
2026.07.28 10:55:32 INFO  Progress (5): 6.3/6.3 MB | 3.4/12 MB | 2.0/2.6 MB | 1.3/1.9 MB | 0.4/1.4 MB
2026.07.28 10:55:32 INFO  Progress (5): 6.3/6.3 MB | 3.4/12 MB | 2.0/2.6 MB | 1.3/1.9 MB | 0.4/1.4 MB
2026.07.28 10:55:32 INFO  Progress (5): 6.3/6.3 MB | 3.4/12 MB | 2.0/2.6 MB | 1.3/1.9 MB | 0.4/1.4 MB
2026.07.28 10:55:32 INFO  Progress (5): 6.3/6.3 MB | 3.4/12 MB | 2.0/2.6 MB | 1.4/1.9 MB | 0.4/1.4 MB
2026.07.28 10:55:32 INFO  Progress (5): 6.3/6.3 MB | 3.4/12 MB | 2.0/2.6 MB | 1.4/1.9 MB | 0.4/1.4 MB
2026.07.28 10:55:32 INFO  Progress (5): 6.3/6.3 MB | 3.4/12 MB | 2.0/2.6 MB | 1.4/1.9 MB | 0.4/1.4 MB
2026.07.28 10:55:32 INFO  Progress (5): 6.3/6.3 MB | 3.4/12 MB | 2.0/2.6 MB | 1.4/1.9 MB | 0.4/1.4 MB
2026.07.28 10:55:32 INFO  Progress (5): 6.3/6.3 MB | 3.4/12 MB | 2.0/2.6 MB | 1.4/1.9 MB | 0.4/1.4 MB
2026.07.28 10:55:32 INFO  Progress (5): 6.3/6.3 MB | 3.4/12 MB | 2.0/2.6 MB | 1.4/1.9 MB | 0.4/1.4 MB
2026.07.28 10:55:32 INFO  Progress (5): 6.3/6.3 MB | 3.4/12 MB | 2.1/2.6 MB | 1.4/1.9 MB | 0.4/1.4 MB
2026.07.28 10:55:32 INFO  Progress (5): 6.3/6.3 MB | 3.4/12 MB | 2.1/2.6 MB | 1.4/1.9 MB | 0.4/1.4 MB
2026.07.28 10:55:32 INFO  Progress (5): 6.3/6.3 MB | 3.4/12 MB | 2.1/2.6 MB | 1.4/1.9 MB | 0.4/1.4 MB
2026.07.28 10:55:32 INFO  Progress (5): 6.3 MB | 3.4/12 MB | 2.1/2.6 MB | 1.4/1.9 MB | 0.4/1.4 MB    
2026.07.28 10:55:32 INFO  Progress (5): 6.3 MB | 3.4/12 MB | 2.1/2.6 MB | 1.4/1.9 MB | 0.4/1.4 MB
2026.07.28 10:55:32 INFO  Progress (5): 6.3 MB | 3.4/12 MB | 2.1/2.6 MB | 1.4/1.9 MB | 0.4/1.4 MB
2026.07.28 10:55:32 INFO  Progress (5): 6.3 MB | 3.4/12 MB | 2.1/2.6 MB | 1.4/1.9 MB | 0.4/1.4 MB
2026.07.28 10:55:32 INFO  Progress (5): 6.3 MB | 3.4/12 MB | 2.1/2.6 MB | 1.4/1.9 MB | 0.4/1.4 MB
2026.07.28 10:55:32 INFO  Progress (5): 6.3 MB | 3.4/12 MB | 2.1/2.6 MB | 1.4/1.9 MB | 0.4/1.4 MB
2026.07.28 10:55:32 INFO  Progress (5): 6.3 MB | 3.4/12 MB | 2.2/2.6 MB | 1.4/1.9 MB | 0.4/1.4 MB
2026.07.28 10:55:32 INFO  Progress (5): 6.3 MB | 3.4/12 MB | 2.2/2.6 MB | 1.4/1.9 MB | 0.4/1.4 MB
2026.07.28 10:55:32 INFO  Progress (5): 6.3 MB | 3.4/12 MB | 2.2/2.6 MB | 1.4/1.9 MB | 0.4/1.4 MB
2026.07.28 10:55:32 INFO  Progress (5): 6.3 MB | 3.4/12 MB | 2.2/2.6 MB | 1.4/1.9 MB | 0.4/1.4 MB
2026.07.28 10:55:32 INFO  Progress (5): 6.3 MB | 3.4/12 MB | 2.2/2.6 MB | 1.4/1.9 MB | 0.4/1.4 MB
2026.07.28 10:55:32 INFO  Progress (5): 6.3 MB | 3.4/12 MB | 2.2/2.6 MB | 1.4/1.9 MB | 0.4/1.4 MB
2026.07.28 10:55:32 INFO  Progress (5): 6.3 MB | 3.4/12 MB | 2.2/2.6 MB | 1.4/1.9 MB | 0.4/1.4 MB
2026.07.28 10:55:32 INFO  Progress (5): 6.3 MB | 3.4/12 MB | 2.3/2.6 MB | 1.4/1.9 MB | 0.4/1.4 MB
2026.07.28 10:55:32 INFO  Progress (5): 6.3 MB | 3.4/12 MB | 2.3/2.6 MB | 1.4/1.9 MB | 0.4/1.4 MB
2026.07.28 10:55:32 INFO  Progress (5): 6.3 MB | 3.4/12 MB | 2.3/2.6 MB | 1.4/1.9 MB | 0.4/1.4 MB
2026.07.28 10:55:32 INFO  Progress (5): 6.3 MB | 3.4/12 MB | 2.3/2.6 MB | 1.5/1.9 MB | 0.4/1.4 MB
2026.07.28 10:55:32 INFO  Progress (5): 6.3 MB | 3.4/12 MB | 2.3/2.6 MB | 1.5/1.9 MB | 0.4/1.4 MB
2026.07.28 10:55:32 INFO  Progress (5): 6.3 MB | 3.4/12 MB | 2.3/2.6 MB | 1.5/1.9 MB | 0.4/1.4 MB
2026.07.28 10:55:32 INFO  Progress (5): 6.3 MB | 3.4/12 MB | 2.3/2.6 MB | 1.5/1.9 MB | 0.4/1.4 MB
2026.07.28 10:55:32 INFO  Progress (5): 6.3 MB | 3.4/12 MB | 2.3/2.6 MB | 1.5/1.9 MB | 0.4/1.4 MB
2026.07.28 10:55:32 INFO  Progress (5): 6.3 MB | 3.4/12 MB | 2.3/2.6 MB | 1.5/1.9 MB | 0.4/1.4 MB
2026.07.28 10:55:32 INFO  Progress (5): 6.3 MB | 3.4/12 MB | 2.3/2.6 MB | 1.5/1.9 MB | 0.4/1.4 MB
2026.07.28 10:55:32 INFO  Progress (5): 6.3 MB | 3.4/12 MB | 2.3/2.6 MB | 1.5/1.9 MB | 0.4/1.4 MB
2026.07.28 10:55:32 INFO  Progress (5): 6.3 MB | 3.4/12 MB | 2.3/2.6 MB | 1.5/1.9 MB | 0.4/1.4 MB
2026.07.28 10:55:32 INFO  Progress (5): 6.3 MB | 3.4/12 MB | 2.4/2.6 MB | 1.5/1.9 MB | 0.4/1.4 MB
2026.07.28 10:55:32 INFO  Progress (5): 6.3 MB | 3.4/12 MB | 2.4/2.6 MB | 1.5/1.9 MB | 0.4/1.4 MB
2026.07.28 10:55:32 INFO  Progress (5): 6.3 MB | 3.4/12 MB | 2.4/2.6 MB | 1.5/1.9 MB | 0.4/1.4 MB
2026.07.28 10:55:32 INFO  Progress (5): 6.3 MB | 3.4/12 MB | 2.4/2.6 MB | 1.5/1.9 MB | 0.4/1.4 MB
2026.07.28 10:55:32 INFO  Progress (5): 6.3 MB | 3.4/12 MB | 2.4/2.6 MB | 1.6/1.9 MB | 0.4/1.4 MB
2026.07.28 10:55:32 INFO  Progress (5): 6.3 MB | 3.4/12 MB | 2.4/2.6 MB | 1.6/1.9 MB | 0.4/1.4 MB
2026.07.28 10:55:32 INFO  Progress (5): 6.3 MB | 3.4/12 MB | 2.4/2.6 MB | 1.6/1.9 MB | 0.4/1.4 MB
2026.07.28 10:55:32 INFO  Progress (5): 6.3 MB | 3.4/12 MB | 2.4/2.6 MB | 1.6/1.9 MB | 0.4/1.4 MB
2026.07.28 10:55:32 INFO  Progress (5): 6.3 MB | 3.4/12 MB | 2.4/2.6 MB | 1.6/1.9 MB | 0.4/1.4 MB
2026.07.28 10:55:32 INFO  Progress (5): 6.3 MB | 3.4/12 MB | 2.4/2.6 MB | 1.6/1.9 MB | 0.4/1.4 MB
2026.07.28 10:55:32 INFO  Progress (5): 6.3 MB | 3.4/12 MB | 2.4/2.6 MB | 1.6/1.9 MB | 0.4/1.4 MB
2026.07.28 10:55:32 INFO  Progress (5): 6.3 MB | 3.4/12 MB | 2.5/2.6 MB | 1.6/1.9 MB | 0.4/1.4 MB
2026.07.28 10:55:32 INFO  Progress (5): 6.3 MB | 3.4/12 MB | 2.5/2.6 MB | 1.6/1.9 MB | 0.4/1.4 MB
2026.07.28 10:55:32 INFO  Progress (5): 6.3 MB | 3.4/12 MB | 2.5/2.6 MB | 1.6/1.9 MB | 0.4/1.4 MB
2026.07.28 10:55:32 INFO  Progress (5): 6.3 MB | 3.4/12 MB | 2.5/2.6 MB | 1.6/1.9 MB | 0.4/1.4 MB
2026.07.28 10:55:32 INFO  Progress (5): 6.3 MB | 3.4/12 MB | 2.5/2.6 MB | 1.6/1.9 MB | 0.4/1.4 MB
2026.07.28 10:55:32 INFO  Progress (5): 6.3 MB | 3.4/12 MB | 2.5/2.6 MB | 1.6/1.9 MB | 0.4/1.4 MB
2026.07.28 10:55:32 INFO  Progress (5): 6.3 MB | 3.4/12 MB | 2.5/2.6 MB | 1.6/1.9 MB | 0.4/1.4 MB
2026.07.28 10:55:32 INFO  Progress (5): 6.3 MB | 3.4/12 MB | 2.5/2.6 MB | 1.6/1.9 MB | 0.4/1.4 MB
2026.07.28 10:55:32 INFO  Progress (5): 6.3 MB | 3.4/12 MB | 2.5/2.6 MB | 1.6/1.9 MB | 0.4/1.4 MB
2026.07.28 10:55:32 INFO  Progress (5): 6.3 MB | 3.4/12 MB | 2.5/2.6 MB | 1.6/1.9 MB | 0.5/1.4 MB
2026.07.28 10:55:32 INFO  Progress (5): 6.3 MB | 3.4/12 MB | 2.5/2.6 MB | 1.6/1.9 MB | 0.5/1.4 MB
2026.07.28 10:55:32 INFO                                                                         
2026.07.28 10:55:32 INFO  Downloaded from central: https://repo.maven.apache.org/maven2/com/github/luben/zstd-jni/1.5.2-5/zstd-jni-1.5.2-5.jar (6.3 MB at 2.2 MB/s)
2026.07.28 10:55:32 INFO  Downloading from central: https://repo.maven.apache.org/maven2/org/scala-sbt/util-logging_2.13/1.8.0/util-logging_2.13-1.8.0.jar
2026.07.28 10:55:32 INFO  Progress (4): 3.4/12 MB | 2.5/2.6 MB | 1.6/1.9 MB | 0.5/1.4 MB
2026.07.28 10:55:32 INFO  Progress (4): 3.4/12 MB | 2.5/2.6 MB | 1.6/1.9 MB | 0.5/1.4 MB
2026.07.28 10:55:32 INFO  Progress (4): 3.4/12 MB | 2.5/2.6 MB | 1.6/1.9 MB | 0.5/1.4 MB
2026.07.28 10:55:32 INFO  Progress (4): 3.4/12 MB | 2.5/2.6 MB | 1.6/1.9 MB | 0.5/1.4 MB
2026.07.28 10:55:32 INFO  Progress (4): 3.4/12 MB | 2.5/2.6 MB | 1.6/1.9 MB | 0.6/1.4 MB
2026.07.28 10:55:32 INFO  Progress (4): 3.4/12 MB | 2.5/2.6 MB | 1.6/1.9 MB | 0.6/1.4 MB
2026.07.28 10:55:32 INFO  Progress (4): 3.4/12 MB | 2.5/2.6 MB | 1.6/1.9 MB | 0.6/1.4 MB
2026.07.28 10:55:32 INFO  Progress (4): 3.4/12 MB | 2.5/2.6 MB | 1.6/1.9 MB | 0.6/1.4 MB
2026.07.28 10:55:32 INFO  Progress (4): 3.5/12 MB | 2.5/2.6 MB | 1.6/1.9 MB | 0.6/1.4 MB
2026.07.28 10:55:32 INFO  Progress (4): 3.5/12 MB | 2.5/2.6 MB | 1.6/1.9 MB | 0.6/1.4 MB
2026.07.28 10:55:32 INFO  Progress (4): 3.5/12 MB | 2.5/2.6 MB | 1.6/1.9 MB | 0.6/1.4 MB
2026.07.28 10:55:32 INFO  Progress (4): 3.5/12 MB | 2.5/2.6 MB | 1.6/1.9 MB | 0.6/1.4 MB
2026.07.28 10:55:32 INFO  Progress (4): 3.5/12 MB | 2.5/2.6 MB | 1.7/1.9 MB | 0.6/1.4 MB
2026.07.28 10:55:32 INFO  Progress (4): 3.5/12 MB | 2.5/2.6 MB | 1.7/1.9 MB | 0.6/1.4 MB
2026.07.28 10:55:32 INFO  Progress (4): 3.5/12 MB | 2.5/2.6 MB | 1.7/1.9 MB | 0.6/1.4 MB
2026.07.28 10:55:32 INFO  Progress (4): 3.5/12 MB | 2.5/2.6 MB | 1.7/1.9 MB | 0.7/1.4 MB
2026.07.28 10:55:32 INFO  Progress (4): 3.5/12 MB | 2.5/2.6 MB | 1.7/1.9 MB | 0.7/1.4 MB
2026.07.28 10:55:32 INFO  Progress (4): 3.5/12 MB | 2.5/2.6 MB | 1.7/1.9 MB | 0.7/1.4 MB
2026.07.28 10:55:32 INFO  Progress (4): 3.5/12 MB | 2.5/2.6 MB | 1.7/1.9 MB | 0.7/1.4 MB
2026.07.28 10:55:32 INFO  Progress (4): 3.5/12 MB | 2.5/2.6 MB | 1.7/1.9 MB | 0.7/1.4 MB
2026.07.28 10:55:32 INFO  Progress (4): 3.5/12 MB | 2.5/2.6 MB | 1.7/1.9 MB | 0.7/1.4 MB
2026.07.28 10:55:32 INFO  Progress (4): 3.5/12 MB | 2.5/2.6 MB | 1.7/1.9 MB | 0.7/1.4 MB
2026.07.28 10:55:32 INFO  Progress (4): 3.5/12 MB | 2.6/2.6 MB | 1.7/1.9 MB | 0.7/1.4 MB
2026.07.28 10:55:32 INFO  Progress (4): 3.5/12 MB | 2.6/2.6 MB | 1.7/1.9 MB | 0.7/1.4 MB
2026.07.28 10:55:32 INFO  Progress (4): 3.5/12 MB | 2.6/2.6 MB | 1.7/1.9 MB | 0.7/1.4 MB
2026.07.28 10:55:32 INFO  Progress (4): 3.5/12 MB | 2.6/2.6 MB | 1.7/1.9 MB | 0.7/1.4 MB
2026.07.28 10:55:32 INFO  Progress (4): 3.5/12 MB | 2.6/2.6 MB | 1.7/1.9 MB | 0.7/1.4 MB
2026.07.28 10:55:32 INFO  Progress (4): 3.5/12 MB | 2.6/2.6 MB | 1.7/1.9 MB | 0.7/1.4 MB
2026.07.28 10:55:32 INFO  Progress (4): 3.5/12 MB | 2.6/2.6 MB | 1.7/1.9 MB | 0.7/1.4 MB
2026.07.28 10:55:32 INFO  Progress (4): 3.5/12 MB | 2.6/2.6 MB | 1.7/1.9 MB | 0.7/1.4 MB
2026.07.28 10:55:32 INFO  Progress (4): 3.5/12 MB | 2.6/2.6 MB | 1.7/1.9 MB | 0.7/1.4 MB
2026.07.28 10:55:32 INFO  Progress (4): 3.5/12 MB | 2.6/2.6 MB | 1.7/1.9 MB | 0.7/1.4 MB
2026.07.28 10:55:32 INFO  Progress (4): 3.5/12 MB | 2.6/2.6 MB | 1.7/1.9 MB | 0.7/1.4 MB
2026.07.28 10:55:32 INFO  Progress (4): 3.5/12 MB | 2.6/2.6 MB | 1.8/1.9 MB | 0.7/1.4 MB
2026.07.28 10:55:32 INFO  Progress (4): 3.5/12 MB | 2.6/2.6 MB | 1.8/1.9 MB | 0.7/1.4 MB
2026.07.28 10:55:32 INFO  Progress (4): 3.5/12 MB | 2.6/2.6 MB | 1.8/1.9 MB | 0.8/1.4 MB
2026.07.28 10:55:32 INFO  Progress (4): 3.6/12 MB | 2.6/2.6 MB | 1.8/1.9 MB | 0.8/1.4 MB
2026.07.28 10:55:32 INFO  Progress (4): 3.6/12 MB | 2.6/2.6 MB | 1.8/1.9 MB | 0.8/1.4 MB
2026.07.28 10:55:32 INFO  Progress (4): 3.6/12 MB | 2.6/2.6 MB | 1.8/1.9 MB | 0.8/1.4 MB
2026.07.28 10:55:32 INFO  Progress (4): 3.6/12 MB | 2.6/2.6 MB | 1.8/1.9 MB | 0.8/1.4 MB
2026.07.28 10:55:32 INFO  Progress (4): 3.6/12 MB | 2.6/2.6 MB | 1.8/1.9 MB | 0.8/1.4 MB
2026.07.28 10:55:32 INFO  Progress (4): 3.6/12 MB | 2.6/2.6 MB | 1.8/1.9 MB | 0.8/1.4 MB
2026.07.28 10:55:32 INFO  Progress (4): 3.6/12 MB | 2.6/2.6 MB | 1.8/1.9 MB | 0.8/1.4 MB
2026.07.28 10:55:32 INFO  Progress (4): 3.6/12 MB | 2.6/2.6 MB | 1.8/1.9 MB | 0.8/1.4 MB
2026.07.28 10:55:32 INFO  Progress (4): 3.6/12 MB | 2.6/2.6 MB | 1.8/1.9 MB | 0.8/1.4 MB
2026.07.28 10:55:32 INFO  Progress (4): 3.6/12 MB | 2.6/2.6 MB | 1.8/1.9 MB | 0.8/1.4 MB
2026.07.28 10:55:32 INFO  Progress (4): 3.6/12 MB | 2.6/2.6 MB | 1.8/1.9 MB | 0.8/1.4 MB
2026.07.28 10:55:32 INFO  Progress (4): 3.6/12 MB | 2.6/2.6 MB | 1.8/1.9 MB | 0.8/1.4 MB
2026.07.28 10:55:32 INFO  Progress (4): 3.6/12 MB | 2.6/2.6 MB | 1.8/1.9 MB | 0.8/1.4 MB
2026.07.28 10:55:32 INFO  Progress (4): 3.6/12 MB | 2.6/2.6 MB | 1.8/1.9 MB | 0.8/1.4 MB
2026.07.28 10:55:32 INFO  Progress (4): 3.6/12 MB | 2.6/2.6 MB | 1.8/1.9 MB | 0.8/1.4 MB
2026.07.28 10:55:32 INFO  Progress (4): 3.6/12 MB | 2.6/2.6 MB | 1.9/1.9 MB | 0.8/1.4 MB
2026.07.28 10:55:32 INFO  Progress (4): 3.6/12 MB | 2.6/2.6 MB | 1.9/1.9 MB | 0.8/1.4 MB
2026.07.28 10:55:32 INFO  Progress (4): 3.7/12 MB | 2.6/2.6 MB | 1.9/1.9 MB | 0.8/1.4 MB
2026.07.28 10:55:32 INFO  Progress (4): 3.7/12 MB | 2.6/2.6 MB | 1.9 MB | 0.8/1.4 MB    
2026.07.28 10:55:32 INFO  Progress (4): 3.7/12 MB | 2.6/2.6 MB | 1.9 MB | 0.8/1.4 MB
2026.07.28 10:55:32 INFO  Progress (4): 3.7/12 MB | 2.6/2.6 MB | 1.9 MB | 0.9/1.4 MB
2026.07.28 10:55:32 INFO  Progress (4): 3.7/12 MB | 2.6/2.6 MB | 1.9 MB | 0.9/1.4 MB
2026.07.28 10:55:32 INFO  Progress (4): 3.7/12 MB | 2.6/2.6 MB | 1.9 MB | 0.9/1.4 MB
2026.07.28 10:55:32 INFO  Progress (4): 3.7/12 MB | 2.6/2.6 MB | 1.9 MB | 0.9/1.4 MB
2026.07.28 10:55:32 INFO  Progress (4): 3.7/12 MB | 2.6/2.6 MB | 1.9 MB | 0.9/1.4 MB
2026.07.28 10:55:32 INFO  Progress (4): 3.7/12 MB | 2.6/2.6 MB | 1.9 MB | 0.9/1.4 MB
2026.07.28 10:55:32 INFO  Progress (4): 3.7/12 MB | 2.6/2.6 MB | 1.9 MB | 0.9/1.4 MB
2026.07.28 10:55:32 INFO  Progress (4): 3.7/12 MB | 2.6/2.6 MB | 1.9 MB | 0.9/1.4 MB
2026.07.28 10:55:32 INFO  Progress (4): 3.7/12 MB | 2.6/2.6 MB | 1.9 MB | 0.9/1.4 MB
2026.07.28 10:55:32 INFO  Progress (4): 3.8/12 MB | 2.6/2.6 MB | 1.9 MB | 0.9/1.4 MB
2026.07.28 10:55:32 INFO  Progress (4): 3.8/12 MB | 2.6/2.6 MB | 1.9 MB | 0.9/1.4 MB
2026.07.28 10:55:32 INFO  Progress (4): 3.8/12 MB | 2.6/2.6 MB | 1.9 MB | 0.9/1.4 MB
2026.07.28 10:55:32 INFO  Progress (4): 3.8/12 MB | 2.6/2.6 MB | 1.9 MB | 0.9/1.4 MB
2026.07.28 10:55:32 INFO  Progress (4): 3.8/12 MB | 2.6/2.6 MB | 1.9 MB | 0.9/1.4 MB
2026.07.28 10:55:32 INFO  Progress (4): 3.8/12 MB | 2.6/2.6 MB | 1.9 MB | 1.0/1.4 MB
2026.07.28 10:55:32 INFO  Progress (4): 3.8/12 MB | 2.6/2.6 MB | 1.9 MB | 1.0/1.4 MB
2026.07.28 10:55:32 INFO  Progress (4): 3.8/12 MB | 2.6/2.6 MB | 1.9 MB | 1.0/1.4 MB
2026.07.28 10:55:32 INFO  Progress (4): 3.8/12 MB | 2.6/2.6 MB | 1.9 MB | 1.0/1.4 MB
2026.07.28 10:55:32 INFO  Progress (4): 3.8/12 MB | 2.6/2.6 MB | 1.9 MB | 1.0/1.4 MB
2026.07.28 10:55:32 INFO  Progress (4): 3.8/12 MB | 2.6/2.6 MB | 1.9 MB | 1.0/1.4 MB
2026.07.28 10:55:32 INFO  Progress (4): 3.8/12 MB | 2.6/2.6 MB | 1.9 MB | 1.0/1.4 MB
2026.07.28 10:55:32 INFO                                                            
2026.07.28 10:55:32 INFO  Downloaded from central: https://repo.maven.apache.org/maven2/net/java/dev/jna/jna/5.12.0/jna-5.12.0.jar (1.9 MB at 631 kB/s)
2026.07.28 10:55:32 INFO  Progress (3): 3.8/12 MB | 2.6/2.6 MB | 1.0/1.4 MB
2026.07.28 10:55:32 INFO                                                   
2026.07.28 10:55:32 INFO  Downloading from central: https://repo.maven.apache.org/maven2/org/scala-sbt/collections_2.13/1.8.0/collections_2.13-1.8.0.jar
2026.07.28 10:55:32 INFO  Progress (3): 3.8/12 MB | 2.6/2.6 MB | 1.0/1.4 MB
2026.07.28 10:55:32 INFO  Progress (3): 3.8/12 MB | 2.6/2.6 MB | 1.0/1.4 MB
2026.07.28 10:55:32 INFO  Progress (3): 3.9/12 MB | 2.6/2.6 MB | 1.0/1.4 MB
2026.07.28 10:55:32 INFO  Progress (3): 3.9/12 MB | 2.6/2.6 MB | 1.1/1.4 MB
2026.07.28 10:55:32 INFO  Progress (3): 3.9/12 MB | 2.6 MB | 1.1/1.4 MB    
2026.07.28 10:55:32 INFO  Progress (3): 3.9/12 MB | 2.6 MB | 1.1/1.4 MB
2026.07.28 10:55:32 INFO  Progress (3): 3.9/12 MB | 2.6 MB | 1.1/1.4 MB
2026.07.28 10:55:32 INFO                                               
2026.07.28 10:55:32 INFO  Downloaded from central: https://repo.maven.apache.org/maven2/org/scala-sbt/zinc-persist-core-assembly/1.8.0/zinc-persist-core-assembly-1.8.0.jar (2.6 MB at 881 kB/s)
2026.07.28 10:55:32 INFO  Downloading from central: https://repo.maven.apache.org/maven2/org/scala-sbt/util-position_2.13/1.8.0/util-position_2.13-1.8.0.jar
2026.07.28 10:55:32 INFO  Progress (2): 3.9/12 MB | 1.1/1.4 MB
2026.07.28 10:55:32 INFO  Progress (2): 3.9/12 MB | 1.1/1.4 MB
2026.07.28 10:55:32 INFO  Progress (2): 3.9/12 MB | 1.1/1.4 MB
2026.07.28 10:55:32 INFO  Progress (2): 3.9/12 MB | 1.1/1.4 MB
2026.07.28 10:55:32 INFO  Progress (2): 3.9/12 MB | 1.1/1.4 MB
2026.07.28 10:55:32 INFO  Progress (2): 3.9/12 MB | 1.1/1.4 MB
2026.07.28 10:55:32 INFO  Progress (2): 3.9/12 MB | 1.1/1.4 MB
2026.07.28 10:55:32 INFO  Progress (2): 3.9/12 MB | 1.1/1.4 MB
2026.07.28 10:55:32 INFO  Progress (2): 3.9/12 MB | 1.2/1.4 MB
2026.07.28 10:55:32 INFO  Progress (2): 4.0/12 MB | 1.2/1.4 MB
2026.07.28 10:55:32 INFO  Progress (2): 4.0/12 MB | 1.2/1.4 MB
2026.07.28 10:55:32 INFO  Progress (3): 4.0/12 MB | 1.2/1.4 MB | 7.7/463 kB
2026.07.28 10:55:32 INFO  Progress (3): 4.0/12 MB | 1.2/1.4 MB | 16/463 kB 
2026.07.28 10:55:32 INFO  Progress (3): 4.0/12 MB | 1.2/1.4 MB | 28/463 kB
2026.07.28 10:55:32 INFO  Progress (3): 4.0/12 MB | 1.2/1.4 MB | 28/463 kB
2026.07.28 10:55:32 INFO  Progress (3): 4.0/12 MB | 1.2/1.4 MB | 28/463 kB
2026.07.28 10:55:32 INFO  Progress (3): 4.0/12 MB | 1.2/1.4 MB | 44/463 kB
2026.07.28 10:55:32 INFO  Progress (3): 4.0/12 MB | 1.2/1.4 MB | 44/463 kB
2026.07.28 10:55:32 INFO  Progress (3): 4.0/12 MB | 1.2/1.4 MB | 44/463 kB
2026.07.28 10:55:32 INFO  Progress (3): 4.0/12 MB | 1.2/1.4 MB | 61/463 kB
2026.07.28 10:55:32 INFO  Progress (3): 4.0/12 MB | 1.2/1.4 MB | 77/463 kB
2026.07.28 10:55:32 INFO  Progress (3): 4.0/12 MB | 1.2/1.4 MB | 77/463 kB
2026.07.28 10:55:32 INFO  Progress (3): 4.0/12 MB | 1.2/1.4 MB | 77/463 kB
2026.07.28 10:55:32 INFO  Progress (3): 4.0/12 MB | 1.2/1.4 MB | 93/463 kB
2026.07.28 10:55:32 INFO  Progress (3): 4.0/12 MB | 1.2/1.4 MB | 110/463 kB
2026.07.28 10:55:32 INFO  Progress (3): 4.0/12 MB | 1.2/1.4 MB | 110/463 kB
2026.07.28 10:55:32 INFO  Progress (3): 4.0/12 MB | 1.2/1.4 MB | 110/463 kB
2026.07.28 10:55:32 INFO  Progress (3): 4.0/12 MB | 1.3/1.4 MB | 110/463 kB
2026.07.28 10:55:32 INFO  Progress (3): 4.0/12 MB | 1.3/1.4 MB | 110/463 kB
2026.07.28 10:55:32 INFO  Progress (3): 4.0/12 MB | 1.3/1.4 MB | 126/463 kB
2026.07.28 10:55:32 INFO  Progress (3): 4.0/12 MB | 1.3/1.4 MB | 142/463 kB
2026.07.28 10:55:32 INFO  Progress (3): 4.1/12 MB | 1.3/1.4 MB | 142/463 kB
2026.07.28 10:55:32 INFO  Progress (3): 4.1/12 MB | 1.3/1.4 MB | 159/463 kB
2026.07.28 10:55:32 INFO  Progress (3): 4.1/12 MB | 1.3/1.4 MB | 159/463 kB
2026.07.28 10:55:32 INFO  Progress (3): 4.1/12 MB | 1.3/1.4 MB | 175/463 kB
2026.07.28 10:55:32 INFO  Progress (3): 4.1/12 MB | 1.3/1.4 MB | 175/463 kB
2026.07.28 10:55:32 INFO  Progress (3): 4.1/12 MB | 1.3/1.4 MB | 192/463 kB
2026.07.28 10:55:32 INFO  Progress (3): 4.1/12 MB | 1.3/1.4 MB | 192/463 kB
2026.07.28 10:55:32 INFO  Progress (4): 4.1/12 MB | 1.3/1.4 MB | 192/463 kB | 7.7/365 kB
2026.07.28 10:55:32 INFO  Progress (4): 4.1/12 MB | 1.3/1.4 MB | 192/463 kB | 7.7/365 kB
2026.07.28 10:55:32 INFO  Progress (4): 4.1/12 MB | 1.3/1.4 MB | 208/463 kB | 7.7/365 kB
2026.07.28 10:55:32 INFO  Progress (4): 4.1/12 MB | 1.3/1.4 MB | 208/463 kB | 7.7/365 kB
2026.07.28 10:55:32 INFO  Progress (4): 4.1/12 MB | 1.3/1.4 MB | 208/463 kB | 7.7/365 kB
2026.07.28 10:55:32 INFO  Progress (4): 4.1/12 MB | 1.3/1.4 MB | 208/463 kB | 24/365 kB 
2026.07.28 10:55:32 INFO  Progress (4): 4.1/12 MB | 1.3/1.4 MB | 224/463 kB | 24/365 kB
2026.07.28 10:55:32 INFO  Progress (4): 4.1/12 MB | 1.3/1.4 MB | 224/463 kB | 24/365 kB
2026.07.28 10:55:32 INFO  Progress (4): 4.1/12 MB | 1.3/1.4 MB | 224/463 kB | 24/365 kB
2026.07.28 10:55:32 INFO  Progress (4): 4.1/12 MB | 1.3/1.4 MB | 241/463 kB | 24/365 kB
2026.07.28 10:55:32 INFO  Progress (4): 4.1/12 MB | 1.3/1.4 MB | 241/463 kB | 40/365 kB
2026.07.28 10:55:32 INFO  Progress (4): 4.1/12 MB | 1.3/1.4 MB | 257/463 kB | 40/365 kB
2026.07.28 10:55:32 INFO  Progress (4): 4.1/12 MB | 1.3/1.4 MB | 257/463 kB | 57/365 kB
2026.07.28 10:55:32 INFO  Progress (4): 4.1/12 MB | 1.3/1.4 MB | 257/463 kB | 57/365 kB
2026.07.28 10:55:32 INFO  Progress (4): 4.1/12 MB | 1.3/1.4 MB | 273/463 kB | 57/365 kB
2026.07.28 10:55:32 INFO  Progress (4): 4.1/12 MB | 1.3/1.4 MB | 273/463 kB | 57/365 kB
2026.07.28 10:55:32 INFO  Progress (4): 4.1/12 MB | 1.4 MB | 273/463 kB | 57/365 kB    
2026.07.28 10:55:32 INFO  Progress (4): 4.1/12 MB | 1.4 MB | 273/463 kB | 73/365 kB
2026.07.28 10:55:32 INFO  Progress (4): 4.1/12 MB | 1.4 MB | 290/463 kB | 73/365 kB
2026.07.28 10:55:32 INFO  Progress (4): 4.1/12 MB | 1.4 MB | 290/463 kB | 73/365 kB
2026.07.28 10:55:32 INFO                                                           
2026.07.28 10:55:32 INFO  Downloaded from central: https://repo.maven.apache.org/maven2/net/java/dev/jna/jna-platform/5.12.0/jna-platform-5.12.0.jar (1.4 MB at 442 kB/s)
2026.07.28 10:55:32 INFO  Downloading from central: https://repo.maven.apache.org/maven2/org/scala-sbt/core-macros_2.13/1.8.0/core-macros_2.13-1.8.0.jar
2026.07.28 10:55:32 INFO  Progress (3): 4.1/12 MB | 306/463 kB | 73/365 kB
2026.07.28 10:55:32 INFO  Progress (3): 4.1/12 MB | 306/463 kB | 90/365 kB
2026.07.28 10:55:32 INFO  Progress (3): 4.1/12 MB | 323/463 kB | 90/365 kB
2026.07.28 10:55:32 INFO  Progress (4): 4.1/12 MB | 323/463 kB | 90/365 kB | 7.7/28 kB
2026.07.28 10:55:32 INFO  Progress (4): 4.1/12 MB | 323/463 kB | 90/365 kB | 16/28 kB 
2026.07.28 10:55:32 INFO  Progress (4): 4.2/12 MB | 323/463 kB | 90/365 kB | 16/28 kB
2026.07.28 10:55:32 INFO  Progress (4): 4.2/12 MB | 339/463 kB | 90/365 kB | 16/28 kB
2026.07.28 10:55:32 INFO  Progress (4): 4.2/12 MB | 339/463 kB | 106/365 kB | 16/28 kB
2026.07.28 10:55:32 INFO  Progress (4): 4.2/12 MB | 339/463 kB | 106/365 kB | 24/28 kB
2026.07.28 10:55:32 INFO  Progress (4): 4.2/12 MB | 339/463 kB | 106/365 kB | 28 kB   
2026.07.28 10:55:32 INFO  Progress (4): 4.2/12 MB | 355/463 kB | 106/365 kB | 28 kB
2026.07.28 10:55:32 INFO                                                           
2026.07.28 10:55:32 INFO  Downloaded from central: https://repo.maven.apache.org/maven2/org/scala-sbt/util-position_2.13/1.8.0/util-position_2.13-1.8.0.jar (28 kB at 9.2 kB/s)
2026.07.28 10:55:32 INFO  Downloading from central: https://repo.maven.apache.org/maven2/org/jline/jline-terminal/3.19.0/jline-terminal-3.19.0.jar
2026.07.28 10:55:32 INFO  Progress (3): 4.2/12 MB | 372/463 kB | 106/365 kB
2026.07.28 10:55:32 INFO  Progress (3): 4.2/12 MB | 372/463 kB | 106/365 kB
2026.07.28 10:55:32 INFO  Progress (3): 4.2/12 MB | 372/463 kB | 122/365 kB
2026.07.28 10:55:32 INFO  Progress (3): 4.2/12 MB | 372/463 kB | 139/365 kB
2026.07.28 10:55:32 INFO  Progress (3): 4.2/12 MB | 388/463 kB | 139/365 kB
2026.07.28 10:55:32 INFO  Progress (3): 4.2/12 MB | 405/463 kB | 139/365 kB
2026.07.28 10:55:32 INFO  Progress (3): 4.2/12 MB | 405/463 kB | 139/365 kB
2026.07.28 10:55:32 INFO  Progress (3): 4.2/12 MB | 421/463 kB | 139/365 kB
2026.07.28 10:55:32 INFO  Progress (3): 4.2/12 MB | 421/463 kB | 155/365 kB
2026.07.28 10:55:32 INFO  Progress (3): 4.2/12 MB | 421/463 kB | 155/365 kB
2026.07.28 10:55:32 INFO  Progress (3): 4.2/12 MB | 437/463 kB | 155/365 kB
2026.07.28 10:55:32 INFO  Progress (3): 4.2/12 MB | 437/463 kB | 172/365 kB
2026.07.28 10:55:32 INFO  Progress (3): 4.2/12 MB | 454/463 kB | 172/365 kB
2026.07.28 10:55:32 INFO  Progress (3): 4.2/12 MB | 463 kB | 172/365 kB    
2026.07.28 10:55:32 INFO  Progress (3): 4.2/12 MB | 463 kB | 172/365 kB
2026.07.28 10:55:32 INFO  Progress (3): 4.2/12 MB | 463 kB | 188/365 kB
2026.07.28 10:55:32 INFO                                               
2026.07.28 10:55:32 INFO  Downloaded from central: https://repo.maven.apache.org/maven2/org/scala-sbt/util-logging_2.13/1.8.0/util-logging_2.13-1.8.0.jar (463 kB at 149 kB/s)
2026.07.28 10:55:32 INFO  Downloading from central: https://repo.maven.apache.org/maven2/org/scala-lang/scala-reflect/2.13.8/scala-reflect-2.13.8.jar
2026.07.28 10:55:32 INFO  Progress (2): 4.2/12 MB | 204/365 kB
2026.07.28 10:55:32 INFO  Progress (2): 4.2/12 MB | 204/365 kB
2026.07.28 10:55:32 INFO  Progress (2): 4.2/12 MB | 221/365 kB
2026.07.28 10:55:32 INFO  Progress (2): 4.3/12 MB | 221/365 kB
2026.07.28 10:55:32 INFO  Progress (2): 4.3/12 MB | 237/365 kB
2026.07.28 10:55:32 INFO  Progress (2): 4.3/12 MB | 237/365 kB
2026.07.28 10:55:32 INFO  Progress (2): 4.3/12 MB | 253/365 kB
2026.07.28 10:55:32 INFO  Progress (2): 4.3/12 MB | 253/365 kB
2026.07.28 10:55:32 INFO  Progress (2): 4.3/12 MB | 270/365 kB
2026.07.28 10:55:32 INFO  Progress (2): 4.3/12 MB | 270/365 kB
2026.07.28 10:55:32 INFO  Progress (2): 4.3/12 MB | 286/365 kB
2026.07.28 10:55:32 INFO  Progress (2): 4.3/12 MB | 303/365 kB
2026.07.28 10:55:32 INFO  Progress (2): 4.3/12 MB | 303/365 kB
2026.07.28 10:55:32 INFO  Progress (2): 4.3/12 MB | 303/365 kB
2026.07.28 10:55:32 INFO  Progress (2): 4.3/12 MB | 319/365 kB
2026.07.28 10:55:32 INFO  Progress (2): 4.4/12 MB | 319/365 kB
2026.07.28 10:55:32 INFO  Progress (2): 4.4/12 MB | 335/365 kB
2026.07.28 10:55:32 INFO  Progress (2): 4.4/12 MB | 352/365 kB
2026.07.28 10:55:32 INFO  Progress (2): 4.4/12 MB | 352/365 kB
2026.07.28 10:55:32 INFO  Progress (2): 4.4/12 MB | 365 kB    
2026.07.28 10:55:32 INFO                                  
2026.07.28 10:55:32 INFO  Downloaded from central: https://repo.maven.apache.org/maven2/org/scala-sbt/collections_2.13/1.8.0/collections_2.13-1.8.0.jar (365 kB at 116 kB/s)
2026.07.28 10:55:32 INFO  Downloading from central: https://repo.maven.apache.org/maven2/org/scala-sbt/util-relation_2.13/1.8.0/util-relation_2.13-1.8.0.jar
2026.07.28 10:55:32 INFO  Progress (1): 4.4/12 MB
2026.07.28 10:55:32 INFO  Progress (1): 4.4/12 MB
2026.07.28 10:55:32 INFO  Progress (2): 4.4/12 MB | 7.7/87 kB
2026.07.28 10:55:32 INFO  Progress (2): 4.4/12 MB | 16/87 kB 
2026.07.28 10:55:32 INFO  Progress (2): 4.4/12 MB | 16/87 kB
2026.07.28 10:55:32 INFO  Progress (2): 4.4/12 MB | 33/87 kB
2026.07.28 10:55:32 INFO  Progress (2): 4.4/12 MB | 33/87 kB
2026.07.28 10:55:32 INFO  Progress (2): 4.4/12 MB | 33/87 kB
2026.07.28 10:55:32 INFO  Progress (2): 4.4/12 MB | 49/87 kB
2026.07.28 10:55:32 INFO  Progress (2): 4.4/12 MB | 66/87 kB
2026.07.28 10:55:32 INFO  Progress (2): 4.4/12 MB | 69/87 kB
2026.07.28 10:55:32 INFO  Progress (2): 4.5/12 MB | 69/87 kB
2026.07.28 10:55:32 INFO  Progress (2): 4.5/12 MB | 69/87 kB
2026.07.28 10:55:32 INFO  Progress (2): 4.5/12 MB | 86/87 kB
2026.07.28 10:55:32 INFO  Progress (2): 4.5/12 MB | 87 kB   
2026.07.28 10:55:32 INFO                                 
2026.07.28 10:55:32 INFO  Downloaded from central: https://repo.maven.apache.org/maven2/org/scala-sbt/core-macros_2.13/1.8.0/core-macros_2.13-1.8.0.jar (87 kB at 27 kB/s)
2026.07.28 10:55:32 INFO  Downloading from central: https://repo.maven.apache.org/maven2/org/scala-sbt/zinc-persist_2.13/1.8.0/zinc-persist_2.13-1.8.0.jar
2026.07.28 10:55:32 INFO  Progress (1): 4.5/12 MB
2026.07.28 10:55:32 INFO  Progress (1): 4.5/12 MB
2026.07.28 10:55:32 INFO  Progress (2): 4.5/12 MB | 7.7/228 kB
2026.07.28 10:55:32 INFO  Progress (2): 4.5/12 MB | 16/228 kB 
2026.07.28 10:55:32 INFO  Progress (2): 4.5/12 MB | 24/228 kB
2026.07.28 10:55:32 INFO  Progress (2): 4.5/12 MB | 24/228 kB
2026.07.28 10:55:32 INFO  Progress (3): 4.5/12 MB | 24/228 kB | 0/3.8 MB
2026.07.28 10:55:32 INFO  Progress (3): 4.5/12 MB | 24/228 kB | 0/3.8 MB
2026.07.28 10:55:32 INFO  Progress (3): 4.5/12 MB | 24/228 kB | 0/3.8 MB
2026.07.28 10:55:32 INFO  Progress (3): 4.5/12 MB | 24/228 kB | 0/3.8 MB
2026.07.28 10:55:32 INFO  Progress (3): 4.5/12 MB | 40/228 kB | 0/3.8 MB
2026.07.28 10:55:32 INFO  Progress (3): 4.6/12 MB | 40/228 kB | 0/3.8 MB
2026.07.28 10:55:32 INFO  Progress (3): 4.6/12 MB | 40/228 kB | 0/3.8 MB
2026.07.28 10:55:32 INFO  Progress (3): 4.6/12 MB | 57/228 kB | 0/3.8 MB
2026.07.28 10:55:32 INFO  Progress (3): 4.6/12 MB | 57/228 kB | 0.1/3.8 MB
2026.07.28 10:55:32 INFO  Progress (3): 4.6/12 MB | 57/228 kB | 0.1/3.8 MB
2026.07.28 10:55:32 INFO  Progress (3): 4.6/12 MB | 73/228 kB | 0.1/3.8 MB
2026.07.28 10:55:32 INFO  Progress (3): 4.6/12 MB | 73/228 kB | 0.1/3.8 MB
2026.07.28 10:55:32 INFO  Progress (3): 4.6/12 MB | 73/228 kB | 0.1/3.8 MB
2026.07.28 10:55:32 INFO  Progress (3): 4.6/12 MB | 73/228 kB | 0.1/3.8 MB
2026.07.28 10:55:32 INFO  Progress (3): 4.6/12 MB | 73/228 kB | 0.1/3.8 MB
2026.07.28 10:55:32 INFO  Progress (3): 4.6/12 MB | 90/228 kB | 0.1/3.8 MB
2026.07.28 10:55:32 INFO  Progress (3): 4.6/12 MB | 90/228 kB | 0.1/3.8 MB
2026.07.28 10:55:32 INFO  Progress (3): 4.6/12 MB | 90/228 kB | 0.1/3.8 MB
2026.07.28 10:55:32 INFO  Progress (3): 4.6/12 MB | 90/228 kB | 0.1/3.8 MB
2026.07.28 10:55:32 INFO  Progress (3): 4.6/12 MB | 106/228 kB | 0.1/3.8 MB
2026.07.28 10:55:32 INFO  Progress (3): 4.6/12 MB | 106/228 kB | 0.1/3.8 MB
2026.07.28 10:55:32 INFO  Progress (3): 4.6/12 MB | 106/228 kB | 0.2/3.8 MB
2026.07.28 10:55:32 INFO  Progress (3): 4.6/12 MB | 106/228 kB | 0.2/3.8 MB
2026.07.28 10:55:32 INFO  Progress (3): 4.6/12 MB | 122/228 kB | 0.2/3.8 MB
2026.07.28 10:55:32 INFO  Progress (4): 4.6/12 MB | 122/228 kB | 0.2/3.8 MB | 7.7/15 kB
2026.07.28 10:55:32 INFO  Progress (4): 4.6/12 MB | 122/228 kB | 0.2/3.8 MB | 7.7/15 kB
2026.07.28 10:55:32 INFO  Progress (4): 4.6/12 MB | 122/228 kB | 0.2/3.8 MB | 15 kB    
2026.07.28 10:55:32 INFO  Progress (4): 4.6/12 MB | 122/228 kB | 0.2/3.8 MB | 15 kB
2026.07.28 10:55:32 INFO  Progress (4): 4.6/12 MB | 122/228 kB | 0.2/3.8 MB | 15 kB
2026.07.28 10:55:32 INFO                                                           
2026.07.28 10:55:32 INFO  Downloaded from central: https://repo.maven.apache.org/maven2/org/scala-sbt/util-relation_2.13/1.8.0/util-relation_2.13-1.8.0.jar (15 kB at 4.7 kB/s)
2026.07.28 10:55:32 INFO  Downloading from central: https://repo.maven.apache.org/maven2/org/scala-sbt/zinc-compile-core_2.13/1.8.0/zinc-compile-core_2.13-1.8.0.jar
2026.07.28 10:55:32 INFO  Progress (3): 4.7/12 MB | 122/228 kB | 0.2/3.8 MB
2026.07.28 10:55:32 INFO  Progress (3): 4.7/12 MB | 139/228 kB | 0.2/3.8 MB
2026.07.28 10:55:32 INFO  Progress (3): 4.7/12 MB | 139/228 kB | 0.2/3.8 MB
2026.07.28 10:55:32 INFO  Progress (3): 4.7/12 MB | 139/228 kB | 0.2/3.8 MB
2026.07.28 10:55:32 INFO  Progress (3): 4.7/12 MB | 139/228 kB | 0.2/3.8 MB
2026.07.28 10:55:32 INFO  Progress (3): 4.7/12 MB | 139/228 kB | 0.2/3.8 MB
2026.07.28 10:55:32 INFO  Progress (3): 4.7/12 MB | 155/228 kB | 0.2/3.8 MB
2026.07.28 10:55:32 INFO  Progress (3): 4.7/12 MB | 155/228 kB | 0.2/3.8 MB
2026.07.28 10:55:32 INFO  Progress (3): 4.7/12 MB | 155/228 kB | 0.3/3.8 MB
2026.07.28 10:55:32 INFO  Progress (3): 4.7/12 MB | 172/228 kB | 0.3/3.8 MB
2026.07.28 10:55:32 INFO  Progress (3): 4.7/12 MB | 172/228 kB | 0.3/3.8 MB
2026.07.28 10:55:32 INFO  Progress (3): 4.7/12 MB | 172/228 kB | 0.3/3.8 MB
2026.07.28 10:55:32 INFO  Progress (3): 4.7/12 MB | 172/228 kB | 0.3/3.8 MB
2026.07.28 10:55:32 INFO  Progress (3): 4.7/12 MB | 188/228 kB | 0.3/3.8 MB
2026.07.28 10:55:32 INFO  Progress (3): 4.7/12 MB | 188/228 kB | 0.3/3.8 MB
2026.07.28 10:55:32 INFO  Progress (3): 4.7/12 MB | 188/228 kB | 0.3/3.8 MB
2026.07.28 10:55:32 INFO  Progress (3): 4.7/12 MB | 188/228 kB | 0.3/3.8 MB
2026.07.28 10:55:32 INFO  Progress (3): 4.7/12 MB | 204/228 kB | 0.3/3.8 MB
2026.07.28 10:55:32 INFO  Progress (3): 4.7/12 MB | 204/228 kB | 0.3/3.8 MB
2026.07.28 10:55:32 INFO  Progress (4): 4.7/12 MB | 204/228 kB | 0.3/3.8 MB | 7.7/270 kB
2026.07.28 10:55:32 INFO  Progress (4): 4.7/12 MB | 204/228 kB | 0.3/3.8 MB | 16/270 kB 
2026.07.28 10:55:32 INFO  Progress (4): 4.7/12 MB | 204/228 kB | 0.3/3.8 MB | 24/270 kB
2026.07.28 10:55:32 INFO  Progress (4): 4.7/12 MB | 204/228 kB | 0.3/3.8 MB | 24/270 kB
2026.07.28 10:55:32 INFO  Progress (4): 4.7/12 MB | 221/228 kB | 0.3/3.8 MB | 24/270 kB
2026.07.28 10:55:32 INFO  Progress (4): 4.7/12 MB | 221/228 kB | 0.4/3.8 MB | 24/270 kB
2026.07.28 10:55:32 INFO  Progress (4): 4.7/12 MB | 228 kB | 0.4/3.8 MB | 24/270 kB    
2026.07.28 10:55:32 INFO                                                           
2026.07.28 10:55:32 INFO  Downloaded from central: https://repo.maven.apache.org/maven2/org/jline/jline-terminal/3.19.0/jline-terminal-3.19.0.jar (228 kB at 70 kB/s)
2026.07.28 10:55:32 INFO  Downloading from central: https://repo.maven.apache.org/maven2/org/scala-lang/modules/scala-parser-combinators_2.13/1.1.2/scala-parser-combinators_2.13-1.1.2.jar
2026.07.28 10:55:32 INFO  Progress (3): 4.7/12 MB | 0.4/3.8 MB | 24/270 kB
2026.07.28 10:55:32 INFO  Progress (3): 4.7/12 MB | 0.4/3.8 MB | 24/270 kB
2026.07.28 10:55:32 INFO  Progress (3): 4.8/12 MB | 0.4/3.8 MB | 24/270 kB
2026.07.28 10:55:32 INFO  Progress (3): 4.8/12 MB | 0.4/3.8 MB | 40/270 kB
2026.07.28 10:55:32 INFO  Progress (3): 4.8/12 MB | 0.4/3.8 MB | 57/270 kB
2026.07.28 10:55:32 INFO  Progress (3): 4.8/12 MB | 0.4/3.8 MB | 57/270 kB
2026.07.28 10:55:32 INFO  Progress (3): 4.8/12 MB | 0.4/3.8 MB | 57/270 kB
2026.07.28 10:55:32 INFO  Progress (3): 4.8/12 MB | 0.4/3.8 MB | 57/270 kB
2026.07.28 10:55:32 INFO  Progress (3): 4.8/12 MB | 0.4/3.8 MB | 73/270 kB
2026.07.28 10:55:32 INFO  Progress (3): 4.8/12 MB | 0.4/3.8 MB | 73/270 kB
2026.07.28 10:55:32 INFO  Progress (3): 4.8/12 MB | 0.5/3.8 MB | 73/270 kB
2026.07.28 10:55:32 INFO  Progress (3): 4.8/12 MB | 0.5/3.8 MB | 73/270 kB
2026.07.28 10:55:32 INFO  Progress (3): 4.8/12 MB | 0.5/3.8 MB | 90/270 kB
2026.07.28 10:55:32 INFO  Progress (3): 4.8/12 MB | 0.5/3.8 MB | 98/270 kB
2026.07.28 10:55:32 INFO  Progress (3): 4.8/12 MB | 0.5/3.8 MB | 98/270 kB
2026.07.28 10:55:32 INFO  Progress (3): 4.8/12 MB | 0.5/3.8 MB | 98/270 kB
2026.07.28 10:55:32 INFO  Progress (3): 4.8/12 MB | 0.5/3.8 MB | 98/270 kB
2026.07.28 10:55:32 INFO  Progress (3): 4.8/12 MB | 0.5/3.8 MB | 98/270 kB
2026.07.28 10:55:32 INFO  Progress (3): 4.8/12 MB | 0.5/3.8 MB | 115/270 kB
2026.07.28 10:55:32 INFO  Progress (3): 4.8/12 MB | 0.5/3.8 MB | 115/270 kB
2026.07.28 10:55:32 INFO  Progress (3): 4.8/12 MB | 0.5/3.8 MB | 115/270 kB
2026.07.28 10:55:32 INFO  Progress (3): 4.8/12 MB | 0.5/3.8 MB | 131/270 kB
2026.07.28 10:55:32 INFO  Progress (3): 4.8/12 MB | 0.5/3.8 MB | 131/270 kB
2026.07.28 10:55:32 INFO  Progress (3): 4.8/12 MB | 0.5/3.8 MB | 131/270 kB
2026.07.28 10:55:32 INFO  Progress (3): 4.8/12 MB | 0.5/3.8 MB | 147/270 kB
2026.07.28 10:55:32 INFO  Progress (3): 4.8/12 MB | 0.5/3.8 MB | 147/270 kB
2026.07.28 10:55:32 INFO  Progress (3): 4.8/12 MB | 0.6/3.8 MB | 147/270 kB
2026.07.28 10:55:32 INFO  Progress (3): 4.9/12 MB | 0.6/3.8 MB | 147/270 kB
2026.07.28 10:55:32 INFO  Progress (3): 4.9/12 MB | 0.6/3.8 MB | 164/270 kB
2026.07.28 10:55:32 INFO  Progress (3): 4.9/12 MB | 0.6/3.8 MB | 164/270 kB
2026.07.28 10:55:32 INFO  Progress (3): 4.9/12 MB | 0.6/3.8 MB | 164/270 kB
2026.07.28 10:55:32 INFO  Progress (3): 4.9/12 MB | 0.6/3.8 MB | 180/270 kB
2026.07.28 10:55:32 INFO  Progress (3): 4.9/12 MB | 0.6/3.8 MB | 180/270 kB
2026.07.28 10:55:32 INFO  Progress (3): 4.9/12 MB | 0.6/3.8 MB | 180/270 kB
2026.07.28 10:55:32 INFO  Progress (3): 4.9/12 MB | 0.6/3.8 MB | 197/270 kB
2026.07.28 10:55:32 INFO  Progress (3): 4.9/12 MB | 0.6/3.8 MB | 197/270 kB
2026.07.28 10:55:32 INFO  Progress (3): 4.9/12 MB | 0.6/3.8 MB | 197/270 kB
2026.07.28 10:55:32 INFO  Progress (3): 4.9/12 MB | 0.6/3.8 MB | 213/270 kB
2026.07.28 10:55:32 INFO  Progress (3): 4.9/12 MB | 0.6/3.8 MB | 213/270 kB
2026.07.28 10:55:32 INFO  Progress (4): 4.9/12 MB | 0.6/3.8 MB | 213/270 kB | 7.7/254 kB
2026.07.28 10:55:32 INFO  Progress (4): 4.9/12 MB | 0.6/3.8 MB | 213/270 kB | 16/254 kB 
2026.07.28 10:55:32 INFO  Progress (4): 4.9/12 MB | 0.6/3.8 MB | 213/270 kB | 25/254 kB
2026.07.28 10:55:32 INFO  Progress (4): 4.9/12 MB | 0.6/3.8 MB | 213/270 kB | 25/254 kB
2026.07.28 10:55:32 INFO  Progress (4): 4.9/12 MB | 0.6/3.8 MB | 213/270 kB | 25/254 kB
2026.07.28 10:55:32 INFO  Progress (4): 4.9/12 MB | 0.6/3.8 MB | 229/270 kB | 25/254 kB
2026.07.28 10:55:32 INFO  Progress (4): 4.9/12 MB | 0.6/3.8 MB | 229/270 kB | 41/254 kB
2026.07.28 10:55:32 INFO  Progress (4): 4.9/12 MB | 0.6/3.8 MB | 229/270 kB | 41/254 kB
2026.07.28 10:55:32 INFO  Progress (4): 4.9/12 MB | 0.6/3.8 MB | 229/270 kB | 57/254 kB
2026.07.28 10:55:32 INFO  Progress (4): 4.9/12 MB | 0.7/3.8 MB | 229/270 kB | 57/254 kB
2026.07.28 10:55:32 INFO  Progress (4): 4.9/12 MB | 0.7/3.8 MB | 246/270 kB | 57/254 kB
2026.07.28 10:55:32 INFO  Progress (4): 5.0/12 MB | 0.7/3.8 MB | 246/270 kB | 57/254 kB
2026.07.28 10:55:32 INFO  Progress (4): 5.0/12 MB | 0.7/3.8 MB | 246/270 kB | 57/254 kB
2026.07.28 10:55:32 INFO  Progress (4): 5.0/12 MB | 0.7/3.8 MB | 246/270 kB | 57/254 kB
2026.07.28 10:55:32 INFO  Progress (4): 5.0/12 MB | 0.7/3.8 MB | 262/270 kB | 57/254 kB
2026.07.28 10:55:32 INFO  Progress (4): 5.0/12 MB | 0.7/3.8 MB | 262/270 kB | 74/254 kB
2026.07.28 10:55:32 INFO  Progress (4): 5.0/12 MB | 0.7/3.8 MB | 270 kB | 74/254 kB    
2026.07.28 10:55:32 INFO                                                           
2026.07.28 10:55:32 INFO  Downloaded from central: https://repo.maven.apache.org/maven2/org/scala-sbt/zinc-persist_2.13/1.8.0/zinc-persist_2.13-1.8.0.jar (270 kB at 81 kB/s)
2026.07.28 10:55:32 INFO  Downloading from central: https://repo.maven.apache.org/maven2/net/openhft/zero-allocation-hashing/0.10.1/zero-allocation-hashing-0.10.1.jar
2026.07.28 10:55:32 INFO  Progress (3): 5.0/12 MB | 0.7/3.8 MB | 74/254 kB
2026.07.28 10:55:32 INFO  Progress (3): 5.0/12 MB | 0.7/3.8 MB | 74/254 kB
2026.07.28 10:55:32 INFO  Progress (3): 5.0/12 MB | 0.7/3.8 MB | 90/254 kB
2026.07.28 10:55:32 INFO  Progress (3): 5.0/12 MB | 0.7/3.8 MB | 90/254 kB
2026.07.28 10:55:32 INFO  Progress (3): 5.0/12 MB | 0.7/3.8 MB | 90/254 kB
2026.07.28 10:55:32 INFO  Progress (3): 5.0/12 MB | 0.7/3.8 MB | 106/254 kB
2026.07.28 10:55:32 INFO  Progress (3): 5.0/12 MB | 0.7/3.8 MB | 106/254 kB
2026.07.28 10:55:32 INFO  Progress (3): 5.0/12 MB | 0.7/3.8 MB | 106/254 kB
2026.07.28 10:55:32 INFO  Progress (3): 5.0/12 MB | 0.7/3.8 MB | 123/254 kB
2026.07.28 10:55:32 INFO  Progress (3): 5.0/12 MB | 0.7/3.8 MB | 123/254 kB
2026.07.28 10:55:32 INFO  Progress (3): 5.0/12 MB | 0.7/3.8 MB | 139/254 kB
2026.07.28 10:55:32 INFO  Progress (3): 5.0/12 MB | 0.8/3.8 MB | 139/254 kB
2026.07.28 10:55:32 INFO  Progress (3): 5.0/12 MB | 0.8/3.8 MB | 139/254 kB
2026.07.28 10:55:32 INFO  Progress (3): 5.0/12 MB | 0.8/3.8 MB | 139/254 kB
2026.07.28 10:55:32 INFO  Progress (3): 5.0/12 MB | 0.8/3.8 MB | 156/254 kB
2026.07.28 10:55:32 INFO  Progress (3): 5.0/12 MB | 0.8/3.8 MB | 156/254 kB
2026.07.28 10:55:32 INFO  Progress (3): 5.1/12 MB | 0.8/3.8 MB | 156/254 kB
2026.07.28 10:55:32 INFO  Progress (3): 5.1/12 MB | 0.8/3.8 MB | 172/254 kB
2026.07.28 10:55:32 INFO  Progress (3): 5.1/12 MB | 0.8/3.8 MB | 172/254 kB
2026.07.28 10:55:32 INFO  Progress (3): 5.1/12 MB | 0.8/3.8 MB | 172/254 kB
2026.07.28 10:55:32 INFO  Progress (3): 5.1/12 MB | 0.8/3.8 MB | 188/254 kB
2026.07.28 10:55:32 INFO  Progress (3): 5.1/12 MB | 0.8/3.8 MB | 188/254 kB
2026.07.28 10:55:32 INFO  Progress (4): 5.1/12 MB | 0.8/3.8 MB | 188/254 kB | 7.7/225 kB
2026.07.28 10:55:32 INFO  Progress (4): 5.1/12 MB | 0.8/3.8 MB | 188/254 kB | 16/225 kB 
2026.07.28 10:55:32 INFO  Progress (4): 5.1/12 MB | 0.8/3.8 MB | 188/254 kB | 16/225 kB
2026.07.28 10:55:32 INFO  Progress (4): 5.1/12 MB | 0.8/3.8 MB | 205/254 kB | 16/225 kB
2026.07.28 10:55:32 INFO  Progress (4): 5.1/12 MB | 0.8/3.8 MB | 205/254 kB | 32/225 kB
2026.07.28 10:55:32 INFO  Progress (4): 5.1/12 MB | 0.9/3.8 MB | 205/254 kB | 32/225 kB
2026.07.28 10:55:32 INFO  Progress (4): 5.1/12 MB | 0.9/3.8 MB | 205/254 kB | 32/225 kB
2026.07.28 10:55:32 INFO  Progress (4): 5.1/12 MB | 0.9/3.8 MB | 221/254 kB | 32/225 kB
2026.07.28 10:55:32 INFO  Progress (4): 5.1/12 MB | 0.9/3.8 MB | 221/254 kB | 32/225 kB
2026.07.28 10:55:32 INFO  Progress (4): 5.1/12 MB | 0.9/3.8 MB | 221/254 kB | 49/225 kB
2026.07.28 10:55:32 INFO  Progress (4): 5.1/12 MB | 0.9/3.8 MB | 238/254 kB | 49/225 kB
2026.07.28 10:55:32 INFO  Progress (4): 5.1/12 MB | 0.9/3.8 MB | 238/254 kB | 49/225 kB
2026.07.28 10:55:32 INFO  Progress (4): 5.1/12 MB | 0.9/3.8 MB | 238/254 kB | 49/225 kB
2026.07.28 10:55:32 INFO  Progress (4): 5.1/12 MB | 0.9/3.8 MB | 238/254 kB | 49/225 kB
2026.07.28 10:55:32 INFO  Progress (4): 5.1/12 MB | 0.9/3.8 MB | 238/254 kB | 65/225 kB
2026.07.28 10:55:32 INFO  Progress (4): 5.1/12 MB | 0.9/3.8 MB | 254 kB | 65/225 kB    
2026.07.28 10:55:32 INFO                                                           
2026.07.28 10:55:32 INFO  Downloaded from central: https://repo.maven.apache.org/maven2/org/scala-sbt/zinc-compile-core_2.13/1.8.0/zinc-compile-core_2.13-1.8.0.jar (254 kB at 75 kB/s)
2026.07.28 10:55:32 INFO  Downloading from central: https://repo.maven.apache.org/maven2/org/scala-sbt/util-control_2.13/1.8.0/util-control_2.13-1.8.0.jar
2026.07.28 10:55:32 INFO  Progress (3): 5.1/12 MB | 0.9/3.8 MB | 65/225 kB
2026.07.28 10:55:32 INFO  Progress (3): 5.1/12 MB | 0.9/3.8 MB | 65/225 kB
2026.07.28 10:55:32 INFO  Progress (3): 5.1/12 MB | 0.9/3.8 MB | 65/225 kB
2026.07.28 10:55:32 INFO  Progress (3): 5.1/12 MB | 0.9/3.8 MB | 81/225 kB
2026.07.28 10:55:32 INFO  Progress (3): 5.1/12 MB | 0.9/3.8 MB | 81/225 kB
2026.07.28 10:55:32 INFO  Progress (3): 5.1/12 MB | 0.9/3.8 MB | 81/225 kB
2026.07.28 10:55:32 INFO  Progress (3): 5.1/12 MB | 0.9/3.8 MB | 98/225 kB
2026.07.28 10:55:32 INFO  Progress (3): 5.1/12 MB | 1.0/3.8 MB | 98/225 kB
2026.07.28 10:55:32 INFO  Progress (3): 5.1/12 MB | 1.0/3.8 MB | 98/225 kB
2026.07.28 10:55:32 INFO  Progress (3): 5.1/12 MB | 1.0/3.8 MB | 98/225 kB
2026.07.28 10:55:32 INFO  Progress (3): 5.2/12 MB | 1.0/3.8 MB | 98/225 kB
2026.07.28 10:55:32 INFO  Progress (3): 5.2/12 MB | 1.0/3.8 MB | 114/225 kB
2026.07.28 10:55:32 INFO  Progress (3): 5.2/12 MB | 1.0/3.8 MB | 114/225 kB
2026.07.28 10:55:32 INFO  Progress (3): 5.2/12 MB | 1.0/3.8 MB | 114/225 kB
2026.07.28 10:55:32 INFO  Progress (3): 5.2/12 MB | 1.0/3.8 MB | 130/225 kB
2026.07.28 10:55:32 INFO  Progress (3): 5.2/12 MB | 1.0/3.8 MB | 130/225 kB
2026.07.28 10:55:32 INFO  Progress (3): 5.2/12 MB | 1.0/3.8 MB | 130/225 kB
2026.07.28 10:55:32 INFO  Progress (3): 5.2/12 MB | 1.0/3.8 MB | 147/225 kB
2026.07.28 10:55:32 INFO  Progress (3): 5.2/12 MB | 1.1/3.8 MB | 147/225 kB
2026.07.28 10:55:32 INFO  Progress (3): 5.2/12 MB | 1.1/3.8 MB | 147/225 kB
2026.07.28 10:55:32 INFO  Progress (3): 5.2/12 MB | 1.1/3.8 MB | 147/225 kB
2026.07.28 10:55:32 INFO  Progress (3): 5.2/12 MB | 1.1/3.8 MB | 163/225 kB
2026.07.28 10:55:32 INFO  Progress (3): 5.2/12 MB | 1.1/3.8 MB | 163/225 kB
2026.07.28 10:55:32 INFO  Progress (3): 5.2/12 MB | 1.1/3.8 MB | 163/225 kB
2026.07.28 10:55:32 INFO  Progress (3): 5.2/12 MB | 1.1/3.8 MB | 163/225 kB
2026.07.28 10:55:32 INFO  Progress (3): 5.2/12 MB | 1.1/3.8 MB | 179/225 kB
2026.07.28 10:55:32 INFO  Progress (3): 5.2/12 MB | 1.1/3.8 MB | 179/225 kB
2026.07.28 10:55:32 INFO  Progress (3): 5.2/12 MB | 1.1/3.8 MB | 179/225 kB
2026.07.28 10:55:32 INFO  Progress (3): 5.2/12 MB | 1.1/3.8 MB | 179/225 kB
2026.07.28 10:55:32 INFO  Progress (3): 5.2/12 MB | 1.1/3.8 MB | 179/225 kB
2026.07.28 10:55:32 INFO  Progress (3): 5.2/12 MB | 1.1/3.8 MB | 196/225 kB
2026.07.28 10:55:32 INFO  Progress (3): 5.2/12 MB | 1.2/3.8 MB | 196/225 kB
2026.07.28 10:55:32 INFO  Progress (3): 5.3/12 MB | 1.2/3.8 MB | 196/225 kB
2026.07.28 10:55:32 INFO  Progress (4): 5.3/12 MB | 1.2/3.8 MB | 196/225 kB | 7.7/60 kB
2026.07.28 10:55:32 INFO  Progress (4): 5.3/12 MB | 1.2/3.8 MB | 196/225 kB | 7.7/60 kB
2026.07.28 10:55:32 INFO  Progress (4): 5.3/12 MB | 1.2/3.8 MB | 196/225 kB | 16/60 kB 
2026.07.28 10:55:32 INFO  Progress (4): 5.3/12 MB | 1.2/3.8 MB | 196/225 kB | 16/60 kB
2026.07.28 10:55:32 INFO  Progress (4): 5.3/12 MB | 1.2/3.8 MB | 196/225 kB | 16/60 kB
2026.07.28 10:55:32 INFO  Progress (4): 5.3/12 MB | 1.2/3.8 MB | 196/225 kB | 28/60 kB
2026.07.28 10:55:32 INFO  Progress (4): 5.3/12 MB | 1.2/3.8 MB | 196/225 kB | 28/60 kB
2026.07.28 10:55:32 INFO  Progress (4): 5.3/12 MB | 1.2/3.8 MB | 196/225 kB | 44/60 kB
2026.07.28 10:55:32 INFO  Progress (4): 5.3/12 MB | 1.2/3.8 MB | 196/225 kB | 44/60 kB
2026.07.28 10:55:32 INFO  Progress (4): 5.3/12 MB | 1.2/3.8 MB | 196/225 kB | 44/60 kB
2026.07.28 10:55:32 INFO  Progress (4): 5.3/12 MB | 1.2/3.8 MB | 196/225 kB | 44/60 kB
2026.07.28 10:55:32 INFO  Progress (4): 5.3/12 MB | 1.2/3.8 MB | 196/225 kB | 44/60 kB
2026.07.28 10:55:32 INFO  Progress (4): 5.3/12 MB | 1.2/3.8 MB | 196/225 kB | 60 kB   
2026.07.28 10:55:32 INFO  Progress (4): 5.3/12 MB | 1.2/3.8 MB | 196/225 kB | 60 kB
2026.07.28 10:55:32 INFO  Progress (4): 5.3/12 MB | 1.3/3.8 MB | 196/225 kB | 60 kB
2026.07.28 10:55:32 INFO  Progress (4): 5.3/12 MB | 1.3/3.8 MB | 196/225 kB | 60 kB
2026.07.28 10:55:32 INFO                                                           
2026.07.28 10:55:32 INFO  Downloaded from central: https://repo.maven.apache.org/maven2/net/openhft/zero-allocation-hashing/0.10.1/zero-allocation-hashing-0.10.1.jar (60 kB at 17 kB/s)
2026.07.28 10:55:32 INFO  Downloading from central: https://repo.maven.apache.org/maven2/org/scala-sbt/zinc-classfile_2.13/1.8.0/zinc-classfile_2.13-1.8.0.jar
2026.07.28 10:55:32 INFO  Progress (3): 5.3/12 MB | 1.3/3.8 MB | 196/225 kB
2026.07.28 10:55:32 INFO  Progress (3): 5.3/12 MB | 1.3/3.8 MB | 196/225 kB
2026.07.28 10:55:32 INFO  Progress (3): 5.3/12 MB | 1.3/3.8 MB | 196/225 kB
2026.07.28 10:55:32 INFO  Progress (3): 5.4/12 MB | 1.3/3.8 MB | 196/225 kB
2026.07.28 10:55:32 INFO  Progress (3): 5.4/12 MB | 1.3/3.8 MB | 196/225 kB
2026.07.28 10:55:32 INFO  Progress (3): 5.4/12 MB | 1.3/3.8 MB | 196/225 kB
2026.07.28 10:55:32 INFO  Progress (3): 5.4/12 MB | 1.4/3.8 MB | 196/225 kB
2026.07.28 10:55:32 INFO  Progress (3): 5.4/12 MB | 1.4/3.8 MB | 196/225 kB
2026.07.28 10:55:32 INFO  Progress (3): 5.4/12 MB | 1.4/3.8 MB | 196/225 kB
2026.07.28 10:55:32 INFO  Progress (3): 5.4/12 MB | 1.4/3.8 MB | 196/225 kB
2026.07.28 10:55:32 INFO  Progress (3): 5.4/12 MB | 1.4/3.8 MB | 196/225 kB
2026.07.28 10:55:32 INFO  Progress (3): 5.4/12 MB | 1.4/3.8 MB | 196/225 kB
2026.07.28 10:55:32 INFO  Progress (3): 5.4/12 MB | 1.4/3.8 MB | 196/225 kB
2026.07.28 10:55:32 INFO  Progress (3): 5.4/12 MB | 1.4/3.8 MB | 196/225 kB
2026.07.28 10:55:32 INFO  Progress (3): 5.4/12 MB | 1.4/3.8 MB | 196/225 kB
2026.07.28 10:55:32 INFO  Progress (3): 5.4/12 MB | 1.4/3.8 MB | 196/225 kB
2026.07.28 10:55:32 INFO  Progress (3): 5.4/12 MB | 1.4/3.8 MB | 196/225 kB
2026.07.28 10:55:32 INFO  Progress (3): 5.5/12 MB | 1.4/3.8 MB | 196/225 kB
2026.07.28 10:55:32 INFO  Progress (3): 5.5/12 MB | 1.5/3.8 MB | 196/225 kB
2026.07.28 10:55:32 INFO  Progress (4): 5.5/12 MB | 1.5/3.8 MB | 196/225 kB | 7.7/19 kB
2026.07.28 10:55:32 INFO  Progress (4): 5.5/12 MB | 1.5/3.8 MB | 196/225 kB | 16/19 kB 
2026.07.28 10:55:32 INFO  Progress (4): 5.5/12 MB | 1.5/3.8 MB | 196/225 kB | 19 kB   
2026.07.28 10:55:32 INFO                                                           
2026.07.28 10:55:32 INFO  Downloaded from central: https://repo.maven.apache.org/maven2/org/scala-sbt/util-control_2.13/1.8.0/util-control_2.13-1.8.0.jar (19 kB at 5.4 kB/s)
2026.07.28 10:55:32 INFO  Progress (3): 5.5/12 MB | 1.5/3.8 MB | 196/225 kB
2026.07.28 10:55:32 INFO  Progress (3): 5.5/12 MB | 1.5/3.8 MB | 196/225 kB
2026.07.28 10:55:32 INFO  Progress (3): 5.5/12 MB | 1.5/3.8 MB | 196/225 kB
2026.07.28 10:55:32 INFO  Progress (3): 5.5/12 MB | 1.5/3.8 MB | 196/225 kB
2026.07.28 10:55:32 INFO  Progress (3): 5.5/12 MB | 1.5/3.8 MB | 196/225 kB
2026.07.28 10:55:32 INFO  Progress (3): 5.5/12 MB | 1.6/3.8 MB | 196/225 kB
2026.07.28 10:55:32 INFO  Progress (3): 5.5/12 MB | 1.6/3.8 MB | 196/225 kB
2026.07.28 10:55:32 INFO  Progress (3): 5.5/12 MB | 1.6/3.8 MB | 196/225 kB
2026.07.28 10:55:32 INFO  Progress (3): 5.5/12 MB | 1.6/3.8 MB | 196/225 kB
2026.07.28 10:55:32 INFO  Progress (3): 5.5/12 MB | 1.6/3.8 MB | 196/225 kB
2026.07.28 10:55:32 INFO  Progress (3): 5.5/12 MB | 1.6/3.8 MB | 196/225 kB
2026.07.28 10:55:32 INFO  Progress (3): 5.5/12 MB | 1.6/3.8 MB | 196/225 kB
2026.07.28 10:55:32 INFO  Progress (3): 5.5/12 MB | 1.7/3.8 MB | 196/225 kB
2026.07.28 10:55:32 INFO  Progress (3): 5.5/12 MB | 1.7/3.8 MB | 196/225 kB
2026.07.28 10:55:32 INFO  Progress (3): 5.5/12 MB | 1.7/3.8 MB | 196/225 kB
2026.07.28 10:55:32 INFO  Progress (3): 5.5/12 MB | 1.7/3.8 MB | 196/225 kB
2026.07.28 10:55:32 INFO  Progress (3): 5.5/12 MB | 1.7/3.8 MB | 196/225 kB
2026.07.28 10:55:32 INFO  Progress (3): 5.5/12 MB | 1.7/3.8 MB | 196/225 kB
2026.07.28 10:55:32 INFO  Progress (3): 5.5/12 MB | 1.7/3.8 MB | 196/225 kB
2026.07.28 10:55:32 INFO  Progress (3): 5.5/12 MB | 1.7/3.8 MB | 196/225 kB
2026.07.28 10:55:32 INFO  Progress (3): 5.5/12 MB | 1.7/3.8 MB | 196/225 kB
2026.07.28 10:55:32 INFO  Progress (3): 5.6/12 MB | 1.7/3.8 MB | 196/225 kB
2026.07.28 10:55:32 INFO  Progress (3): 5.6/12 MB | 1.7/3.8 MB | 196/225 kB
2026.07.28 10:55:32 INFO  Progress (3): 5.6/12 MB | 1.7/3.8 MB | 196/225 kB
2026.07.28 10:55:32 INFO  Progress (3): 5.6/12 MB | 1.8/3.8 MB | 196/225 kB
2026.07.28 10:55:32 INFO  Progress (3): 5.6/12 MB | 1.8/3.8 MB | 196/225 kB
2026.07.28 10:55:32 INFO  Progress (3): 5.6/12 MB | 1.8/3.8 MB | 196/225 kB
2026.07.28 10:55:32 INFO  Progress (3): 5.6/12 MB | 1.8/3.8 MB | 196/225 kB
2026.07.28 10:55:32 INFO  Progress (3): 5.6/12 MB | 1.8/3.8 MB | 196/225 kB
2026.07.28 10:55:32 INFO  Progress (3): 5.6/12 MB | 1.8/3.8 MB | 196/225 kB
2026.07.28 10:55:32 INFO  Progress (3): 5.6/12 MB | 1.8/3.8 MB | 196/225 kB
2026.07.28 10:55:32 INFO  Progress (3): 5.7/12 MB | 1.8/3.8 MB | 196/225 kB
2026.07.28 10:55:32 INFO  Progress (3): 5.7/12 MB | 1.8/3.8 MB | 196/225 kB
2026.07.28 10:55:32 INFO  Progress (3): 5.7/12 MB | 1.8/3.8 MB | 196/225 kB
2026.07.28 10:55:32 INFO  Progress (3): 5.7/12 MB | 1.8/3.8 MB | 196/225 kB
2026.07.28 10:55:32 INFO  Progress (3): 5.7/12 MB | 1.8/3.8 MB | 196/225 kB
2026.07.28 10:55:32 INFO  Progress (3): 5.7/12 MB | 1.8/3.8 MB | 196/225 kB
2026.07.28 10:55:32 INFO  Progress (3): 5.7/12 MB | 1.8/3.8 MB | 196/225 kB
2026.07.28 10:55:32 INFO  Progress (3): 5.7/12 MB | 1.8/3.8 MB | 196/225 kB
2026.07.28 10:55:32 INFO  Progress (3): 5.7/12 MB | 1.8/3.8 MB | 196/225 kB
2026.07.28 10:55:32 INFO  Progress (3): 5.7/12 MB | 1.9/3.8 MB | 196/225 kB
2026.07.28 10:55:32 INFO  Progress (3): 5.8/12 MB | 1.9/3.8 MB | 196/225 kB
2026.07.28 10:55:32 INFO  Progress (3): 5.8/12 MB | 1.9/3.8 MB | 196/225 kB
2026.07.28 10:55:32 INFO  Progress (3): 5.8/12 MB | 1.9/3.8 MB | 196/225 kB
2026.07.28 10:55:32 INFO  Progress (3): 5.8/12 MB | 1.9/3.8 MB | 196/225 kB
2026.07.28 10:55:32 INFO  Progress (3): 5.8/12 MB | 1.9/3.8 MB | 196/225 kB
2026.07.28 10:55:32 INFO  Progress (3): 5.8/12 MB | 1.9/3.8 MB | 196/225 kB
2026.07.28 10:55:32 INFO  Progress (3): 5.8/12 MB | 1.9/3.8 MB | 212/225 kB
2026.07.28 10:55:32 INFO  Progress (3): 5.8/12 MB | 1.9/3.8 MB | 212/225 kB
2026.07.28 10:55:32 INFO  Progress (3): 5.8/12 MB | 1.9/3.8 MB | 212/225 kB
2026.07.28 10:55:32 INFO  Progress (3): 5.8/12 MB | 1.9/3.8 MB | 212/225 kB
2026.07.28 10:55:32 INFO  Progress (3): 5.8/12 MB | 1.9/3.8 MB | 212/225 kB
2026.07.28 10:55:32 INFO  Progress (3): 5.8/12 MB | 1.9/3.8 MB | 212/225 kB
2026.07.28 10:55:32 INFO  Progress (3): 5.8/12 MB | 1.9/3.8 MB | 212/225 kB
2026.07.28 10:55:32 INFO  Progress (3): 5.8/12 MB | 2.0/3.8 MB | 212/225 kB
2026.07.28 10:55:32 INFO  Progress (3): 5.8/12 MB | 2.0/3.8 MB | 212/225 kB
2026.07.28 10:55:32 INFO  Progress (3): 5.8/12 MB | 2.0/3.8 MB | 212/225 kB
2026.07.28 10:55:32 INFO  Progress (3): 5.8/12 MB | 2.0/3.8 MB | 212/225 kB
2026.07.28 10:55:32 INFO  Progress (3): 5.9/12 MB | 2.0/3.8 MB | 212/225 kB
2026.07.28 10:55:32 INFO  Progress (3): 5.9/12 MB | 2.0/3.8 MB | 212/225 kB
2026.07.28 10:55:32 INFO  Progress (3): 5.9/12 MB | 2.0/3.8 MB | 212/225 kB
2026.07.28 10:55:32 INFO  Progress (3): 5.9/12 MB | 2.0/3.8 MB | 212/225 kB
2026.07.28 10:55:32 INFO  Progress (3): 5.9/12 MB | 2.0/3.8 MB | 212/225 kB
2026.07.28 10:55:32 INFO  Progress (3): 5.9/12 MB | 2.0/3.8 MB | 212/225 kB
2026.07.28 10:55:32 INFO  Progress (3): 5.9/12 MB | 2.1/3.8 MB | 212/225 kB
2026.07.28 10:55:32 INFO  Progress (3): 5.9/12 MB | 2.1/3.8 MB | 212/225 kB
2026.07.28 10:55:32 INFO  Progress (3): 5.9/12 MB | 2.1/3.8 MB | 212/225 kB
2026.07.28 10:55:32 INFO  Progress (3): 5.9/12 MB | 2.1/3.8 MB | 212/225 kB
2026.07.28 10:55:32 INFO  Progress (4): 5.9/12 MB | 2.1/3.8 MB | 212/225 kB | 7.7/108 kB
2026.07.28 10:55:32 INFO  Progress (4): 5.9/12 MB | 2.1/3.8 MB | 212/225 kB | 12/108 kB 
2026.07.28 10:55:32 INFO  Progress (4): 5.9/12 MB | 2.1/3.8 MB | 212/225 kB | 12/108 kB
2026.07.28 10:55:32 INFO  Progress (4): 5.9/12 MB | 2.1/3.8 MB | 212/225 kB | 29/108 kB
2026.07.28 10:55:32 INFO  Progress (4): 5.9/12 MB | 2.1/3.8 MB | 212/225 kB | 29/108 kB
2026.07.28 10:55:32 INFO  Progress (4): 5.9/12 MB | 2.1/3.8 MB | 212/225 kB | 29/108 kB
2026.07.28 10:55:32 INFO  Progress (4): 5.9/12 MB | 2.1/3.8 MB | 212/225 kB | 29/108 kB
2026.07.28 10:55:32 INFO  Progress (4): 5.9/12 MB | 2.1/3.8 MB | 212/225 kB | 45/108 kB
2026.07.28 10:55:32 INFO  Progress (4): 5.9/12 MB | 2.1/3.8 MB | 212/225 kB | 45/108 kB
2026.07.28 10:55:32 INFO  Progress (4): 5.9/12 MB | 2.2/3.8 MB | 212/225 kB | 45/108 kB
2026.07.28 10:55:32 INFO  Progress (4): 6.0/12 MB | 2.2/3.8 MB | 212/225 kB | 45/108 kB
2026.07.28 10:55:32 INFO  Progress (4): 6.0/12 MB | 2.2/3.8 MB | 212/225 kB | 61/108 kB
2026.07.28 10:55:32 INFO  Progress (4): 6.0/12 MB | 2.2/3.8 MB | 212/225 kB | 61/108 kB
2026.07.28 10:55:32 INFO  Progress (4): 6.0/12 MB | 2.2/3.8 MB | 212/225 kB | 61/108 kB
2026.07.28 10:55:32 INFO  Progress (4): 6.0/12 MB | 2.2/3.8 MB | 212/225 kB | 78/108 kB
2026.07.28 10:55:32 INFO  Progress (4): 6.0/12 MB | 2.2/3.8 MB | 212/225 kB | 78/108 kB
2026.07.28 10:55:32 INFO  Progress (4): 6.0/12 MB | 2.2/3.8 MB | 212/225 kB | 78/108 kB
2026.07.28 10:55:32 INFO  Progress (4): 6.0/12 MB | 2.2/3.8 MB | 212/225 kB | 78/108 kB
2026.07.28 10:55:32 INFO  Progress (4): 6.0/12 MB | 2.2/3.8 MB | 212/225 kB | 94/108 kB
2026.07.28 10:55:32 INFO  Progress (4): 6.0/12 MB | 2.2/3.8 MB | 212/225 kB | 94/108 kB
2026.07.28 10:55:32 INFO  Progress (4): 6.0/12 MB | 2.2/3.8 MB | 212/225 kB | 94/108 kB
2026.07.28 10:55:32 INFO  Progress (4): 6.0/12 MB | 2.2/3.8 MB | 212/225 kB | 108 kB   
2026.07.28 10:55:32 INFO                                                            
2026.07.28 10:55:32 INFO  Downloaded from central: https://repo.maven.apache.org/maven2/org/scala-sbt/zinc-classfile_2.13/1.8.0/zinc-classfile_2.13-1.8.0.jar (108 kB at 29 kB/s)
2026.07.28 10:55:32 INFO  Progress (3): 6.0/12 MB | 2.2/3.8 MB | 212/225 kB
2026.07.28 10:55:32 INFO  Progress (3): 6.0/12 MB | 2.2/3.8 MB | 212/225 kB
2026.07.28 10:55:32 INFO  Progress (3): 6.0/12 MB | 2.3/3.8 MB | 212/225 kB
2026.07.28 10:55:32 INFO  Progress (3): 6.0/12 MB | 2.3/3.8 MB | 212/225 kB
2026.07.28 10:55:32 INFO  Progress (3): 6.0/12 MB | 2.3/3.8 MB | 212/225 kB
2026.07.28 10:55:32 INFO  Progress (3): 6.0/12 MB | 2.3/3.8 MB | 225 kB    
2026.07.28 10:55:32 INFO                                               
2026.07.28 10:55:32 INFO  Downloaded from central: https://repo.maven.apache.org/maven2/org/scala-lang/modules/scala-parser-combinators_2.13/1.1.2/scala-parser-combinators_2.13-1.1.2.jar (225 kB at 61 kB/s)
2026.07.28 10:55:32 INFO  Progress (2): 6.1/12 MB | 2.3/3.8 MB
2026.07.28 10:55:32 INFO  Progress (2): 6.1/12 MB | 2.3/3.8 MB
2026.07.28 10:55:32 INFO  Progress (2): 6.1/12 MB | 2.3/3.8 MB
2026.07.28 10:55:33 INFO  Progress (2): 6.1/12 MB | 2.3/3.8 MB
2026.07.28 10:55:33 INFO  Progress (2): 6.1/12 MB | 2.3/3.8 MB
2026.07.28 10:55:33 INFO  Progress (2): 6.1/12 MB | 2.3/3.8 MB
2026.07.28 10:55:33 INFO  Progress (2): 6.1/12 MB | 2.3/3.8 MB
2026.07.28 10:55:33 INFO  Progress (2): 6.1/12 MB | 2.3/3.8 MB
2026.07.28 10:55:33 INFO  Progress (2): 6.1/12 MB | 2.4/3.8 MB
2026.07.28 10:55:33 INFO  Progress (2): 6.1/12 MB | 2.4/3.8 MB
2026.07.28 10:55:33 INFO  Progress (2): 6.1/12 MB | 2.4/3.8 MB
2026.07.28 10:55:33 INFO  Progress (2): 6.1/12 MB | 2.4/3.8 MB
2026.07.28 10:55:33 INFO  Progress (2): 6.1/12 MB | 2.4/3.8 MB
2026.07.28 10:55:33 INFO  Progress (2): 6.1/12 MB | 2.4/3.8 MB
2026.07.28 10:55:33 INFO  Progress (2): 6.1/12 MB | 2.4/3.8 MB
2026.07.28 10:55:33 INFO  Progress (2): 6.1/12 MB | 2.4/3.8 MB
2026.07.28 10:55:33 INFO  Progress (2): 6.1/12 MB | 2.4/3.8 MB
2026.07.28 10:55:33 INFO  Progress (2): 6.2/12 MB | 2.4/3.8 MB
2026.07.28 10:55:33 INFO  Progress (2): 6.2/12 MB | 2.5/3.8 MB
2026.07.28 10:55:33 INFO  Progress (2): 6.2/12 MB | 2.5/3.8 MB
2026.07.28 10:55:33 INFO  Progress (2): 6.2/12 MB | 2.5/3.8 MB
2026.07.28 10:55:33 INFO  Progress (2): 6.2/12 MB | 2.5/3.8 MB
2026.07.28 10:55:33 INFO  Progress (2): 6.2/12 MB | 2.5/3.8 MB
2026.07.28 10:55:33 INFO  Progress (2): 6.2/12 MB | 2.5/3.8 MB
2026.07.28 10:55:33 INFO  Progress (2): 6.2/12 MB | 2.5/3.8 MB
2026.07.28 10:55:33 INFO  Progress (2): 6.2/12 MB | 2.5/3.8 MB
2026.07.28 10:55:33 INFO  Progress (2): 6.2/12 MB | 2.5/3.8 MB
2026.07.28 10:55:33 INFO  Progress (2): 6.2/12 MB | 2.6/3.8 MB
2026.07.28 10:55:33 INFO  Progress (2): 6.2/12 MB | 2.6/3.8 MB
2026.07.28 10:55:33 INFO  Progress (2): 6.2/12 MB | 2.6/3.8 MB
2026.07.28 10:55:33 INFO  Progress (2): 6.2/12 MB | 2.6/3.8 MB
2026.07.28 10:55:33 INFO  Progress (2): 6.2/12 MB | 2.6/3.8 MB
2026.07.28 10:55:33 INFO  Progress (2): 6.2/12 MB | 2.6/3.8 MB
2026.07.28 10:55:33 INFO  Progress (2): 6.3/12 MB | 2.6/3.8 MB
2026.07.28 10:55:33 INFO  Progress (2): 6.3/12 MB | 2.6/3.8 MB
2026.07.28 10:55:33 INFO  Progress (2): 6.3/12 MB | 2.6/3.8 MB
2026.07.28 10:55:33 INFO  Progress (2): 6.3/12 MB | 2.6/3.8 MB
2026.07.28 10:55:33 INFO  Progress (2): 6.3/12 MB | 2.7/3.8 MB
2026.07.28 10:55:33 INFO  Progress (2): 6.3/12 MB | 2.7/3.8 MB
2026.07.28 10:55:33 INFO  Progress (2): 6.3/12 MB | 2.7/3.8 MB
2026.07.28 10:55:33 INFO  Progress (2): 6.3/12 MB | 2.7/3.8 MB
2026.07.28 10:55:33 INFO  Progress (2): 6.3/12 MB | 2.7/3.8 MB
2026.07.28 10:55:33 INFO  Progress (2): 6.3/12 MB | 2.7/3.8 MB
2026.07.28 10:55:33 INFO  Progress (2): 6.3/12 MB | 2.7/3.8 MB
2026.07.28 10:55:33 INFO  Progress (2): 6.3/12 MB | 2.7/3.8 MB
2026.07.28 10:55:33 INFO  Progress (2): 6.4/12 MB | 2.7/3.8 MB
2026.07.28 10:55:33 INFO  Progress (2): 6.4/12 MB | 2.7/3.8 MB
2026.07.28 10:55:33 INFO  Progress (2): 6.4/12 MB | 2.7/3.8 MB
2026.07.28 10:55:33 INFO  Progress (2): 6.4/12 MB | 2.7/3.8 MB
2026.07.28 10:55:33 INFO  Progress (2): 6.4/12 MB | 2.8/3.8 MB
2026.07.28 10:55:33 INFO  Progress (2): 6.4/12 MB | 2.8/3.8 MB
2026.07.28 10:55:33 INFO  Progress (2): 6.4/12 MB | 2.8/3.8 MB
2026.07.28 10:55:33 INFO  Progress (2): 6.4/12 MB | 2.8/3.8 MB
2026.07.28 10:55:33 INFO  Progress (2): 6.4/12 MB | 2.8/3.8 MB
2026.07.28 10:55:33 INFO  Progress (2): 6.4/12 MB | 2.8/3.8 MB
2026.07.28 10:55:33 INFO  Progress (2): 6.4/12 MB | 2.8/3.8 MB
2026.07.28 10:55:33 INFO  Progress (2): 6.4/12 MB | 2.8/3.8 MB
2026.07.28 10:55:33 INFO  Progress (2): 6.5/12 MB | 2.8/3.8 MB
2026.07.28 10:55:33 INFO  Progress (2): 6.5/12 MB | 2.8/3.8 MB
2026.07.28 10:55:33 INFO  Progress (2): 6.5/12 MB | 2.8/3.8 MB
2026.07.28 10:55:33 INFO  Progress (2): 6.5/12 MB | 2.8/3.8 MB
2026.07.28 10:55:33 INFO  Progress (2): 6.5/12 MB | 2.8/3.8 MB
2026.07.28 10:55:33 INFO  Progress (2): 6.5/12 MB | 2.9/3.8 MB
2026.07.28 10:55:33 INFO  Progress (2): 6.5/12 MB | 2.9/3.8 MB
2026.07.28 10:55:33 INFO  Progress (2): 6.5/12 MB | 2.9/3.8 MB
2026.07.28 10:55:33 INFO  Progress (2): 6.5/12 MB | 2.9/3.8 MB
2026.07.28 10:55:33 INFO  Progress (2): 6.5/12 MB | 2.9/3.8 MB
2026.07.28 10:55:33 INFO  Progress (2): 6.5/12 MB | 2.9/3.8 MB
2026.07.28 10:55:33 INFO  Progress (2): 6.5/12 MB | 2.9/3.8 MB
2026.07.28 10:55:33 INFO  Progress (2): 6.5/12 MB | 2.9/3.8 MB
2026.07.28 10:55:33 INFO  Progress (2): 6.6/12 MB | 2.9/3.8 MB
2026.07.28 10:55:33 INFO  Progress (2): 6.6/12 MB | 2.9/3.8 MB
2026.07.28 10:55:33 INFO  Progress (2): 6.6/12 MB | 3.0/3.8 MB
2026.07.28 10:55:33 INFO  Progress (2): 6.6/12 MB | 3.0/3.8 MB
2026.07.28 10:55:33 INFO  Progress (2): 6.6/12 MB | 3.0/3.8 MB
2026.07.28 10:55:33 INFO  Progress (2): 6.6/12 MB | 3.0/3.8 MB
2026.07.28 10:55:33 INFO  Progress (2): 6.6/12 MB | 3.0/3.8 MB
2026.07.28 10:55:33 INFO  Progress (2): 6.6/12 MB | 3.0/3.8 MB
2026.07.28 10:55:33 INFO  Progress (2): 6.6/12 MB | 3.0/3.8 MB
2026.07.28 10:55:33 INFO  Progress (2): 6.6/12 MB | 3.0/3.8 MB
2026.07.28 10:55:33 INFO  Progress (2): 6.6/12 MB | 3.0/3.8 MB
2026.07.28 10:55:33 INFO  Progress (2): 6.6/12 MB | 3.0/3.8 MB
2026.07.28 10:55:33 INFO  Progress (2): 6.6/12 MB | 3.1/3.8 MB
2026.07.28 10:55:33 INFO  Progress (2): 6.6/12 MB | 3.1/3.8 MB
2026.07.28 10:55:33 INFO  Progress (2): 6.6/12 MB | 3.1/3.8 MB
2026.07.28 10:55:33 INFO  Progress (2): 6.6/12 MB | 3.1/3.8 MB
2026.07.28 10:55:33 INFO  Progress (2): 6.6/12 MB | 3.1/3.8 MB
2026.07.28 10:55:33 INFO  Progress (2): 6.7/12 MB | 3.1/3.8 MB
2026.07.28 10:55:33 INFO  Progress (2): 6.7/12 MB | 3.1/3.8 MB
2026.07.28 10:55:33 INFO  Progress (2): 6.7/12 MB | 3.1/3.8 MB
2026.07.28 10:55:33 INFO  Progress (2): 6.7/12 MB | 3.2/3.8 MB
2026.07.28 10:55:33 INFO  Progress (2): 6.7/12 MB | 3.2/3.8 MB
2026.07.28 10:55:33 INFO  Progress (2): 6.7/12 MB | 3.2/3.8 MB
2026.07.28 10:55:33 INFO  Progress (2): 6.7/12 MB | 3.2/3.8 MB
2026.07.28 10:55:33 INFO  Progress (2): 6.7/12 MB | 3.2/3.8 MB
2026.07.28 10:55:33 INFO  Progress (2): 6.7/12 MB | 3.2/3.8 MB
2026.07.28 10:55:33 INFO  Progress (2): 6.7/12 MB | 3.2/3.8 MB
2026.07.28 10:55:33 INFO  Progress (2): 6.7/12 MB | 3.2/3.8 MB
2026.07.28 10:55:33 INFO  Progress (2): 6.7/12 MB | 3.2/3.8 MB
2026.07.28 10:55:33 INFO  Progress (2): 6.7/12 MB | 3.2/3.8 MB
2026.07.28 10:55:33 INFO  Progress (2): 6.7/12 MB | 3.3/3.8 MB
2026.07.28 10:55:33 INFO  Progress (2): 6.7/12 MB | 3.3/3.8 MB
2026.07.28 10:55:33 INFO  Progress (2): 6.7/12 MB | 3.3/3.8 MB
2026.07.28 10:55:33 INFO  Progress (2): 6.7/12 MB | 3.3/3.8 MB
2026.07.28 10:55:33 INFO  Progress (2): 6.7/12 MB | 3.3/3.8 MB
2026.07.28 10:55:33 INFO  Progress (2): 6.7/12 MB | 3.3/3.8 MB
2026.07.28 10:55:33 INFO  Progress (2): 6.8/12 MB | 3.3/3.8 MB
2026.07.28 10:55:33 INFO  Progress (2): 6.8/12 MB | 3.3/3.8 MB
2026.07.28 10:55:33 INFO  Progress (2): 6.8/12 MB | 3.3/3.8 MB
2026.07.28 10:55:33 INFO  Progress (2): 6.8/12 MB | 3.3/3.8 MB
2026.07.28 10:55:33 INFO  Progress (2): 6.8/12 MB | 3.3/3.8 MB
2026.07.28 10:55:33 INFO  Progress (2): 6.8/12 MB | 3.3/3.8 MB
2026.07.28 10:55:33 INFO  Progress (2): 6.8/12 MB | 3.4/3.8 MB
2026.07.28 10:55:33 INFO  Progress (2): 6.8/12 MB | 3.4/3.8 MB
2026.07.28 10:55:33 INFO  Progress (2): 6.8/12 MB | 3.4/3.8 MB
2026.07.28 10:55:33 INFO  Progress (2): 6.8/12 MB | 3.4/3.8 MB
2026.07.28 10:55:33 INFO  Progress (2): 6.8/12 MB | 3.4/3.8 MB
2026.07.28 10:55:33 INFO  Progress (2): 6.8/12 MB | 3.4/3.8 MB
2026.07.28 10:55:33 INFO  Progress (2): 6.8/12 MB | 3.4/3.8 MB
2026.07.28 10:55:33 INFO  Progress (2): 6.8/12 MB | 3.4/3.8 MB
2026.07.28 10:55:33 INFO  Progress (2): 6.8/12 MB | 3.4/3.8 MB
2026.07.28 10:55:33 INFO  Progress (2): 6.9/12 MB | 3.4/3.8 MB
2026.07.28 10:55:33 INFO  Progress (2): 6.9/12 MB | 3.5/3.8 MB
2026.07.28 10:55:33 INFO  Progress (2): 6.9/12 MB | 3.5/3.8 MB
2026.07.28 10:55:33 INFO  Progress (2): 6.9/12 MB | 3.5/3.8 MB
2026.07.28 10:55:33 INFO  Progress (2): 6.9/12 MB | 3.5/3.8 MB
2026.07.28 10:55:33 INFO  Progress (2): 6.9/12 MB | 3.5/3.8 MB
2026.07.28 10:55:33 INFO  Progress (2): 6.9/12 MB | 3.5/3.8 MB
2026.07.28 10:55:33 INFO  Progress (2): 6.9/12 MB | 3.5/3.8 MB
2026.07.28 10:55:33 INFO  Progress (2): 6.9/12 MB | 3.5/3.8 MB
2026.07.28 10:55:33 INFO  Progress (2): 6.9/12 MB | 3.5/3.8 MB
2026.07.28 10:55:33 INFO  Progress (2): 6.9/12 MB | 3.5/3.8 MB
2026.07.28 10:55:33 INFO  Progress (2): 6.9/12 MB | 3.6/3.8 MB
2026.07.28 10:55:33 INFO  Progress (2): 6.9/12 MB | 3.6/3.8 MB
2026.07.28 10:55:33 INFO  Progress (2): 6.9/12 MB | 3.6/3.8 MB
2026.07.28 10:55:33 INFO  Progress (2): 6.9/12 MB | 3.6/3.8 MB
2026.07.28 10:55:33 INFO  Progress (2): 6.9/12 MB | 3.6/3.8 MB
2026.07.28 10:55:33 INFO  Progress (2): 7.0/12 MB | 3.6/3.8 MB
2026.07.28 10:55:33 INFO  Progress (2): 7.0/12 MB | 3.6/3.8 MB
2026.07.28 10:55:33 INFO  Progress (2): 7.0/12 MB | 3.6/3.8 MB
2026.07.28 10:55:33 INFO  Progress (2): 7.0/12 MB | 3.6/3.8 MB
2026.07.28 10:55:33 INFO  Progress (2): 7.0/12 MB | 3.6/3.8 MB
2026.07.28 10:55:33 INFO  Progress (2): 7.0/12 MB | 3.6/3.8 MB
2026.07.28 10:55:33 INFO  Progress (2): 7.0/12 MB | 3.7/3.8 MB
2026.07.28 10:55:33 INFO  Progress (2): 7.0/12 MB | 3.7/3.8 MB
2026.07.28 10:55:33 INFO  Progress (2): 7.0/12 MB | 3.7/3.8 MB
2026.07.28 10:55:33 INFO  Progress (2): 7.0/12 MB | 3.7/3.8 MB
2026.07.28 10:55:33 INFO  Progress (2): 7.0/12 MB | 3.7/3.8 MB
2026.07.28 10:55:33 INFO  Progress (2): 7.0/12 MB | 3.7/3.8 MB
2026.07.28 10:55:33 INFO  Progress (2): 7.0/12 MB | 3.7/3.8 MB
2026.07.28 10:55:33 INFO  Progress (2): 7.1/12 MB | 3.7/3.8 MB
2026.07.28 10:55:33 INFO  Progress (2): 7.1/12 MB | 3.7/3.8 MB
2026.07.28 10:55:33 INFO  Progress (2): 7.1/12 MB | 3.8/3.8 MB
2026.07.28 10:55:33 INFO  Progress (2): 7.1/12 MB | 3.8/3.8 MB
2026.07.28 10:55:33 INFO  Progress (2): 7.1/12 MB | 3.8 MB    
2026.07.28 10:55:33 INFO  Progress (2): 7.1/12 MB | 3.8 MB
2026.07.28 10:55:33 INFO                                  
2026.07.28 10:55:33 INFO  Downloaded from central: https://repo.maven.apache.org/maven2/org/scala-lang/scala-reflect/2.13.8/scala-reflect-2.13.8.jar (3.8 MB at 953 kB/s)
2026.07.28 10:55:33 INFO  Progress (1): 7.1/12 MB
2026.07.28 10:55:33 INFO  Progress (1): 7.1/12 MB
2026.07.28 10:55:33 INFO  Progress (1): 7.1/12 MB
2026.07.28 10:55:33 INFO  Progress (1): 7.2/12 MB
2026.07.28 10:55:33 INFO  Progress (1): 7.2/12 MB
2026.07.28 10:55:33 INFO  Progress (1): 7.2/12 MB
2026.07.28 10:55:33 INFO  Progress (1): 7.2/12 MB
2026.07.28 10:55:33 INFO  Progress (1): 7.2/12 MB
2026.07.28 10:55:33 INFO  Progress (1): 7.2/12 MB
2026.07.28 10:55:33 INFO  Progress (1): 7.3/12 MB
2026.07.28 10:55:33 INFO  Progress (1): 7.3/12 MB
2026.07.28 10:55:33 INFO  Progress (1): 7.3/12 MB
2026.07.28 10:55:33 INFO  Progress (1): 7.3/12 MB
2026.07.28 10:55:33 INFO  Progress (1): 7.3/12 MB
2026.07.28 10:55:33 INFO  Progress (1): 7.3/12 MB
2026.07.28 10:55:33 INFO  Progress (1): 7.4/12 MB
2026.07.28 10:55:33 INFO  Progress (1): 7.4/12 MB
2026.07.28 10:55:33 INFO  Progress (1): 7.4/12 MB
2026.07.28 10:55:33 INFO  Progress (1): 7.4/12 MB
2026.07.28 10:55:33 INFO  Progress (1): 7.4/12 MB
2026.07.28 10:55:33 INFO  Progress (1): 7.4/12 MB
2026.07.28 10:55:33 INFO  Progress (1): 7.5/12 MB
2026.07.28 10:55:33 INFO  Progress (1): 7.5/12 MB
2026.07.28 10:55:33 INFO  Progress (1): 7.5/12 MB
2026.07.28 10:55:33 INFO  Progress (1): 7.5/12 MB
2026.07.28 10:55:33 INFO  Progress (1): 7.5/12 MB
2026.07.28 10:55:33 INFO  Progress (1): 7.5/12 MB
2026.07.28 10:55:33 INFO  Progress (1): 7.6/12 MB
2026.07.28 10:55:33 INFO  Progress (1): 7.6/12 MB
2026.07.28 10:55:33 INFO  Progress (1): 7.6/12 MB
2026.07.28 10:55:33 INFO  Progress (1): 7.6/12 MB
2026.07.28 10:55:33 INFO  Progress (1): 7.6/12 MB
2026.07.28 10:55:33 INFO  Progress (1): 7.6/12 MB
2026.07.28 10:55:33 INFO  Progress (1): 7.7/12 MB
2026.07.28 10:55:33 INFO  Progress (1): 7.7/12 MB
2026.07.28 10:55:33 INFO  Progress (1): 7.7/12 MB
2026.07.28 10:55:33 INFO  Progress (1): 7.7/12 MB
2026.07.28 10:55:33 INFO  Progress (1): 7.7/12 MB
2026.07.28 10:55:33 INFO  Progress (1): 7.7/12 MB
2026.07.28 10:55:33 INFO  Progress (1): 7.7/12 MB
2026.07.28 10:55:33 INFO  Progress (1): 7.8/12 MB
2026.07.28 10:55:33 INFO  Progress (1): 7.8/12 MB
2026.07.28 10:55:33 INFO  Progress (1): 7.8/12 MB
2026.07.28 10:55:33 INFO  Progress (1): 7.8/12 MB
2026.07.28 10:55:33 INFO  Progress (1): 7.8/12 MB
2026.07.28 10:55:33 INFO  Progress (1): 7.8/12 MB
2026.07.28 10:55:33 INFO  Progress (1): 7.9/12 MB
2026.07.28 10:55:33 INFO  Progress (1): 7.9/12 MB
2026.07.28 10:55:33 INFO  Progress (1): 7.9/12 MB
2026.07.28 10:55:33 INFO  Progress (1): 7.9/12 MB
2026.07.28 10:55:33 INFO  Progress (1): 7.9/12 MB
2026.07.28 10:55:33 INFO  Progress (1): 7.9/12 MB
2026.07.28 10:55:33 INFO  Progress (1): 8.0/12 MB
2026.07.28 10:55:33 INFO  Progress (1): 8.0/12 MB
2026.07.28 10:55:33 INFO  Progress (1): 8.0/12 MB
2026.07.28 10:55:33 INFO  Progress (1): 8.0/12 MB
2026.07.28 10:55:33 INFO  Progress (1): 8.0/12 MB
2026.07.28 10:55:33 INFO  Progress (1): 8.0/12 MB
2026.07.28 10:55:33 INFO  Progress (1): 8.1/12 MB
2026.07.28 10:55:33 INFO  Progress (1): 8.1/12 MB
2026.07.28 10:55:33 INFO  Progress (1): 8.1/12 MB
2026.07.28 10:55:33 INFO  Progress (1): 8.1/12 MB
2026.07.28 10:55:33 INFO  Progress (1): 8.1/12 MB
2026.07.28 10:55:33 INFO  Progress (1): 8.1/12 MB
2026.07.28 10:55:33 INFO  Progress (1): 8.2/12 MB
2026.07.28 10:55:33 INFO  Progress (1): 8.2/12 MB
2026.07.28 10:55:33 INFO  Progress (1): 8.2/12 MB
2026.07.28 10:55:33 INFO  Progress (1): 8.2/12 MB
2026.07.28 10:55:33 INFO  Progress (1): 8.2/12 MB
2026.07.28 10:55:33 INFO  Progress (1): 8.2/12 MB
2026.07.28 10:55:33 INFO  Progress (1): 8.3/12 MB
2026.07.28 10:55:33 INFO  Progress (1): 8.3/12 MB
2026.07.28 10:55:33 INFO  Progress (1): 8.3/12 MB
2026.07.28 10:55:33 INFO  Progress (1): 8.3/12 MB
2026.07.28 10:55:33 INFO  Progress (1): 8.3/12 MB
2026.07.28 10:55:33 INFO  Progress (1): 8.3/12 MB
2026.07.28 10:55:33 INFO  Progress (1): 8.4/12 MB
2026.07.28 10:55:33 INFO  Progress (1): 8.4/12 MB
2026.07.28 10:55:33 INFO  Progress (1): 8.4/12 MB
2026.07.28 10:55:33 INFO  Progress (1): 8.4/12 MB
2026.07.28 10:55:33 INFO  Progress (1): 8.4/12 MB
2026.07.28 10:55:33 INFO  Progress (1): 8.4/12 MB
2026.07.28 10:55:33 INFO  Progress (1): 8.5/12 MB
2026.07.28 10:55:33 INFO  Progress (1): 8.5/12 MB
2026.07.28 10:55:33 INFO  Progress (1): 8.5/12 MB
2026.07.28 10:55:33 INFO  Progress (1): 8.5/12 MB
2026.07.28 10:55:33 INFO  Progress (1): 8.5/12 MB
2026.07.28 10:55:33 INFO  Progress (1): 8.5/12 MB
2026.07.28 10:55:33 INFO  Progress (1): 8.6/12 MB
2026.07.28 10:55:33 INFO  Progress (1): 8.6/12 MB
2026.07.28 10:55:33 INFO  Progress (1): 8.6/12 MB
2026.07.28 10:55:33 INFO  Progress (1): 8.6/12 MB
2026.07.28 10:55:33 INFO  Progress (1): 8.6/12 MB
2026.07.28 10:55:33 INFO  Progress (1): 8.6/12 MB
2026.07.28 10:55:33 INFO  Progress (1): 8.7/12 MB
2026.07.28 10:55:33 INFO  Progress (1): 8.7/12 MB
2026.07.28 10:55:33 INFO  Progress (1): 8.7/12 MB
2026.07.28 10:55:33 INFO  Progress (1): 8.7/12 MB
2026.07.28 10:55:33 INFO  Progress (1): 8.7/12 MB
2026.07.28 10:55:33 INFO  Progress (1): 8.7/12 MB
2026.07.28 10:55:33 INFO  Progress (1): 8.7/12 MB
2026.07.28 10:55:33 INFO  Progress (1): 8.8/12 MB
2026.07.28 10:55:33 INFO  Progress (1): 8.8/12 MB
2026.07.28 10:55:33 INFO  Progress (1): 8.8/12 MB
2026.07.28 10:55:33 INFO  Progress (1): 8.8/12 MB
2026.07.28 10:55:33 INFO  Progress (1): 8.8/12 MB
2026.07.28 10:55:33 INFO  Progress (1): 8.8/12 MB
2026.07.28 10:55:33 INFO  Progress (1): 8.9/12 MB
2026.07.28 10:55:33 INFO  Progress (1): 8.9/12 MB
2026.07.28 10:55:33 INFO  Progress (1): 8.9/12 MB
2026.07.28 10:55:33 INFO  Progress (1): 8.9/12 MB
2026.07.28 10:55:33 INFO  Progress (1): 8.9/12 MB
2026.07.28 10:55:33 INFO  Progress (1): 8.9/12 MB
2026.07.28 10:55:33 INFO  Progress (1): 9.0/12 MB
2026.07.28 10:55:33 INFO  Progress (1): 9.0/12 MB
2026.07.28 10:55:33 INFO  Progress (1): 9.0/12 MB
2026.07.28 10:55:33 INFO  Progress (1): 9.0/12 MB
2026.07.28 10:55:33 INFO  Progress (1): 9.0/12 MB
2026.07.28 10:55:33 INFO  Progress (1): 9.0/12 MB
2026.07.28 10:55:33 INFO  Progress (1): 9.1/12 MB
2026.07.28 10:55:33 INFO  Progress (1): 9.1/12 MB
2026.07.28 10:55:33 INFO  Progress (1): 9.1/12 MB
2026.07.28 10:55:33 INFO  Progress (1): 9.1/12 MB
2026.07.28 10:55:33 INFO  Progress (1): 9.1/12 MB
2026.07.28 10:55:33 INFO  Progress (1): 9.1/12 MB
2026.07.28 10:55:33 INFO  Progress (1): 9.2/12 MB
2026.07.28 10:55:33 INFO  Progress (1): 9.2/12 MB
2026.07.28 10:55:33 INFO  Progress (1): 9.2/12 MB
2026.07.28 10:55:33 INFO  Progress (1): 9.2/12 MB
2026.07.28 10:55:33 INFO  Progress (1): 9.2/12 MB
2026.07.28 10:55:33 INFO  Progress (1): 9.2/12 MB
2026.07.28 10:55:33 INFO  Progress (1): 9.3/12 MB
2026.07.28 10:55:33 INFO  Progress (1): 9.3/12 MB
2026.07.28 10:55:33 INFO  Progress (1): 9.3/12 MB
2026.07.28 10:55:33 INFO  Progress (1): 9.3/12 MB
2026.07.28 10:55:33 INFO  Progress (1): 9.3/12 MB
2026.07.28 10:55:33 INFO  Progress (1): 9.3/12 MB
2026.07.28 10:55:33 INFO  Progress (1): 9.4/12 MB
2026.07.28 10:55:33 INFO  Progress (1): 9.4/12 MB
2026.07.28 10:55:33 INFO  Progress (1): 9.4/12 MB
2026.07.28 10:55:33 INFO  Progress (1): 9.4/12 MB
2026.07.28 10:55:33 INFO  Progress (1): 9.4/12 MB
2026.07.28 10:55:33 INFO  Progress (1): 9.4/12 MB
2026.07.28 10:55:33 INFO  Progress (1): 9.5/12 MB
2026.07.28 10:55:33 INFO  Progress (1): 9.5/12 MB
2026.07.28 10:55:33 INFO  Progress (1): 9.5/12 MB
2026.07.28 10:55:33 INFO  Progress (1): 9.5/12 MB
2026.07.28 10:55:33 INFO  Progress (1): 9.5/12 MB
2026.07.28 10:55:33 INFO  Progress (1): 9.5/12 MB
2026.07.28 10:55:33 INFO  Progress (1): 9.6/12 MB
2026.07.28 10:55:33 INFO  Progress (1): 9.6/12 MB
2026.07.28 10:55:33 INFO  Progress (1): 9.6/12 MB
2026.07.28 10:55:33 INFO  Progress (1): 9.6/12 MB
2026.07.28 10:55:33 INFO  Progress (1): 9.6/12 MB
2026.07.28 10:55:33 INFO  Progress (1): 9.6/12 MB
2026.07.28 10:55:33 INFO  Progress (1): 9.6/12 MB
2026.07.28 10:55:33 INFO  Progress (1): 9.7/12 MB
2026.07.28 10:55:33 INFO  Progress (1): 9.7/12 MB
2026.07.28 10:55:33 INFO  Progress (1): 9.7/12 MB
2026.07.28 10:55:33 INFO  Progress (1): 9.7/12 MB
2026.07.28 10:55:33 INFO  Progress (1): 9.7/12 MB
2026.07.28 10:55:33 INFO  Progress (1): 9.7/12 MB
2026.07.28 10:55:33 INFO  Progress (1): 9.8/12 MB
2026.07.28 10:55:33 INFO  Progress (1): 9.8/12 MB
2026.07.28 10:55:33 INFO  Progress (1): 9.8/12 MB
2026.07.28 10:55:33 INFO  Progress (1): 9.8/12 MB
2026.07.28 10:55:33 INFO  Progress (1): 9.8/12 MB
2026.07.28 10:55:33 INFO  Progress (1): 9.8/12 MB
2026.07.28 10:55:33 INFO  Progress (1): 9.9/12 MB
2026.07.28 10:55:33 INFO  Progress (1): 9.9/12 MB
2026.07.28 10:55:33 INFO  Progress (1): 9.9/12 MB
2026.07.28 10:55:33 INFO  Progress (1): 9.9/12 MB
2026.07.28 10:55:33 INFO  Progress (1): 9.9/12 MB
2026.07.28 10:55:33 INFO  Progress (1): 9.9/12 MB
2026.07.28 10:55:33 INFO  Progress (1): 10.0/12 MB
2026.07.28 10:55:33 INFO  Progress (1): 10.0/12 MB
2026.07.28 10:55:33 INFO  Progress (1): 10.0/12 MB
2026.07.28 10:55:33 INFO  Progress (1): 10/12 MB  
2026.07.28 10:55:33 INFO  Progress (1): 10/12 MB
2026.07.28 10:55:33 INFO  Progress (1): 10/12 MB
2026.07.28 10:55:33 INFO  Progress (1): 10/12 MB
2026.07.28 10:55:33 INFO  Progress (1): 10/12 MB
2026.07.28 10:55:33 INFO  Progress (1): 10/12 MB
2026.07.28 10:55:33 INFO  Progress (1): 10/12 MB
2026.07.28 10:55:33 INFO  Progress (1): 10/12 MB
2026.07.28 10:55:34 INFO  Progress (1): 10/12 MB
2026.07.28 10:55:34 INFO  Progress (1): 10/12 MB
2026.07.28 10:55:34 INFO  Progress (1): 10/12 MB
2026.07.28 10:55:34 INFO  Progress (1): 10/12 MB
2026.07.28 10:55:34 INFO  Progress (1): 10/12 MB
2026.07.28 10:55:34 INFO  Progress (1): 10/12 MB
2026.07.28 10:55:34 INFO  Progress (1): 10/12 MB
2026.07.28 10:55:34 INFO  Progress (1): 10/12 MB
2026.07.28 10:55:34 INFO  Progress (1): 10/12 MB
2026.07.28 10:55:34 INFO  Progress (1): 10/12 MB
2026.07.28 10:55:34 INFO  Progress (1): 10/12 MB
2026.07.28 10:55:34 INFO  Progress (1): 10/12 MB
2026.07.28 10:55:34 INFO  Progress (1): 10/12 MB
2026.07.28 10:55:34 INFO  Progress (1): 10/12 MB
2026.07.28 10:55:34 INFO  Progress (1): 10/12 MB
2026.07.28 10:55:34 INFO  Progress (1): 10/12 MB
2026.07.28 10:55:34 INFO  Progress (1): 10/12 MB
2026.07.28 10:55:34 INFO  Progress (1): 10/12 MB
2026.07.28 10:55:34 INFO  Progress (1): 10/12 MB
2026.07.28 10:55:34 INFO  Progress (1): 10/12 MB
2026.07.28 10:55:34 INFO  Progress (1): 10/12 MB
2026.07.28 10:55:34 INFO  Progress (1): 10/12 MB
2026.07.28 10:55:34 INFO  Progress (1): 11/12 MB
2026.07.28 10:55:34 INFO  Progress (1): 11/12 MB
2026.07.28 10:55:34 INFO  Progress (1): 11/12 MB
2026.07.28 10:55:34 INFO  Progress (1): 11/12 MB
2026.07.28 10:55:34 INFO  Progress (1): 11/12 MB
2026.07.28 10:55:34 INFO  Progress (1): 11/12 MB
2026.07.28 10:55:34 INFO  Progress (1): 11/12 MB
2026.07.28 10:55:34 INFO  Progress (1): 11/12 MB
2026.07.28 10:55:34 INFO  Progress (1): 11/12 MB
2026.07.28 10:55:34 INFO  Progress (1): 11/12 MB
2026.07.28 10:55:34 INFO  Progress (1): 11/12 MB
2026.07.28 10:55:34 INFO  Progress (1): 11/12 MB
2026.07.28 10:55:34 INFO  Progress (1): 11/12 MB
2026.07.28 10:55:34 INFO  Progress (1): 11/12 MB
2026.07.28 10:55:34 INFO  Progress (1): 11/12 MB
2026.07.28 10:55:34 INFO  Progress (1): 11/12 MB
2026.07.28 10:55:34 INFO  Progress (1): 11/12 MB
2026.07.28 10:55:34 INFO  Progress (1): 11/12 MB
2026.07.28 10:55:34 INFO  Progress (1): 11/12 MB
2026.07.28 10:55:34 INFO  Progress (1): 11/12 MB
2026.07.28 10:55:34 INFO  Progress (1): 11/12 MB
2026.07.28 10:55:34 INFO  Progress (1): 11/12 MB
2026.07.28 10:55:34 INFO  Progress (1): 11/12 MB
2026.07.28 10:55:34 INFO  Progress (1): 11/12 MB
2026.07.28 10:55:34 INFO  Progress (1): 11/12 MB
2026.07.28 10:55:34 INFO  Progress (1): 11/12 MB
2026.07.28 10:55:34 INFO  Progress (1): 11/12 MB
2026.07.28 10:55:34 INFO  Progress (1): 11/12 MB
2026.07.28 10:55:34 INFO  Progress (1): 11/12 MB
2026.07.28 10:55:34 INFO  Progress (1): 11/12 MB
2026.07.28 10:55:34 INFO  Progress (1): 11/12 MB
2026.07.28 10:55:34 INFO  Progress (1): 11/12 MB
2026.07.28 10:55:34 INFO  Progress (1): 11/12 MB
2026.07.28 10:55:34 INFO  Progress (1): 11/12 MB
2026.07.28 10:55:34 INFO  Progress (1): 11/12 MB
2026.07.28 10:55:34 INFO  Progress (1): 11/12 MB
2026.07.28 10:55:34 INFO  Progress (1): 11/12 MB
2026.07.28 10:55:34 INFO  Progress (1): 11/12 MB
2026.07.28 10:55:34 INFO  Progress (1): 11/12 MB
2026.07.28 10:55:34 INFO  Progress (1): 11/12 MB
2026.07.28 10:55:34 INFO  Progress (1): 11/12 MB
2026.07.28 10:55:34 INFO  Progress (1): 11/12 MB
2026.07.28 10:55:34 INFO  Progress (1): 11/12 MB
2026.07.28 10:55:34 INFO  Progress (1): 11/12 MB
2026.07.28 10:55:34 INFO  Progress (1): 11/12 MB
2026.07.28 10:55:34 INFO  Progress (1): 11/12 MB
2026.07.28 10:55:34 INFO  Progress (1): 11/12 MB
2026.07.28 10:55:34 INFO  Progress (1): 11/12 MB
2026.07.28 10:55:34 INFO  Progress (1): 11/12 MB
2026.07.28 10:55:34 INFO  Progress (1): 11/12 MB
2026.07.28 10:55:34 INFO  Progress (1): 11/12 MB
2026.07.28 10:55:34 INFO  Progress (1): 11/12 MB
2026.07.28 10:55:34 INFO  Progress (1): 11/12 MB
2026.07.28 10:55:34 INFO  Progress (1): 11/12 MB
2026.07.28 10:55:34 INFO  Progress (1): 11/12 MB
2026.07.28 10:55:34 INFO  Progress (1): 11/12 MB
2026.07.28 10:55:34 INFO  Progress (1): 11/12 MB
2026.07.28 10:55:34 INFO  Progress (1): 11/12 MB
2026.07.28 10:55:34 INFO  Progress (1): 11/12 MB
2026.07.28 10:55:34 INFO  Progress (1): 11/12 MB
2026.07.28 10:55:34 INFO  Progress (1): 11/12 MB
2026.07.28 10:55:34 INFO  Progress (1): 12/12 MB
2026.07.28 10:55:34 INFO  Progress (1): 12/12 MB
2026.07.28 10:55:34 INFO  Progress (1): 12/12 MB
2026.07.28 10:55:34 INFO  Progress (1): 12/12 MB
2026.07.28 10:55:34 INFO  Progress (1): 12/12 MB
2026.07.28 10:55:34 INFO  Progress (1): 12/12 MB
2026.07.28 10:55:34 INFO  Progress (1): 12/12 MB
2026.07.28 10:55:34 INFO  Progress (1): 12/12 MB
2026.07.28 10:55:34 INFO  Progress (1): 12/12 MB
2026.07.28 10:55:34 INFO  Progress (1): 12/12 MB
2026.07.28 10:55:34 INFO  Progress (1): 12/12 MB
2026.07.28 10:55:34 INFO  Progress (1): 12/12 MB
2026.07.28 10:55:34 INFO  Progress (1): 12/12 MB
2026.07.28 10:55:34 INFO  Progress (1): 12/12 MB
2026.07.28 10:55:34 INFO  Progress (1): 12/12 MB
2026.07.28 10:55:34 INFO  Progress (1): 12/12 MB
2026.07.28 10:55:34 INFO  Progress (1): 12/12 MB
2026.07.28 10:55:34 INFO  Progress (1): 12/12 MB
2026.07.28 10:55:34 INFO  Progress (1): 12/12 MB
2026.07.28 10:55:34 INFO  Progress (1): 12/12 MB
2026.07.28 10:55:34 INFO  Progress (1): 12/12 MB
2026.07.28 10:55:34 INFO  Progress (1): 12/12 MB
2026.07.28 10:55:34 INFO  Progress (1): 12/12 MB
2026.07.28 10:55:34 INFO  Progress (1): 12/12 MB
2026.07.28 10:55:34 INFO  Progress (1): 12/12 MB
2026.07.28 10:55:34 INFO  Progress (1): 12/12 MB
2026.07.28 10:55:34 INFO  Progress (1): 12/12 MB
2026.07.28 10:55:34 INFO  Progress (1): 12/12 MB
2026.07.28 10:55:34 INFO  Progress (1): 12/12 MB
2026.07.28 10:55:34 INFO  Progress (1): 12/12 MB
2026.07.28 10:55:34 INFO  Progress (1): 12/12 MB
2026.07.28 10:55:34 INFO  Progress (1): 12/12 MB
2026.07.28 10:55:34 INFO  Progress (1): 12/12 MB
2026.07.28 10:55:34 INFO  Progress (1): 12/12 MB
2026.07.28 10:55:34 INFO  Progress (1): 12/12 MB
2026.07.28 10:55:34 INFO  Progress (1): 12/12 MB
2026.07.28 10:55:34 INFO  Progress (1): 12/12 MB
2026.07.28 10:55:34 INFO  Progress (1): 12/12 MB
2026.07.28 10:55:34 INFO  Progress (1): 12/12 MB
2026.07.28 10:55:34 INFO  Progress (1): 12 MB   
2026.07.28 10:55:34 INFO                     
2026.07.28 10:55:34 INFO  Downloaded from central: https://repo.maven.apache.org/maven2/org/scala-lang/scala-compiler/2.13.8/scala-compiler-2.13.8.jar (12 MB at 2.4 MB/s)
2026.07.28 10:55:34 INFO  [ERROR] org.scala-lang:scala([0-9]?)-library is missing from project dependencies
2026.07.28 10:55:34 INFO  [INFO] Generated .bloop/ml4j.json
2026.07.28 10:55:34 INFO  [INFO] Starting to write configuration for project: ml4j with configuration: compile
2026.07.28 10:55:34 INFO  [INFO] Generated .bloop/ml4j-test.json
2026.07.28 10:55:34 INFO  [INFO] Starting to write configuration for project: ml4j with configuration: test
2026.07.28 10:55:34 INFO  [INFO] ------------------------------------------------------------------------
2026.07.28 10:55:34 INFO  [INFO] BUILD SUCCESS
2026.07.28 10:55:34 INFO  [INFO] ------------------------------------------------------------------------
2026.07.28 10:55:34 INFO  [INFO] Total time:  13.916 s
2026.07.28 10:55:34 INFO  [INFO] Finished at: 2026-07-28T10:55:34+03:00
2026.07.28 10:55:34 INFO  [INFO] ------------------------------------------------------------------------
2026.07.28 10:55:34 INFO  time: ran 'mvn bloopInstall' in 16s
2026.07.28 10:55:34 INFO  Attempting to connect to the build server...
2026.07.28 10:55:34 INFO  No running Bloop server found, starting one.
2026.07.28 10:55:45 INFO  Starting compilation server
2026.07.28 10:55:46 INFO  Tracing is disabled for protocol BSP. To enable tracing of incoming and outgoing JSON messages, create an empty file at /Users/onurercen/Desktop/ml4j/.metals/bsp.trace.json or /Users/onurercen/Library/Caches/org.scalameta.metals/bsp.trace.json
2026.07.28 10:55:46 INFO  time: Connected to build server in 11s
2026.07.28 10:55:46 INFO  Connected to Build server: Bloop v2.1.1
2026.07.28 10:55:47 WARN  Using H2 2.4.240 which is newer than the version Flyway has been verified with. The latest verified version of H2 is 2.3.232.
2026.07.28 10:55:47 INFO  time: indexed workspace in 1.14s
2026.07.28 10:55:47 WARN  no build target for: /Users/onurercen/Desktop/ml4j/tensor/Tensor.java
2026.07.28 10:55:47 WARN  no build target for: /Users/onurercen/Desktop/ml4j/tensor/TensorOps.java
2026.07.28 10:55:47 WARN  no build target for: /Users/onurercen/Desktop/ml4j/tensor/Shape.java
2026.07.28 10:58:18 INFO  no build target found for /Users/onurercen/Desktop/ml4j/tensor/Tensor.java. Using fallback presentation compiler.
2026.07.28 10:58:18 WARN  no build target for: /Users/onurercen/Desktop/ml4j/tensor/Tensor.java
2026.07.28 10:58:18 INFO  no build target found for /Users/onurercen/Desktop/ml4j/tensor/Tensor.java. Using fallback presentation compiler.
2026.07.28 10:58:18 INFO  no build target found for /Users/onurercen/Desktop/ml4j/tensor/Tensor.java. Using fallback presentation compiler.
2026.07.28 10:58:18 INFO  no build target found for /Users/onurercen/Desktop/ml4j/tensor/Tensor.java. Using fallback presentation compiler.
2026.07.28 11:03:33 INFO  no build target found for /Users/onurercen/Desktop/ml4j/tensor/Tensor.java. Using fallback presentation compiler.
2026.07.28 17:17:55 INFO  no build target found for /Users/onurercen/Desktop/ml4j/tensor/TensorOps.java. Using fallback presentation compiler.
2026.07.28 17:17:55 WARN  no build target for: /Users/onurercen/Desktop/ml4j/tensor/TensorOps.java
2026.07.28 17:17:55 INFO  no build target found for /Users/onurercen/Desktop/ml4j/tensor/TensorOps.java. Using fallback presentation compiler.
2026.07.28 17:18:34 WARN  no build target for: /Users/onurercen/Desktop/ml4j/autograd/Node.java
2026.07.28 17:18:34 INFO  no build target found for /Users/onurercen/Desktop/ml4j/autograd/Node.java. Using fallback presentation compiler.
2026.07.28 17:18:34 WARN  Running javac-semanticdb failed for file:///Users/onurercen/Desktop/ml4j/autograd/Node.java. Output:

2026.07.28 17:18:34 INFO  no build target found for /Users/onurercen/Desktop/ml4j/autograd/Node.java. Using fallback presentation compiler.
2026.07.28 17:18:34 INFO  no build target found for /Users/onurercen/Desktop/ml4j/autograd/Node.java. Using fallback presentation compiler.
2026.07.28 17:18:34 INFO  no build target found for /Users/onurercen/Desktop/ml4j/autograd/Node.java. Using fallback presentation compiler.
2026.07.28 17:18:34 INFO  no build target found for /Users/onurercen/Desktop/ml4j/autograd/Node.java. Using fallback presentation compiler.
2026.07.28 17:18:34 WARN  Running javac-semanticdb failed for file:///Users/onurercen/Desktop/ml4j/autograd/Node.java. Output:

2026.07.28 17:18:42 WARN  no build target for: /Users/onurercen/Desktop/ml4j/autograd/Graph.java
2026.07.28 17:18:42 WARN  Running javac-semanticdb failed for file:///Users/onurercen/Desktop/ml4j/autograd/Graph.java. Output:

2026.07.28 17:18:42 INFO  no build target found for /Users/onurercen/Desktop/ml4j/autograd/Graph.java. Using fallback presentation compiler.
2026.07.28 17:18:42 INFO  no build target found for /Users/onurercen/Desktop/ml4j/autograd/Graph.java. Using fallback presentation compiler.
2026.07.28 17:18:43 INFO  no build target found for /Users/onurercen/Desktop/ml4j/autograd/Graph.java. Using fallback presentation compiler.
2026.07.28 17:18:42 INFO  no build target found for /Users/onurercen/Desktop/ml4j/autograd/Graph.java. Using fallback presentation compiler.
2026.07.28 17:18:43 WARN  Running javac-semanticdb failed for file:///Users/onurercen/Desktop/ml4j/autograd/Graph.java. Output:

2026.07.28 17:20:34 INFO  no build target found for /Users/onurercen/Desktop/ml4j/autograd/Backward.java. Using fallback presentation compiler.
2026.07.28 17:20:34 WARN  no build target for: /Users/onurercen/Desktop/ml4j/autograd/Backward.java
2026.07.28 17:20:34 WARN  Running javac-semanticdb failed for file:///Users/onurercen/Desktop/ml4j/autograd/Backward.java. Output:

2026.07.28 17:20:34 INFO  no build target found for /Users/onurercen/Desktop/ml4j/autograd/Backward.java. Using fallback presentation compiler.
2026.07.28 17:20:34 INFO  no build target found for /Users/onurercen/Desktop/ml4j/autograd/Backward.java. Using fallback presentation compiler.
2026.07.28 17:20:34 INFO  no build target found for /Users/onurercen/Desktop/ml4j/autograd/Backward.java. Using fallback presentation compiler.
2026.07.28 17:20:34 WARN  Running javac-semanticdb failed for file:///Users/onurercen/Desktop/ml4j/autograd/Backward.java. Output:

2026.07.28 17:21:27 WARN  no build target for: /Users/onurercen/Desktop/ml4j/nn/Module.java
2026.07.28 17:21:27 INFO  no build target found for /Users/onurercen/Desktop/ml4j/nn/Module.java. Using fallback presentation compiler.
2026.07.28 17:21:27 WARN  Running javac-semanticdb failed for file:///Users/onurercen/Desktop/ml4j/nn/Module.java. Output:

2026.07.28 17:21:27 INFO  no build target found for /Users/onurercen/Desktop/ml4j/nn/Module.java. Using fallback presentation compiler.
2026.07.28 17:21:27 INFO  no build target found for /Users/onurercen/Desktop/ml4j/nn/Module.java. Using fallback presentation compiler.
2026.07.28 17:21:27 INFO  no build target found for /Users/onurercen/Desktop/ml4j/nn/Module.java. Using fallback presentation compiler.
2026.07.28 17:21:27 INFO  no build target found for /Users/onurercen/Desktop/ml4j/nn/Module.java. Using fallback presentation compiler.
2026.07.28 17:21:28 WARN  Running javac-semanticdb failed for file:///Users/onurercen/Desktop/ml4j/nn/Module.java. Output:

2026.07.28 17:22:05 WARN  no build target for: /Users/onurercen/Desktop/ml4j/nn/Sequential.java
2026.07.28 17:22:05 WARN  Running javac-semanticdb failed for file:///Users/onurercen/Desktop/ml4j/nn/Sequential.java. Output:

2026.07.28 17:22:05 INFO  no build target found for /Users/onurercen/Desktop/ml4j/nn/Sequential.java. Using fallback presentation compiler.
2026.07.28 17:22:05 INFO  no build target found for /Users/onurercen/Desktop/ml4j/nn/Sequential.java. Using fallback presentation compiler.
2026.07.28 17:22:05 INFO  no build target found for /Users/onurercen/Desktop/ml4j/nn/Sequential.java. Using fallback presentation compiler.
2026.07.28 17:22:05 INFO  no build target found for /Users/onurercen/Desktop/ml4j/nn/Sequential.java. Using fallback presentation compiler.
2026.07.28 17:22:05 WARN  Running javac-semanticdb failed for file:///Users/onurercen/Desktop/ml4j/nn/Sequential.java. Output:

2026.07.28 17:22:12 WARN  no build target for: /Users/onurercen/Desktop/ml4j/nn/Linear.java
2026.07.28 17:22:12 WARN  Running javac-semanticdb failed for file:///Users/onurercen/Desktop/ml4j/nn/Linear.java. Output:

2026.07.28 17:22:12 INFO  no build target found for /Users/onurercen/Desktop/ml4j/nn/Linear.java. Using fallback presentation compiler.
2026.07.28 17:22:13 INFO  no build target found for /Users/onurercen/Desktop/ml4j/nn/Linear.java. Using fallback presentation compiler.
2026.07.28 17:22:12 INFO  no build target found for /Users/onurercen/Desktop/ml4j/nn/Linear.java. Using fallback presentation compiler.
2026.07.28 17:22:13 INFO  no build target found for /Users/onurercen/Desktop/ml4j/nn/Linear.java. Using fallback presentation compiler.
2026.07.28 17:22:12 WARN  Running javac-semanticdb failed for file:///Users/onurercen/Desktop/ml4j/nn/Linear.java. Output:

2026.07.28 17:22:26 INFO  no build target found for /Users/onurercen/Desktop/ml4j/nn/ReLU.java. Using fallback presentation compiler.
2026.07.28 17:22:26 WARN  no build target for: /Users/onurercen/Desktop/ml4j/nn/ReLU.java
2026.07.28 17:22:26 INFO  no build target found for /Users/onurercen/Desktop/ml4j/nn/Linear.java. Using fallback presentation compiler.
2026.07.28 17:22:26 WARN  no build target for: /Users/onurercen/Desktop/ml4j/nn/ReLU.java
2026.07.28 17:22:26 INFO  no build target found for /Users/onurercen/Desktop/ml4j/nn/ReLU.java. Using fallback presentation compiler.
2026.07.28 17:22:26 INFO  no build target found for /Users/onurercen/Desktop/ml4j/nn/ReLU.java. Using fallback presentation compiler.
2026.07.28 17:22:29 INFO  no build target found for /Users/onurercen/Desktop/ml4j/nn/ReLU.java. Using fallback presentation compiler.
2026.07.28 17:22:29 INFO  no build target found for /Users/onurercen/Desktop/ml4j/nn/ReLU.java. Using fallback presentation compiler.
2026.07.28 17:22:29 INFO  no build target found for /Users/onurercen/Desktop/ml4j/nn/ReLU.java. Using fallback presentation compiler.
2026.07.28 17:22:29 INFO  no build target found for /Users/onurercen/Desktop/ml4j/nn/ReLU.java. Using fallback presentation compiler.
2026.07.28 17:22:29 INFO  no build target found for /Users/onurercen/Desktop/ml4j/nn/ReLU.java. Using fallback presentation compiler.
2026.07.28 17:22:30 INFO  no build target found for /Users/onurercen/Desktop/ml4j/nn/ReLU.java. Using fallback presentation compiler.
2026.07.28 17:22:30 INFO  no build target found for /Users/onurercen/Desktop/ml4j/nn/ReLU.java. Using fallback presentation compiler.
2026.07.28 17:22:30 INFO  no build target found for /Users/onurercen/Desktop/ml4j/nn/ReLU.java. Using fallback presentation compiler.
2026.07.28 17:22:31 INFO  no build target found for /Users/onurercen/Desktop/ml4j/nn/ReLU.java. Using fallback presentation compiler.
2026.07.28 17:22:30 INFO  no build target found for /Users/onurercen/Desktop/ml4j/nn/ReLU.java. Using fallback presentation compiler.
2026.07.28 17:22:30 INFO  no build target found for /Users/onurercen/Desktop/ml4j/nn/ReLU.java. Using fallback presentation compiler.
2026.07.28 17:22:31 INFO  no build target found for /Users/onurercen/Desktop/ml4j/nn/ReLU.java. Using fallback presentation compiler.
2026.07.28 17:22:30 INFO  no build target found for /Users/onurercen/Desktop/ml4j/nn/ReLU.java. Using fallback presentation compiler.
2026.07.28 17:22:30 INFO  no build target found for /Users/onurercen/Desktop/ml4j/nn/ReLU.java. Using fallback presentation compiler.
2026.07.28 17:22:31 INFO  no build target found for /Users/onurercen/Desktop/ml4j/nn/ReLU.java. Using fallback presentation compiler.
2026.07.28 17:22:32 INFO  no build target found for /Users/onurercen/Desktop/ml4j/nn/ReLU.java. Using fallback presentation compiler.
2026.07.28 17:22:31 INFO  no build target found for /Users/onurercen/Desktop/ml4j/nn/ReLU.java. Using fallback presentation compiler.
2026.07.28 17:22:31 INFO  no build target found for /Users/onurercen/Desktop/ml4j/nn/ReLU.java. Using fallback presentation compiler.
2026.07.28 17:22:31 INFO  no build target found for /Users/onurercen/Desktop/ml4j/nn/ReLU.java. Using fallback presentation compiler.
2026.07.28 17:22:33 INFO  no build target found for /Users/onurercen/Desktop/ml4j/nn/ReLU.java. Using fallback presentation compiler.
2026.07.28 17:22:34 INFO  no build target found for /Users/onurercen/Desktop/ml4j/nn/ReLU.java. Using fallback presentation compiler.
2026.07.28 17:22:35 INFO  no build target found for /Users/onurercen/Desktop/ml4j/nn/ReLU.java. Using fallback presentation compiler.
2026.07.28 17:22:35 INFO  no build target found for /Users/onurercen/Desktop/ml4j/nn/ReLU.java. Using fallback presentation compiler.
2026.07.28 17:22:36 INFO  no build target found for /Users/onurercen/Desktop/ml4j/nn/ReLU.java. Using fallback presentation compiler.
2026.07.28 17:22:35 INFO  no build target found for /Users/onurercen/Desktop/ml4j/nn/ReLU.java. Using fallback presentation compiler.
2026.07.28 17:22:35 INFO  no build target found for /Users/onurercen/Desktop/ml4j/nn/ReLU.java. Using fallback presentation compiler.
2026.07.28 17:22:37 INFO  no build target found for /Users/onurercen/Desktop/ml4j/nn/ReLU.java. Using fallback presentation compiler.
2026.07.28 17:22:37 INFO  no build target found for /Users/onurercen/Desktop/ml4j/nn/ReLU.java. Using fallback presentation compiler.
2026.07.28 17:22:37 INFO  no build target found for /Users/onurercen/Desktop/ml4j/nn/ReLU.java. Using fallback presentation compiler.
2026.07.28 17:22:37 INFO  no build target found for /Users/onurercen/Desktop/ml4j/nn/ReLU.java. Using fallback presentation compiler.
2026.07.28 17:22:38 INFO  no build target found for /Users/onurercen/Desktop/ml4j/nn/ReLU.java. Using fallback presentation compiler.
2026.07.28 17:22:39 INFO  no build target found for /Users/onurercen/Desktop/ml4j/nn/ReLU.java. Using fallback presentation compiler.
2026.07.28 17:22:39 INFO  no build target found for /Users/onurercen/Desktop/ml4j/nn/ReLU.java. Using fallback presentation compiler.
2026.07.28 17:22:39 INFO  no build target found for /Users/onurercen/Desktop/ml4j/nn/ReLU.java. Using fallback presentation compiler.
2026.07.28 17:22:40 INFO  no build target found for /Users/onurercen/Desktop/ml4j/nn/ReLU.java. Using fallback presentation compiler.
2026.07.28 17:22:40 INFO  no build target found for /Users/onurercen/Desktop/ml4j/nn/ReLU.java. Using fallback presentation compiler.
2026.07.28 17:22:42 INFO  no build target found for /Users/onurercen/Desktop/ml4j/nn/ReLU.java. Using fallback presentation compiler.
2026.07.28 17:22:42 INFO  no build target found for /Users/onurercen/Desktop/ml4j/nn/ReLU.java. Using fallback presentation compiler.
2026.07.28 17:22:42 INFO  no build target found for /Users/onurercen/Desktop/ml4j/nn/ReLU.java. Using fallback presentation compiler.
2026.07.28 17:22:42 INFO  no build target found for /Users/onurercen/Desktop/ml4j/nn/ReLU.java. Using fallback presentation compiler.
2026.07.28 17:22:42 INFO  no build target found for /Users/onurercen/Desktop/ml4j/nn/ReLU.java. Using fallback presentation compiler.
2026.07.28 17:22:42 INFO  no build target found for /Users/onurercen/Desktop/ml4j/nn/ReLU.java. Using fallback presentation compiler.
2026.07.28 17:22:42 INFO  no build target found for /Users/onurercen/Desktop/ml4j/nn/ReLU.java. Using fallback presentation compiler.
2026.07.28 17:22:42 INFO  no build target found for /Users/onurercen/Desktop/ml4j/nn/ReLU.java. Using fallback presentation compiler.
2026.07.28 17:22:42 INFO  no build target found for /Users/onurercen/Desktop/ml4j/nn/ReLU.java. Using fallback presentation compiler.
2026.07.28 17:22:42 INFO  no build target found for /Users/onurercen/Desktop/ml4j/nn/ReLU.java. Using fallback presentation compiler.
2026.07.28 17:22:42 INFO  no build target found for /Users/onurercen/Desktop/ml4j/nn/ReLU.java. Using fallback presentation compiler.
2026.07.28 17:22:42 INFO  no build target found for /Users/onurercen/Desktop/ml4j/nn/ReLU.java. Using fallback presentation compiler.
2026.07.28 17:22:43 INFO  no build target found for /Users/onurercen/Desktop/ml4j/nn/ReLU.java. Using fallback presentation compiler.
2026.07.28 17:22:43 INFO  no build target found for /Users/onurercen/Desktop/ml4j/nn/ReLU.java. Using fallback presentation compiler.
2026.07.28 17:22:43 INFO  no build target found for /Users/onurercen/Desktop/ml4j/nn/ReLU.java. Using fallback presentation compiler.
2026.07.28 17:22:43 INFO  no build target found for /Users/onurercen/Desktop/ml4j/nn/ReLU.java. Using fallback presentation compiler.
2026.07.28 17:22:43 INFO  no build target found for /Users/onurercen/Desktop/ml4j/nn/ReLU.java. Using fallback presentation compiler.
2026.07.28 17:22:43 INFO  no build target found for /Users/onurercen/Desktop/ml4j/nn/ReLU.java. Using fallback presentation compiler.
2026.07.28 17:22:44 INFO  no build target found for /Users/onurercen/Desktop/ml4j/nn/ReLU.java. Using fallback presentation compiler.
2026.07.28 17:22:44 INFO  no build target found for /Users/onurercen/Desktop/ml4j/nn/ReLU.java. Using fallback presentation compiler.
2026.07.28 17:22:44 INFO  no build target found for /Users/onurercen/Desktop/ml4j/nn/ReLU.java. Using fallback presentation compiler.
2026.07.28 17:22:44 INFO  no build target found for /Users/onurercen/Desktop/ml4j/nn/ReLU.java. Using fallback presentation compiler.
2026.07.28 17:22:45 WARN  no build target for: /Users/onurercen/Desktop/ml4j/nn/ReLU.java
2026.07.28 17:22:45 INFO  no build target found for /Users/onurercen/Desktop/ml4j/nn/ReLU.java. Using fallback presentation compiler.
2026.07.28 17:22:46 WARN  no build target for: /Users/onurercen/Desktop/ml4j/nn/ReLU.java
2026.07.28 17:22:46 INFO  no build target found for /Users/onurercen/Desktop/ml4j/nn/ReLU.java. Using fallback presentation compiler.
2026.07.28 17:22:46 WARN  no build target for: /Users/onurercen/Desktop/ml4j/nn/ReLU.java
2026.07.28 17:22:46 INFO  no build target found for /Users/onurercen/Desktop/ml4j/nn/ReLU.java. Using fallback presentation compiler.
2026.07.28 17:22:48 INFO  no build target found for /Users/onurercen/Desktop/ml4j/nn/Linear.java. Using fallback presentation compiler.
2026.07.28 17:22:48 WARN  no build target for: /Users/onurercen/Desktop/ml4j/nn/Linear.java
2026.07.28 17:22:48 INFO  no build target found for /Users/onurercen/Desktop/ml4j/nn/Linear.java. Using fallback presentation compiler.
2026.07.28 17:22:48 INFO  no build target found for /Users/onurercen/Desktop/ml4j/nn/Linear.java. Using fallback presentation compiler.
2026.07.28 17:22:48 INFO  no build target found for /Users/onurercen/Desktop/ml4j/nn/Linear.java. Using fallback presentation compiler.
2026.07.28 17:22:48 WARN  no build target for: /Users/onurercen/Desktop/ml4j/nn/Linear.java
2026.07.28 17:22:48 INFO  no build target found for /Users/onurercen/Desktop/ml4j/nn/Linear.java. Using fallback presentation compiler.
2026.07.28 17:22:49 INFO  no build target found for /Users/onurercen/Desktop/ml4j/nn/Sequential.java. Using fallback presentation compiler.
2026.07.28 17:22:49 WARN  no build target for: /Users/onurercen/Desktop/ml4j/nn/Sequential.java
2026.07.28 17:22:49 INFO  no build target found for /Users/onurercen/Desktop/ml4j/nn/Sequential.java. Using fallback presentation compiler.
2026.07.28 17:22:49 INFO  no build target found for /Users/onurercen/Desktop/ml4j/nn/Sequential.java. Using fallback presentation compiler.
2026.07.28 17:22:49 INFO  no build target found for /Users/onurercen/Desktop/ml4j/nn/Sequential.java. Using fallback presentation compiler.
2026.07.28 17:22:50 WARN  no build target for: /Users/onurercen/Desktop/ml4j/nn/Sequential.java
2026.07.28 17:22:50 INFO  no build target found for /Users/onurercen/Desktop/ml4j/nn/Sequential.java. Using fallback presentation compiler.
2026.07.28 17:22:51 INFO  no build target found for /Users/onurercen/Desktop/ml4j/autograd/Backward.java. Using fallback presentation compiler.
2026.07.28 17:22:51 WARN  no build target for: /Users/onurercen/Desktop/ml4j/autograd/Backward.java
2026.07.28 17:22:51 INFO  no build target found for /Users/onurercen/Desktop/ml4j/autograd/Backward.java. Using fallback presentation compiler.
2026.07.28 17:22:51 WARN  no build target for: /Users/onurercen/Desktop/ml4j/autograd/Backward.java
2026.07.28 17:22:52 INFO  no build target found for /Users/onurercen/Desktop/ml4j/autograd/Backward.java. Using fallback presentation compiler.
2026.07.28 17:22:52 INFO  no build target found for /Users/onurercen/Desktop/ml4j/nn/Sequential.java. Using fallback presentation compiler.
2026.07.28 17:22:52 WARN  no build target for: /Users/onurercen/Desktop/ml4j/nn/Sequential.java
2026.07.28 17:22:52 INFO  no build target found for /Users/onurercen/Desktop/ml4j/nn/Sequential.java. Using fallback presentation compiler.
2026.07.28 17:22:52 INFO  no build target found for /Users/onurercen/Desktop/ml4j/nn/Sequential.java. Using fallback presentation compiler.
2026.07.28 17:22:52 INFO  no build target found for /Users/onurercen/Desktop/ml4j/nn/Sequential.java. Using fallback presentation compiler.
2026.07.28 17:22:53 WARN  no build target for: /Users/onurercen/Desktop/ml4j/nn/Sequential.java
2026.07.28 17:22:53 INFO  no build target found for /Users/onurercen/Desktop/ml4j/nn/Sequential.java. Using fallback presentation compiler.
2026.07.28 17:22:54 INFO  no build target found for /Users/onurercen/Desktop/ml4j/nn/Module.java. Using fallback presentation compiler.
2026.07.28 17:22:54 WARN  no build target for: /Users/onurercen/Desktop/ml4j/nn/Module.java
2026.07.28 17:22:54 INFO  no build target found for /Users/onurercen/Desktop/ml4j/nn/Module.java. Using fallback presentation compiler.
2026.07.28 17:22:54 INFO  no build target found for /Users/onurercen/Desktop/ml4j/nn/Module.java. Using fallback presentation compiler.
2026.07.28 17:22:54 INFO  no build target found for /Users/onurercen/Desktop/ml4j/nn/Module.java. Using fallback presentation compiler.
2026.07.28 17:22:54 WARN  no build target for: /Users/onurercen/Desktop/ml4j/nn/Module.java
2026.07.28 17:22:54 INFO  no build target found for /Users/onurercen/Desktop/ml4j/nn/Module.java. Using fallback presentation compiler.
2026.07.28 17:22:55 INFO  no build target found for /Users/onurercen/Desktop/ml4j/nn/Sequential.java. Using fallback presentation compiler.
2026.07.28 17:22:55 WARN  no build target for: /Users/onurercen/Desktop/ml4j/nn/Sequential.java
2026.07.28 17:22:55 INFO  no build target found for /Users/onurercen/Desktop/ml4j/nn/Sequential.java. Using fallback presentation compiler.
2026.07.28 17:22:55 INFO  no build target found for /Users/onurercen/Desktop/ml4j/nn/Sequential.java. Using fallback presentation compiler.
2026.07.28 17:22:55 INFO  no build target found for /Users/onurercen/Desktop/ml4j/nn/Sequential.java. Using fallback presentation compiler.
2026.07.28 17:22:56 INFO  no build target found for /Users/onurercen/Desktop/ml4j/nn/Linear.java. Using fallback presentation compiler.
2026.07.28 17:22:56 WARN  no build target for: /Users/onurercen/Desktop/ml4j/nn/Linear.java
2026.07.28 17:22:56 INFO  no build target found for /Users/onurercen/Desktop/ml4j/nn/Linear.java. Using fallback presentation compiler.
2026.07.28 17:22:56 INFO  no build target found for /Users/onurercen/Desktop/ml4j/nn/Linear.java. Using fallback presentation compiler.
2026.07.28 17:22:56 INFO  no build target found for /Users/onurercen/Desktop/ml4j/nn/Linear.java. Using fallback presentation compiler.
2026.07.28 17:23:34 INFO  no build target found for /Users/onurercen/Desktop/ml4j/autograd/Backward.java. Using fallback presentation compiler.
2026.07.28 17:24:22 WARN  no build target for: /Users/onurercen/Desktop/ml4j/nn/Sigmoid.java
2026.07.28 17:24:22 WARN  Running javac-semanticdb failed for file:///Users/onurercen/Desktop/ml4j/nn/Sigmoid.java. Output:

2026.07.28 17:24:22 INFO  no build target found for /Users/onurercen/Desktop/ml4j/nn/Sigmoid.java. Using fallback presentation compiler.
2026.07.28 17:24:22 INFO  no build target found for /Users/onurercen/Desktop/ml4j/nn/Sigmoid.java. Using fallback presentation compiler.
2026.07.28 17:24:25 INFO  no build target found for /Users/onurercen/Desktop/ml4j/nn/Sigmoid.java. Using fallback presentation compiler.
2026.07.28 17:24:25 INFO  no build target found for /Users/onurercen/Desktop/ml4j/nn/Sigmoid.java. Using fallback presentation compiler.
2026.07.28 17:24:25 INFO  no build target found for /Users/onurercen/Desktop/ml4j/nn/Sigmoid.java. Using fallback presentation compiler.
2026.07.28 17:24:25 WARN  Running javac-semanticdb failed for file:///Users/onurercen/Desktop/ml4j/nn/Sigmoid.java. Output:

2026.07.28 17:24:25 INFO  no build target found for /Users/onurercen/Desktop/ml4j/nn/Sigmoid.java. Using fallback presentation compiler.
2026.07.28 17:24:25 INFO  no build target found for /Users/onurercen/Desktop/ml4j/nn/Sigmoid.java. Using fallback presentation compiler.
2026.07.28 17:24:25 INFO  no build target found for /Users/onurercen/Desktop/ml4j/nn/Sigmoid.java. Using fallback presentation compiler.
2026.07.28 17:24:25 INFO  no build target found for /Users/onurercen/Desktop/ml4j/nn/Sigmoid.java. Using fallback presentation compiler.
2026.07.28 17:24:25 INFO  no build target found for /Users/onurercen/Desktop/ml4j/nn/Sigmoid.java. Using fallback presentation compiler.
2026.07.28 17:24:25 WARN  Running javac-semanticdb failed for file:///Users/onurercen/Desktop/ml4j/nn/Sigmoid.java. Output:

2026.07.28 17:24:25 INFO  no build target found for /Users/onurercen/Desktop/ml4j/nn/Sigmoid.java. Using fallback presentation compiler.
2026.07.28 17:24:26 INFO  no build target found for /Users/onurercen/Desktop/ml4j/nn/Sigmoid.java. Using fallback presentation compiler.
2026.07.28 17:24:26 INFO  no build target found for /Users/onurercen/Desktop/ml4j/nn/Sigmoid.java. Using fallback presentation compiler.
2026.07.28 17:24:26 INFO  no build target found for /Users/onurercen/Desktop/ml4j/nn/Sigmoid.java. Using fallback presentation compiler.
2026.07.28 17:24:26 WARN  Running javac-semanticdb failed for file:///Users/onurercen/Desktop/ml4j/nn/Sigmoid.java. Output:

2026.07.28 17:24:26 INFO  no build target found for /Users/onurercen/Desktop/ml4j/nn/Sigmoid.java. Using fallback presentation compiler.
2026.07.28 17:24:26 INFO  no build target found for /Users/onurercen/Desktop/ml4j/nn/Sigmoid.java. Using fallback presentation compiler.
2026.07.28 17:24:26 INFO  no build target found for /Users/onurercen/Desktop/ml4j/nn/Sigmoid.java. Using fallback presentation compiler.
2026.07.28 17:24:26 INFO  no build target found for /Users/onurercen/Desktop/ml4j/nn/Sigmoid.java. Using fallback presentation compiler.
2026.07.28 17:24:26 INFO  no build target found for /Users/onurercen/Desktop/ml4j/nn/Sigmoid.java. Using fallback presentation compiler.
2026.07.28 17:24:26 INFO  no build target found for /Users/onurercen/Desktop/ml4j/nn/Sigmoid.java. Using fallback presentation compiler.
2026.07.28 17:24:26 WARN  Running javac-semanticdb failed for file:///Users/onurercen/Desktop/ml4j/nn/Sigmoid.java. Output:

2026.07.28 17:24:27 INFO  no build target found for /Users/onurercen/Desktop/ml4j/nn/Sigmoid.java. Using fallback presentation compiler.
2026.07.28 17:24:27 INFO  no build target found for /Users/onurercen/Desktop/ml4j/nn/Sigmoid.java. Using fallback presentation compiler.
2026.07.28 17:24:27 INFO  no build target found for /Users/onurercen/Desktop/ml4j/nn/Sigmoid.java. Using fallback presentation compiler.
2026.07.28 17:24:27 INFO  no build target found for /Users/onurercen/Desktop/ml4j/nn/Sigmoid.java. Using fallback presentation compiler.
2026.07.28 17:24:27 INFO  no build target found for /Users/onurercen/Desktop/ml4j/nn/Sigmoid.java. Using fallback presentation compiler.
2026.07.28 17:24:27 INFO  no build target found for /Users/onurercen/Desktop/ml4j/nn/Sigmoid.java. Using fallback presentation compiler.
2026.07.28 17:24:26 INFO  no build target found for /Users/onurercen/Desktop/ml4j/nn/Sigmoid.java. Using fallback presentation compiler.
2026.07.28 17:24:27 INFO  no build target found for /Users/onurercen/Desktop/ml4j/nn/Sigmoid.java. Using fallback presentation compiler.
2026.07.28 17:24:27 INFO  no build target found for /Users/onurercen/Desktop/ml4j/nn/Module.java. Using fallback presentation compiler.
2026.07.28 17:24:27 INFO  no build target found for /Users/onurercen/Desktop/ml4j/nn/Sigmoid.java. Using fallback presentation compiler.
2026.07.28 17:24:27 WARN  Running javac-semanticdb failed for file:///Users/onurercen/Desktop/ml4j/nn/Sigmoid.java. Output:

2026.07.28 17:24:27 INFO  no build target found for /Users/onurercen/Desktop/ml4j/nn/Sigmoid.java. Using fallback presentation compiler.
2026.07.28 17:24:27 INFO  no build target found for /Users/onurercen/Desktop/ml4j/nn/Sigmoid.java. Using fallback presentation compiler.
2026.07.28 17:24:27 INFO  no build target found for /Users/onurercen/Desktop/ml4j/nn/Sigmoid.java. Using fallback presentation compiler.
2026.07.28 17:24:28 INFO  no build target found for /Users/onurercen/Desktop/ml4j/nn/Sigmoid.java. Using fallback presentation compiler.
2026.07.28 17:24:28 INFO  no build target found for /Users/onurercen/Desktop/ml4j/nn/Sigmoid.java. Using fallback presentation compiler.
2026.07.28 17:24:28 INFO  no build target found for /Users/onurercen/Desktop/ml4j/nn/Sigmoid.java. Using fallback presentation compiler.
2026.07.28 17:24:28 INFO  no build target found for /Users/onurercen/Desktop/ml4j/nn/Sigmoid.java. Using fallback presentation compiler.
2026.07.28 17:24:28 WARN  Running javac-semanticdb failed for file:///Users/onurercen/Desktop/ml4j/nn/Sigmoid.java. Output:

2026.07.28 17:24:28 INFO  no build target found for /Users/onurercen/Desktop/ml4j/nn/Sigmoid.java. Using fallback presentation compiler.
2026.07.28 17:24:29 INFO  no build target found for /Users/onurercen/Desktop/ml4j/nn/Sigmoid.java. Using fallback presentation compiler.
2026.07.28 17:24:29 WARN  Running javac-semanticdb failed for file:///Users/onurercen/Desktop/ml4j/nn/Sigmoid.java. Output:

2026.07.28 17:24:29 INFO  no build target found for /Users/onurercen/Desktop/ml4j/nn/Sigmoid.java. Using fallback presentation compiler.
2026.07.28 17:24:29 INFO  no build target found for /Users/onurercen/Desktop/ml4j/nn/Sigmoid.java. Using fallback presentation compiler.
2026.07.28 17:24:29 INFO  no build target found for /Users/onurercen/Desktop/ml4j/nn/Sigmoid.java. Using fallback presentation compiler.
2026.07.28 17:24:30 WARN  Running javac-semanticdb failed for file:///Users/onurercen/Desktop/ml4j/nn/Sigmoid.java. Output:

2026.07.28 17:24:30 INFO  no build target found for /Users/onurercen/Desktop/ml4j/nn/Sigmoid.java. Using fallback presentation compiler.
2026.07.28 17:24:30 INFO  no build target found for /Users/onurercen/Desktop/ml4j/nn/Sigmoid.java. Using fallback presentation compiler.
2026.07.28 17:24:30 INFO  no build target found for /Users/onurercen/Desktop/ml4j/nn/Sigmoid.java. Using fallback presentation compiler.
2026.07.28 17:24:30 WARN  Running javac-semanticdb failed for file:///Users/onurercen/Desktop/ml4j/nn/Sigmoid.java. Output:

2026.07.28 17:24:30 INFO  no build target found for /Users/onurercen/Desktop/ml4j/nn/Sigmoid.java. Using fallback presentation compiler.
2026.07.28 17:24:31 INFO  no build target found for /Users/onurercen/Desktop/ml4j/nn/Sigmoid.java. Using fallback presentation compiler.
2026.07.28 17:24:30 INFO  no build target found for /Users/onurercen/Desktop/ml4j/nn/Sigmoid.java. Using fallback presentation compiler.
2026.07.28 17:24:30 INFO  no build target found for /Users/onurercen/Desktop/ml4j/nn/Sigmoid.java. Using fallback presentation compiler.
2026.07.28 17:24:30 WARN  Running javac-semanticdb failed for file:///Users/onurercen/Desktop/ml4j/nn/Sigmoid.java. Output:

2026.07.28 17:24:30 INFO  no build target found for /Users/onurercen/Desktop/ml4j/nn/Sigmoid.java. Using fallback presentation compiler.
2026.07.28 17:24:31 INFO  no build target found for /Users/onurercen/Desktop/ml4j/nn/Sigmoid.java. Using fallback presentation compiler.
2026.07.28 17:24:30 INFO  no build target found for /Users/onurercen/Desktop/ml4j/nn/Sigmoid.java. Using fallback presentation compiler.
2026.07.28 17:24:31 WARN  Running javac-semanticdb failed for file:///Users/onurercen/Desktop/ml4j/nn/Sigmoid.java. Output:

2026.07.28 17:24:30 INFO  no build target found for /Users/onurercen/Desktop/ml4j/nn/Sigmoid.java. Using fallback presentation compiler.
2026.07.28 17:24:30 INFO  no build target found for /Users/onurercen/Desktop/ml4j/nn/Sigmoid.java. Using fallback presentation compiler.
2026.07.28 17:24:31 INFO  no build target found for /Users/onurercen/Desktop/ml4j/nn/Sigmoid.java. Using fallback presentation compiler.
2026.07.28 17:24:31 INFO  no build target found for /Users/onurercen/Desktop/ml4j/nn/Sigmoid.java. Using fallback presentation compiler.
2026.07.28 17:24:32 WARN  Running javac-semanticdb failed for file:///Users/onurercen/Desktop/ml4j/nn/Sigmoid.java. Output:

2026.07.28 17:24:33 INFO  no build target found for /Users/onurercen/Desktop/ml4j/nn/Sigmoid.java. Using fallback presentation compiler.
2026.07.28 17:24:33 INFO  no build target found for /Users/onurercen/Desktop/ml4j/nn/Sigmoid.java. Using fallback presentation compiler.
2026.07.28 17:24:33 INFO  no build target found for /Users/onurercen/Desktop/ml4j/nn/Sigmoid.java. Using fallback presentation compiler.
2026.07.28 17:24:33 INFO  no build target found for /Users/onurercen/Desktop/ml4j/nn/Sigmoid.java. Using fallback presentation compiler.
2026.07.28 17:24:33 INFO  no build target found for /Users/onurercen/Desktop/ml4j/nn/Sigmoid.java. Using fallback presentation compiler.
2026.07.28 17:24:33 INFO  no build target found for /Users/onurercen/Desktop/ml4j/nn/Sigmoid.java. Using fallback presentation compiler.
2026.07.28 17:24:33 INFO  no build target found for /Users/onurercen/Desktop/ml4j/nn/Sigmoid.java. Using fallback presentation compiler.
2026.07.28 17:24:33 INFO  no build target found for /Users/onurercen/Desktop/ml4j/nn/Sigmoid.java. Using fallback presentation compiler.
2026.07.28 17:24:33 WARN  Running javac-semanticdb failed for file:///Users/onurercen/Desktop/ml4j/nn/Sigmoid.java. Output:

2026.07.28 17:24:33 INFO  no build target found for /Users/onurercen/Desktop/ml4j/nn/Sigmoid.java. Using fallback presentation compiler.
2026.07.28 17:24:34 INFO  no build target found for /Users/onurercen/Desktop/ml4j/nn/Sigmoid.java. Using fallback presentation compiler.
2026.07.28 17:24:33 INFO  no build target found for /Users/onurercen/Desktop/ml4j/nn/Sigmoid.java. Using fallback presentation compiler.
2026.07.28 17:24:34 INFO  no build target found for /Users/onurercen/Desktop/ml4j/nn/Sigmoid.java. Using fallback presentation compiler.
2026.07.28 17:24:34 INFO  no build target found for /Users/onurercen/Desktop/ml4j/nn/Sigmoid.java. Using fallback presentation compiler.
2026.07.28 17:24:33 INFO  no build target found for /Users/onurercen/Desktop/ml4j/nn/Sigmoid.java. Using fallback presentation compiler.
2026.07.28 17:24:34 INFO  no build target found for /Users/onurercen/Desktop/ml4j/nn/Sigmoid.java. Using fallback presentation compiler.
2026.07.28 17:24:34 INFO  no build target found for /Users/onurercen/Desktop/ml4j/nn/Sigmoid.java. Using fallback presentation compiler.
2026.07.28 17:24:35 INFO  no build target found for /Users/onurercen/Desktop/ml4j/nn/Sigmoid.java. Using fallback presentation compiler.
2026.07.28 17:24:34 INFO  no build target found for /Users/onurercen/Desktop/ml4j/nn/Sigmoid.java. Using fallback presentation compiler.
2026.07.28 17:24:35 INFO  no build target found for /Users/onurercen/Desktop/ml4j/nn/Sigmoid.java. Using fallback presentation compiler.
2026.07.28 17:24:35 WARN  Running javac-semanticdb failed for file:///Users/onurercen/Desktop/ml4j/nn/Sigmoid.java. Output:

2026.07.28 17:24:35 INFO  no build target found for /Users/onurercen/Desktop/ml4j/nn/Sigmoid.java. Using fallback presentation compiler.
2026.07.28 17:24:35 INFO  no build target found for /Users/onurercen/Desktop/ml4j/nn/Sigmoid.java. Using fallback presentation compiler.
2026.07.28 17:24:35 INFO  no build target found for /Users/onurercen/Desktop/ml4j/nn/Sigmoid.java. Using fallback presentation compiler.
2026.07.28 17:24:35 WARN  Running javac-semanticdb failed for file:///Users/onurercen/Desktop/ml4j/nn/Sigmoid.java. Output:

2026.07.28 17:24:35 INFO  no build target found for /Users/onurercen/Desktop/ml4j/nn/Sigmoid.java. Using fallback presentation compiler.
2026.07.28 17:24:36 WARN  no build target for: /Users/onurercen/Desktop/ml4j/nn/Sigmoid.java
2026.07.28 17:24:36 INFO  no build target found for /Users/onurercen/Desktop/ml4j/nn/Sigmoid.java. Using fallback presentation compiler.
2026.07.28 17:24:43 WARN  no build target for: /Users/onurercen/Desktop/ml4j/nn/Softmax.java
2026.07.28 17:24:43 INFO  no build target found for /Users/onurercen/Desktop/ml4j/nn/Softmax.java. Using fallback presentation compiler.
2026.07.28 17:24:43 WARN  Running javac-semanticdb failed for file:///Users/onurercen/Desktop/ml4j/nn/Softmax.java. Output:

2026.07.28 17:24:43 INFO  no build target found for /Users/onurercen/Desktop/ml4j/nn/Softmax.java. Using fallback presentation compiler.
2026.07.28 17:24:43 INFO  no build target found for /Users/onurercen/Desktop/ml4j/nn/Softmax.java. Using fallback presentation compiler.
2026.07.28 17:24:43 INFO  no build target found for /Users/onurercen/Desktop/ml4j/nn/Softmax.java. Using fallback presentation compiler.
2026.07.28 17:24:43 INFO  no build target found for /Users/onurercen/Desktop/ml4j/nn/Softmax.java. Using fallback presentation compiler.
2026.07.28 17:24:43 WARN  Running javac-semanticdb failed for file:///Users/onurercen/Desktop/ml4j/nn/Softmax.java. Output:

2026.07.28 17:25:05 INFO  no build target found for /Users/onurercen/Desktop/ml4j/nn/Sequential.java. Using fallback presentation compiler.
2026.07.28 17:25:07 WARN  no build target for: /Users/onurercen/Desktop/ml4j/nn/Dropout.java
2026.07.28 17:25:07 WARN  Running javac-semanticdb failed for file:///Users/onurercen/Desktop/ml4j/nn/Dropout.java. Output:

2026.07.28 17:25:07 INFO  no build target found for /Users/onurercen/Desktop/ml4j/nn/Dropout.java. Using fallback presentation compiler.
2026.07.28 17:25:08 INFO  no build target found for /Users/onurercen/Desktop/ml4j/nn/Dropout.java. Using fallback presentation compiler.
2026.07.28 17:25:08 INFO  no build target found for /Users/onurercen/Desktop/ml4j/nn/Dropout.java. Using fallback presentation compiler.
2026.07.28 17:25:08 INFO  no build target found for /Users/onurercen/Desktop/ml4j/nn/Dropout.java. Using fallback presentation compiler.
2026.07.28 17:25:08 INFO  no build target found for /Users/onurercen/Desktop/ml4j/nn/Dropout.java. Using fallback presentation compiler.
2026.07.28 17:25:08 WARN  Running javac-semanticdb failed for file:///Users/onurercen/Desktop/ml4j/nn/Dropout.java. Output:

2026.07.28 17:26:48 WARN  no build target for: /Users/onurercen/Desktop/ml4j/loss/MSELoss.java
2026.07.28 17:26:48 INFO  no build target found for /Users/onurercen/Desktop/ml4j/loss/MSELoss.java. Using fallback presentation compiler.
2026.07.28 17:26:48 WARN  Running javac-semanticdb failed for file:///Users/onurercen/Desktop/ml4j/loss/MSELoss.java. Output:

2026.07.28 17:26:48 INFO  no build target found for /Users/onurercen/Desktop/ml4j/loss/MSELoss.java. Using fallback presentation compiler.
2026.07.28 17:26:48 INFO  no build target found for /Users/onurercen/Desktop/ml4j/loss/MSELoss.java. Using fallback presentation compiler.
2026.07.28 17:26:48 INFO  no build target found for /Users/onurercen/Desktop/ml4j/loss/MSELoss.java. Using fallback presentation compiler.
2026.07.28 17:26:48 WARN  Running javac-semanticdb failed for file:///Users/onurercen/Desktop/ml4j/loss/MSELoss.java. Output:

2026.07.28 17:26:58 WARN  no build target for: /Users/onurercen/Desktop/ml4j/loss/CrossEntropyLoss.java
2026.07.28 17:26:58 WARN  Running javac-semanticdb failed for file:///Users/onurercen/Desktop/ml4j/loss/CrossEntropyLoss.java. Output:

2026.07.28 17:26:58 INFO  no build target found for /Users/onurercen/Desktop/ml4j/loss/CrossEntropyLoss.java. Using fallback presentation compiler.
2026.07.28 17:26:58 INFO  no build target found for /Users/onurercen/Desktop/ml4j/loss/CrossEntropyLoss.java. Using fallback presentation compiler.
2026.07.28 17:26:58 INFO  no build target found for /Users/onurercen/Desktop/ml4j/loss/CrossEntropyLoss.java. Using fallback presentation compiler.
2026.07.28 17:26:58 INFO  no build target found for /Users/onurercen/Desktop/ml4j/loss/CrossEntropyLoss.java. Using fallback presentation compiler.
2026.07.28 17:26:58 WARN  Running javac-semanticdb failed for file:///Users/onurercen/Desktop/ml4j/loss/CrossEntropyLoss.java. Output:

2026.07.28 17:27:06 WARN  no build target for: /Users/onurercen/Desktop/ml4j/optim/Optimizer.java
2026.07.28 17:27:06 WARN  Running javac-semanticdb failed for file:///Users/onurercen/Desktop/ml4j/optim/Optimizer.java. Output:

2026.07.28 17:27:06 INFO  no build target found for /Users/onurercen/Desktop/ml4j/optim/Optimizer.java. Using fallback presentation compiler.
2026.07.28 17:27:07 INFO  no build target found for /Users/onurercen/Desktop/ml4j/optim/Optimizer.java. Using fallback presentation compiler.
2026.07.28 17:27:06 INFO  no build target found for /Users/onurercen/Desktop/ml4j/optim/Optimizer.java. Using fallback presentation compiler.
2026.07.28 17:27:07 INFO  no build target found for /Users/onurercen/Desktop/ml4j/optim/Optimizer.java. Using fallback presentation compiler.
2026.07.28 17:27:06 WARN  Running javac-semanticdb failed for file:///Users/onurercen/Desktop/ml4j/optim/Optimizer.java. Output:

2026.07.28 17:27:13 WARN  no build target for: /Users/onurercen/Desktop/ml4j/optim/SGD.java
2026.07.28 17:27:13 WARN  Running javac-semanticdb failed for file:///Users/onurercen/Desktop/ml4j/optim/SGD.java. Output:

2026.07.28 17:27:13 INFO  no build target found for /Users/onurercen/Desktop/ml4j/optim/SGD.java. Using fallback presentation compiler.
2026.07.28 17:27:14 INFO  no build target found for /Users/onurercen/Desktop/ml4j/optim/SGD.java. Using fallback presentation compiler.
2026.07.28 17:27:13 INFO  no build target found for /Users/onurercen/Desktop/ml4j/optim/SGD.java. Using fallback presentation compiler.
2026.07.28 17:27:14 INFO  no build target found for /Users/onurercen/Desktop/ml4j/optim/SGD.java. Using fallback presentation compiler.
2026.07.28 17:27:13 WARN  Running javac-semanticdb failed for file:///Users/onurercen/Desktop/ml4j/optim/SGD.java. Output:

2026.07.28 17:27:15 INFO  no build target found for /Users/onurercen/Desktop/ml4j/nn/Softmax.java. Using fallback presentation compiler.
2026.07.28 17:27:15 WARN  no build target for: /Users/onurercen/Desktop/ml4j/nn/Softmax.java
2026.07.28 17:27:15 INFO  no build target found for /Users/onurercen/Desktop/ml4j/nn/Softmax.java. Using fallback presentation compiler.
2026.07.28 17:27:24 WARN  no build target for: /Users/onurercen/Desktop/ml4j/optim/Adam.java
2026.07.28 17:27:24 WARN  Running javac-semanticdb failed for file:///Users/onurercen/Desktop/ml4j/optim/Adam.java. Output:

2026.07.28 17:27:24 INFO  no build target found for /Users/onurercen/Desktop/ml4j/optim/Adam.java. Using fallback presentation compiler.
2026.07.28 17:27:24 INFO  no build target found for /Users/onurercen/Desktop/ml4j/optim/Adam.java. Using fallback presentation compiler.
2026.07.28 17:27:24 INFO  no build target found for /Users/onurercen/Desktop/ml4j/optim/Adam.java. Using fallback presentation compiler.
2026.07.28 17:27:24 INFO  no build target found for /Users/onurercen/Desktop/ml4j/optim/Adam.java. Using fallback presentation compiler.
2026.07.28 17:27:24 INFO  no build target found for /Users/onurercen/Desktop/ml4j/optim/Adam.java. Using fallback presentation compiler.
2026.07.28 17:27:24 WARN  Running javac-semanticdb failed for file:///Users/onurercen/Desktop/ml4j/optim/Adam.java. Output:

2026.07.28 17:27:25 WARN  no build target for: /Users/onurercen/Desktop/ml4j/optim/Adam.java
2026.07.28 17:27:25 INFO  no build target found for /Users/onurercen/Desktop/ml4j/optim/Adam.java. Using fallback presentation compiler.
2026.07.28 17:27:56 WARN  no build target for: /Users/onurercen/Desktop/ml4j/data/Dataset.java
2026.07.28 17:27:56 WARN  Running javac-semanticdb failed for file:///Users/onurercen/Desktop/ml4j/data/Dataset.java. Output:

2026.07.28 17:27:56 INFO  no build target found for /Users/onurercen/Desktop/ml4j/data/Dataset.java. Using fallback presentation compiler.
2026.07.28 17:27:56 INFO  no build target found for /Users/onurercen/Desktop/ml4j/data/Dataset.java. Using fallback presentation compiler.
2026.07.28 17:27:56 INFO  no build target found for /Users/onurercen/Desktop/ml4j/data/Dataset.java. Using fallback presentation compiler.
2026.07.28 17:27:56 INFO  no build target found for /Users/onurercen/Desktop/ml4j/data/Dataset.java. Using fallback presentation compiler.
2026.07.28 17:27:56 WARN  Running javac-semanticdb failed for file:///Users/onurercen/Desktop/ml4j/data/Dataset.java. Output:

2026.07.28 17:28:05 WARN  no build target for: /Users/onurercen/Desktop/ml4j/data/DataLoader.java
2026.07.28 17:28:05 WARN  Running javac-semanticdb failed for file:///Users/onurercen/Desktop/ml4j/data/DataLoader.java. Output:

2026.07.28 17:28:05 INFO  no build target found for /Users/onurercen/Desktop/ml4j/data/DataLoader.java. Using fallback presentation compiler.
2026.07.28 17:28:05 INFO  no build target found for /Users/onurercen/Desktop/ml4j/data/DataLoader.java. Using fallback presentation compiler.
2026.07.28 17:28:05 INFO  no build target found for /Users/onurercen/Desktop/ml4j/data/DataLoader.java. Using fallback presentation compiler.
2026.07.28 17:28:05 INFO  no build target found for /Users/onurercen/Desktop/ml4j/data/DataLoader.java. Using fallback presentation compiler.
2026.07.28 17:28:05 WARN  Running javac-semanticdb failed for file:///Users/onurercen/Desktop/ml4j/data/DataLoader.java. Output:

2026.07.28 17:28:14 WARN  no build target for: /Users/onurercen/Desktop/ml4j/data/MNISTLoader.java
2026.07.28 17:28:14 WARN  Running javac-semanticdb failed for file:///Users/onurercen/Desktop/ml4j/data/MNISTLoader.java. Output:

2026.07.28 17:28:14 INFO  no build target found for /Users/onurercen/Desktop/ml4j/data/MNISTLoader.java. Using fallback presentation compiler.
2026.07.28 17:28:15 INFO  no build target found for /Users/onurercen/Desktop/ml4j/data/MNISTLoader.java. Using fallback presentation compiler.
2026.07.28 17:28:15 INFO  no build target found for /Users/onurercen/Desktop/ml4j/data/MNISTLoader.java. Using fallback presentation compiler.
2026.07.28 17:28:15 INFO  no build target found for /Users/onurercen/Desktop/ml4j/data/MNISTLoader.java. Using fallback presentation compiler.
2026.07.28 17:28:15 WARN  Running javac-semanticdb failed for file:///Users/onurercen/Desktop/ml4j/data/MNISTLoader.java. Output:

2026.07.28 17:29:27 WARN  no build target for: /Users/onurercen/Desktop/ml4j/engine/Trainer.java
2026.07.28 17:29:27 WARN  Running javac-semanticdb failed for file:///Users/onurercen/Desktop/ml4j/engine/Trainer.java. Output:

2026.07.28 17:29:27 INFO  no build target found for /Users/onurercen/Desktop/ml4j/engine/Trainer.java. Using fallback presentation compiler.
2026.07.28 17:29:27 INFO  no build target found for /Users/onurercen/Desktop/ml4j/engine/Trainer.java. Using fallback presentation compiler.
2026.07.28 17:29:28 INFO  no build target found for /Users/onurercen/Desktop/ml4j/engine/Trainer.java. Using fallback presentation compiler.
2026.07.28 17:29:27 INFO  no build target found for /Users/onurercen/Desktop/ml4j/engine/Trainer.java. Using fallback presentation compiler.
2026.07.28 17:29:28 WARN  Running javac-semanticdb failed for file:///Users/onurercen/Desktop/ml4j/engine/Trainer.java. Output:

2026.07.28 17:29:33 WARN  no build target for: /Users/onurercen/Desktop/ml4j/engine/Evaluator.java
2026.07.28 17:29:33 WARN  Running javac-semanticdb failed for file:///Users/onurercen/Desktop/ml4j/engine/Evaluator.java. Output:

2026.07.28 17:29:33 INFO  no build target found for /Users/onurercen/Desktop/ml4j/engine/Evaluator.java. Using fallback presentation compiler.
2026.07.28 17:29:33 INFO  no build target found for /Users/onurercen/Desktop/ml4j/engine/Evaluator.java. Using fallback presentation compiler.
2026.07.28 17:29:33 INFO  no build target found for /Users/onurercen/Desktop/ml4j/engine/Evaluator.java. Using fallback presentation compiler.
2026.07.28 17:29:33 INFO  no build target found for /Users/onurercen/Desktop/ml4j/engine/Evaluator.java. Using fallback presentation compiler.
2026.07.28 17:29:33 WARN  Running javac-semanticdb failed for file:///Users/onurercen/Desktop/ml4j/engine/Evaluator.java. Output:

2026.07.28 17:29:45 WARN  no build target for: /Users/onurercen/Desktop/ml4j/examples/MnistExamples.java
2026.07.28 17:29:45 WARN  Running javac-semanticdb failed for file:///Users/onurercen/Desktop/ml4j/examples/MnistExamples.java. Output:

2026.07.28 17:29:45 INFO  no build target found for /Users/onurercen/Desktop/ml4j/examples/MnistExamples.java. Using fallback presentation compiler.
2026.07.28 17:29:46 INFO  no build target found for /Users/onurercen/Desktop/ml4j/examples/MnistExamples.java. Using fallback presentation compiler.
2026.07.28 17:29:45 INFO  no build target found for /Users/onurercen/Desktop/ml4j/examples/MnistExamples.java. Using fallback presentation compiler.
2026.07.28 17:29:46 INFO  no build target found for /Users/onurercen/Desktop/ml4j/examples/MnistExamples.java. Using fallback presentation compiler.
2026.07.28 17:29:45 WARN  Running javac-semanticdb failed for file:///Users/onurercen/Desktop/ml4j/examples/MnistExamples.java. Output:

2026.07.28 17:29:46 WARN  no build target for: /Users/onurercen/Desktop/ml4j/examples/MnistExamples.java
2026.07.28 17:29:46 INFO  no build target found for /Users/onurercen/Desktop/ml4j/examples/MnistExamples.java. Using fallback presentation compiler.
2026.07.28 17:46:10 INFO  no build target found for /Users/onurercen/Desktop/ml4j/nn/Module.java. Using fallback presentation compiler.
2026.07.28 17:46:10 INFO  no build target found for /Users/onurercen/Desktop/ml4j/nn/Module.java. Using fallback presentation compiler.
2026.07.28 17:46:10 WARN  no build target for: /Users/onurercen/Desktop/ml4j/nn/Module.java
2026.07.28 17:46:10 INFO  no build target found for /Users/onurercen/Desktop/ml4j/nn/Module.java. Using fallback presentation compiler.
2026.07.28 17:46:10 INFO  no build target found for /Users/onurercen/Desktop/ml4j/nn/Module.java. Using fallback presentation compiler.
2026.07.28 17:46:10 INFO  no build target found for /Users/onurercen/Desktop/ml4j/nn/Module.java. Using fallback presentation compiler.
2026.07.28 17:46:13 INFO  no build target found for /Users/onurercen/Desktop/ml4j/nn/Module.java. Using fallback presentation compiler.
2026.07.28 17:46:13 INFO  no build target found for /Users/onurercen/Desktop/ml4j/nn/Module.java. Using fallback presentation compiler.
2026.07.28 17:46:14 INFO  no build target found for /Users/onurercen/Desktop/ml4j/nn/Module.java. Using fallback presentation compiler.
2026.07.28 17:46:14 INFO  no build target found for /Users/onurercen/Desktop/ml4j/nn/Module.java. Using fallback presentation compiler.
2026.07.28 17:46:14 INFO  no build target found for /Users/onurercen/Desktop/ml4j/nn/Module.java. Using fallback presentation compiler.
2026.07.28 17:46:14 INFO  no build target found for /Users/onurercen/Desktop/ml4j/nn/Module.java. Using fallback presentation compiler.
2026.07.28 17:46:14 INFO  no build target found for /Users/onurercen/Desktop/ml4j/nn/Module.java. Using fallback presentation compiler.
2026.07.28 17:46:14 INFO  no build target found for /Users/onurercen/Desktop/ml4j/nn/Module.java. Using fallback presentation compiler.
2026.07.28 17:46:14 INFO  no build target found for /Users/onurercen/Desktop/ml4j/nn/Module.java. Using fallback presentation compiler.
2026.07.28 17:46:15 INFO  no build target found for /Users/onurercen/Desktop/ml4j/nn/Module.java. Using fallback presentation compiler.
2026.07.28 17:46:14 INFO  no build target found for /Users/onurercen/Desktop/ml4j/nn/Module.java. Using fallback presentation compiler.
2026.07.28 17:46:14 INFO  no build target found for /Users/onurercen/Desktop/ml4j/nn/Module.java. Using fallback presentation compiler.
2026.07.28 17:46:15 INFO  no build target found for /Users/onurercen/Desktop/ml4j/nn/Module.java. Using fallback presentation compiler.
2026.07.28 17:46:15 INFO  no build target found for /Users/onurercen/Desktop/ml4j/nn/Module.java. Using fallback presentation compiler.
2026.07.28 17:46:15 INFO  no build target found for /Users/onurercen/Desktop/ml4j/nn/Module.java. Using fallback presentation compiler.
2026.07.28 17:46:15 INFO  no build target found for /Users/onurercen/Desktop/ml4j/nn/Module.java. Using fallback presentation compiler.
2026.07.28 17:46:15 INFO  no build target found for /Users/onurercen/Desktop/ml4j/nn/Module.java. Using fallback presentation compiler.
2026.07.28 17:46:15 INFO  no build target found for /Users/onurercen/Desktop/ml4j/nn/Module.java. Using fallback presentation compiler.
2026.07.28 17:46:15 INFO  no build target found for /Users/onurercen/Desktop/ml4j/nn/Module.java. Using fallback presentation compiler.
2026.07.28 17:46:16 WARN  no build target for: /Users/onurercen/Desktop/ml4j/nn/Sequential.java
2026.07.28 17:46:16 INFO  no build target found for /Users/onurercen/Desktop/ml4j/nn/Module.java. Using fallback presentation compiler.
2026.07.28 17:46:17 INFO  no build target found for /Users/onurercen/Desktop/ml4j/nn/Module.java. Using fallback presentation compiler.
2026.07.28 17:46:18 INFO  no build target found for /Users/onurercen/Desktop/ml4j/nn/Module.java. Using fallback presentation compiler.
2026.07.28 17:46:18 INFO  no build target found for /Users/onurercen/Desktop/ml4j/nn/Module.java. Using fallback presentation compiler.
2026.07.28 17:46:18 INFO  no build target found for /Users/onurercen/Desktop/ml4j/nn/Module.java. Using fallback presentation compiler.
2026.07.28 17:46:18 INFO  no build target found for /Users/onurercen/Desktop/ml4j/nn/Module.java. Using fallback presentation compiler.
2026.07.28 17:46:18 INFO  no build target found for /Users/onurercen/Desktop/ml4j/nn/Module.java. Using fallback presentation compiler.
2026.07.28 17:46:18 INFO  no build target found for /Users/onurercen/Desktop/ml4j/nn/Module.java. Using fallback presentation compiler.
2026.07.28 17:46:19 INFO  no build target found for /Users/onurercen/Desktop/ml4j/nn/Module.java. Using fallback presentation compiler.
2026.07.28 17:46:18 INFO  no build target found for /Users/onurercen/Desktop/ml4j/nn/Module.java. Using fallback presentation compiler.
2026.07.28 17:46:19 INFO  no build target found for /Users/onurercen/Desktop/ml4j/nn/Module.java. Using fallback presentation compiler.
2026.07.28 17:46:19 INFO  no build target found for /Users/onurercen/Desktop/ml4j/nn/Module.java. Using fallback presentation compiler.
2026.07.28 17:46:19 INFO  no build target found for /Users/onurercen/Desktop/ml4j/nn/Module.java. Using fallback presentation compiler.
2026.07.28 17:46:19 INFO  no build target found for /Users/onurercen/Desktop/ml4j/nn/Module.java. Using fallback presentation compiler.
2026.07.28 17:46:19 INFO  no build target found for /Users/onurercen/Desktop/ml4j/nn/Module.java. Using fallback presentation compiler.
2026.07.28 17:46:19 INFO  no build target found for /Users/onurercen/Desktop/ml4j/nn/Module.java. Using fallback presentation compiler.
2026.07.28 17:46:19 INFO  no build target found for /Users/onurercen/Desktop/ml4j/nn/Module.java. Using fallback presentation compiler.
2026.07.28 17:46:19 INFO  no build target found for /Users/onurercen/Desktop/ml4j/nn/Module.java. Using fallback presentation compiler.
2026.07.28 17:46:19 INFO  no build target found for /Users/onurercen/Desktop/ml4j/nn/Module.java. Using fallback presentation compiler.
2026.07.28 17:46:20 INFO  no build target found for /Users/onurercen/Desktop/ml4j/nn/Module.java. Using fallback presentation compiler.
2026.07.28 17:46:20 INFO  no build target found for /Users/onurercen/Desktop/ml4j/nn/Module.java. Using fallback presentation compiler.
2026.07.28 17:46:20 INFO  no build target found for /Users/onurercen/Desktop/ml4j/nn/Module.java. Using fallback presentation compiler.
2026.07.28 17:46:20 INFO  no build target found for /Users/onurercen/Desktop/ml4j/nn/Module.java. Using fallback presentation compiler.
2026.07.28 17:46:20 INFO  no build target found for /Users/onurercen/Desktop/ml4j/nn/Module.java. Using fallback presentation compiler.
2026.07.28 17:46:20 INFO  no build target found for /Users/onurercen/Desktop/ml4j/nn/Module.java. Using fallback presentation compiler.
2026.07.28 17:46:20 INFO  no build target found for /Users/onurercen/Desktop/ml4j/nn/Module.java. Using fallback presentation compiler.
2026.07.28 17:46:20 INFO  no build target found for /Users/onurercen/Desktop/ml4j/nn/Module.java. Using fallback presentation compiler.
2026.07.28 17:46:20 INFO  no build target found for /Users/onurercen/Desktop/ml4j/nn/Module.java. Using fallback presentation compiler.
2026.07.28 17:46:21 INFO  no build target found for /Users/onurercen/Desktop/ml4j/nn/Module.java. Using fallback presentation compiler.
2026.07.28 17:46:21 INFO  no build target found for /Users/onurercen/Desktop/ml4j/nn/Module.java. Using fallback presentation compiler.
2026.07.28 17:46:21 INFO  no build target found for /Users/onurercen/Desktop/ml4j/nn/Module.java. Using fallback presentation compiler.
2026.07.28 17:46:21 INFO  no build target found for /Users/onurercen/Desktop/ml4j/nn/Module.java. Using fallback presentation compiler.
2026.07.28 17:46:21 INFO  no build target found for /Users/onurercen/Desktop/ml4j/nn/Module.java. Using fallback presentation compiler.
2026.07.28 17:46:22 INFO  no build target found for /Users/onurercen/Desktop/ml4j/nn/Module.java. Using fallback presentation compiler.
2026.07.28 17:46:22 INFO  no build target found for /Users/onurercen/Desktop/ml4j/nn/Module.java. Using fallback presentation compiler.
2026.07.28 17:46:22 INFO  no build target found for /Users/onurercen/Desktop/ml4j/nn/Module.java. Using fallback presentation compiler.
2026.07.28 17:46:22 INFO  no build target found for /Users/onurercen/Desktop/ml4j/nn/Module.java. Using fallback presentation compiler.
2026.07.28 17:46:22 INFO  no build target found for /Users/onurercen/Desktop/ml4j/nn/Module.java. Using fallback presentation compiler.
2026.07.28 17:46:22 INFO  no build target found for /Users/onurercen/Desktop/ml4j/nn/Module.java. Using fallback presentation compiler.
2026.07.28 17:46:22 INFO  no build target found for /Users/onurercen/Desktop/ml4j/nn/Module.java. Using fallback presentation compiler.
2026.07.28 17:46:22 INFO  no build target found for /Users/onurercen/Desktop/ml4j/nn/Module.java. Using fallback presentation compiler.
2026.07.28 17:46:22 INFO  no build target found for /Users/onurercen/Desktop/ml4j/nn/Module.java. Using fallback presentation compiler.
2026.07.28 17:46:22 INFO  no build target found for /Users/onurercen/Desktop/ml4j/nn/Module.java. Using fallback presentation compiler.
2026.07.28 17:46:23 INFO  no build target found for /Users/onurercen/Desktop/ml4j/nn/Module.java. Using fallback presentation compiler.
2026.07.28 17:46:24 INFO  no build target found for /Users/onurercen/Desktop/ml4j/nn/Module.java. Using fallback presentation compiler.
2026.07.28 17:46:24 INFO  no build target found for /Users/onurercen/Desktop/ml4j/nn/Module.java. Using fallback presentation compiler.
2026.07.28 17:46:24 INFO  no build target found for /Users/onurercen/Desktop/ml4j/nn/Module.java. Using fallback presentation compiler.
2026.07.28 17:46:24 INFO  no build target found for /Users/onurercen/Desktop/ml4j/nn/Module.java. Using fallback presentation compiler.
2026.07.28 17:46:24 INFO  no build target found for /Users/onurercen/Desktop/ml4j/nn/Module.java. Using fallback presentation compiler.
2026.07.28 17:46:24 INFO  no build target found for /Users/onurercen/Desktop/ml4j/nn/Module.java. Using fallback presentation compiler.
2026.07.28 17:46:24 INFO  no build target found for /Users/onurercen/Desktop/ml4j/nn/Module.java. Using fallback presentation compiler.
2026.07.28 17:46:25 INFO  no build target found for /Users/onurercen/Desktop/ml4j/nn/Module.java. Using fallback presentation compiler.
2026.07.28 17:46:24 INFO  no build target found for /Users/onurercen/Desktop/ml4j/nn/Module.java. Using fallback presentation compiler.
2026.07.28 17:46:25 INFO  no build target found for /Users/onurercen/Desktop/ml4j/nn/Module.java. Using fallback presentation compiler.
2026.07.28 17:46:25 INFO  no build target found for /Users/onurercen/Desktop/ml4j/nn/Module.java. Using fallback presentation compiler.
2026.07.28 17:46:25 INFO  no build target found for /Users/onurercen/Desktop/ml4j/nn/Module.java. Using fallback presentation compiler.
2026.07.28 17:46:25 INFO  no build target found for /Users/onurercen/Desktop/ml4j/nn/Module.java. Using fallback presentation compiler.
2026.07.28 17:46:25 INFO  no build target found for /Users/onurercen/Desktop/ml4j/nn/Module.java. Using fallback presentation compiler.
2026.07.28 17:46:25 INFO  no build target found for /Users/onurercen/Desktop/ml4j/nn/Module.java. Using fallback presentation compiler.
2026.07.28 17:46:26 INFO  no build target found for /Users/onurercen/Desktop/ml4j/nn/Module.java. Using fallback presentation compiler.
2026.07.28 17:46:26 INFO  no build target found for /Users/onurercen/Desktop/ml4j/nn/Module.java. Using fallback presentation compiler.
2026.07.28 17:46:26 INFO  no build target found for /Users/onurercen/Desktop/ml4j/nn/Module.java. Using fallback presentation compiler.
2026.07.28 17:46:27 INFO  no build target found for /Users/onurercen/Desktop/ml4j/nn/Module.java. Using fallback presentation compiler.
2026.07.28 17:46:27 INFO  no build target found for /Users/onurercen/Desktop/ml4j/nn/Module.java. Using fallback presentation compiler.
2026.07.28 17:46:27 INFO  no build target found for /Users/onurercen/Desktop/ml4j/nn/Module.java. Using fallback presentation compiler.
2026.07.28 17:46:29 INFO  no build target found for /Users/onurercen/Desktop/ml4j/nn/Module.java. Using fallback presentation compiler.
2026.07.28 17:46:29 INFO  no build target found for /Users/onurercen/Desktop/ml4j/nn/Module.java. Using fallback presentation compiler.
2026.07.28 17:46:30 INFO  no build target found for /Users/onurercen/Desktop/ml4j/nn/Module.java. Using fallback presentation compiler.
2026.07.28 17:46:29 INFO  no build target found for /Users/onurercen/Desktop/ml4j/nn/Module.java. Using fallback presentation compiler.
2026.07.28 17:46:30 INFO  no build target found for /Users/onurercen/Desktop/ml4j/nn/Module.java. Using fallback presentation compiler.
2026.07.28 17:46:30 INFO  no build target found for /Users/onurercen/Desktop/ml4j/nn/Module.java. Using fallback presentation compiler.
2026.07.28 17:46:30 INFO  no build target found for /Users/onurercen/Desktop/ml4j/nn/Module.java. Using fallback presentation compiler.
2026.07.28 17:46:30 INFO  no build target found for /Users/onurercen/Desktop/ml4j/nn/Module.java. Using fallback presentation compiler.
2026.07.28 17:46:30 INFO  no build target found for /Users/onurercen/Desktop/ml4j/nn/Module.java. Using fallback presentation compiler.
2026.07.28 17:46:30 INFO  no build target found for /Users/onurercen/Desktop/ml4j/nn/Module.java. Using fallback presentation compiler.
2026.07.28 17:46:30 INFO  no build target found for /Users/onurercen/Desktop/ml4j/nn/Module.java. Using fallback presentation compiler.
2026.07.28 17:46:30 INFO  no build target found for /Users/onurercen/Desktop/ml4j/nn/Module.java. Using fallback presentation compiler.
2026.07.28 17:46:30 INFO  no build target found for /Users/onurercen/Desktop/ml4j/nn/Module.java. Using fallback presentation compiler.
2026.07.28 17:46:31 INFO  no build target found for /Users/onurercen/Desktop/ml4j/nn/Module.java. Using fallback presentation compiler.
2026.07.28 17:46:30 INFO  no build target found for /Users/onurercen/Desktop/ml4j/nn/Module.java. Using fallback presentation compiler.
2026.07.28 17:46:31 INFO  no build target found for /Users/onurercen/Desktop/ml4j/nn/Module.java. Using fallback presentation compiler.
2026.07.28 17:46:31 INFO  no build target found for /Users/onurercen/Desktop/ml4j/nn/Module.java. Using fallback presentation compiler.
2026.07.28 17:46:31 INFO  no build target found for /Users/onurercen/Desktop/ml4j/nn/Module.java. Using fallback presentation compiler.
2026.07.28 17:46:31 INFO  no build target found for /Users/onurercen/Desktop/ml4j/nn/Module.java. Using fallback presentation compiler.
2026.07.28 17:46:32 WARN  no build target for: /Users/onurercen/Desktop/ml4j/nn/Module.java
2026.07.28 17:46:32 INFO  no build target found for /Users/onurercen/Desktop/ml4j/nn/Module.java. Using fallback presentation compiler.
2026.07.28 17:47:14 INFO  no build target found for /Users/onurercen/Desktop/ml4j/nn/Linear.java. Using fallback presentation compiler.
2026.07.28 17:47:14 WARN  no build target for: /Users/onurercen/Desktop/ml4j/nn/Linear.java
2026.07.28 17:47:14 INFO  no build target found for /Users/onurercen/Desktop/ml4j/nn/Linear.java. Using fallback presentation compiler.
2026.07.28 17:47:14 INFO  no build target found for /Users/onurercen/Desktop/ml4j/nn/Linear.java. Using fallback presentation compiler.
2026.07.28 17:47:14 INFO  no build target found for /Users/onurercen/Desktop/ml4j/nn/Linear.java. Using fallback presentation compiler.
2026.07.28 17:47:56 INFO  no build target found for /Users/onurercen/Desktop/ml4j/nn/Module.java. Using fallback presentation compiler.
2026.07.28 17:47:56 WARN  no build target for: /Users/onurercen/Desktop/ml4j/nn/Module.java
2026.07.28 17:47:56 INFO  no build target found for /Users/onurercen/Desktop/ml4j/nn/Module.java. Using fallback presentation compiler.
2026.07.28 17:47:56 INFO  no build target found for /Users/onurercen/Desktop/ml4j/nn/Module.java. Using fallback presentation compiler.
2026.07.28 17:47:56 INFO  no build target found for /Users/onurercen/Desktop/ml4j/nn/Module.java. Using fallback presentation compiler.
2026.07.28 17:49:16 INFO  no build target found for /Users/onurercen/Desktop/ml4j/nn/Sequential.java. Using fallback presentation compiler.
2026.07.28 17:49:37 INFO  no build target found for /Users/onurercen/Desktop/ml4j/nn/Linear.java. Using fallback presentation compiler.
2026.07.28 17:49:37 WARN  no build target for: /Users/onurercen/Desktop/ml4j/nn/Linear.java
2026.07.28 17:49:37 INFO  no build target found for /Users/onurercen/Desktop/ml4j/nn/Linear.java. Using fallback presentation compiler.
2026.07.28 17:49:37 INFO  no build target found for /Users/onurercen/Desktop/ml4j/nn/Linear.java. Using fallback presentation compiler.
2026.07.28 17:49:37 INFO  no build target found for /Users/onurercen/Desktop/ml4j/nn/Linear.java. Using fallback presentation compiler.
2026.07.28 17:49:41 INFO  no build target found for /Users/onurercen/Desktop/ml4j/nn/Linear.java. Using fallback presentation compiler.
2026.07.28 17:49:41 INFO  no build target found for /Users/onurercen/Desktop/ml4j/nn/Linear.java. Using fallback presentation compiler.
2026.07.28 17:49:42 INFO  no build target found for /Users/onurercen/Desktop/ml4j/nn/Linear.java. Using fallback presentation compiler.
2026.07.28 17:49:41 INFO  no build target found for /Users/onurercen/Desktop/ml4j/nn/Linear.java. Using fallback presentation compiler.
2026.07.28 17:49:41 INFO  no build target found for /Users/onurercen/Desktop/ml4j/nn/Linear.java. Using fallback presentation compiler.
2026.07.28 17:49:42 INFO  no build target found for /Users/onurercen/Desktop/ml4j/nn/Linear.java. Using fallback presentation compiler.
2026.07.28 17:49:43 INFO  no build target found for /Users/onurercen/Desktop/ml4j/nn/Linear.java. Using fallback presentation compiler.
2026.07.28 17:49:43 INFO  no build target found for /Users/onurercen/Desktop/ml4j/nn/Linear.java. Using fallback presentation compiler.
2026.07.28 17:49:43 INFO  no build target found for /Users/onurercen/Desktop/ml4j/nn/Linear.java. Using fallback presentation compiler.
2026.07.28 17:49:43 INFO  no build target found for /Users/onurercen/Desktop/ml4j/nn/Linear.java. Using fallback presentation compiler.
2026.07.28 17:49:43 INFO  no build target found for /Users/onurercen/Desktop/ml4j/nn/Linear.java. Using fallback presentation compiler.
2026.07.28 17:49:43 INFO  no build target found for /Users/onurercen/Desktop/ml4j/nn/Linear.java. Using fallback presentation compiler.
2026.07.28 17:49:43 INFO  no build target found for /Users/onurercen/Desktop/ml4j/nn/Linear.java. Using fallback presentation compiler.
2026.07.28 17:49:44 INFO  no build target found for /Users/onurercen/Desktop/ml4j/nn/Linear.java. Using fallback presentation compiler.
2026.07.28 17:49:44 INFO  no build target found for /Users/onurercen/Desktop/ml4j/nn/Linear.java. Using fallback presentation compiler.
2026.07.28 17:49:44 INFO  no build target found for /Users/onurercen/Desktop/ml4j/nn/Linear.java. Using fallback presentation compiler.
2026.07.28 17:49:44 INFO  no build target found for /Users/onurercen/Desktop/ml4j/nn/Linear.java. Using fallback presentation compiler.
2026.07.28 17:49:44 INFO  no build target found for /Users/onurercen/Desktop/ml4j/nn/Linear.java. Using fallback presentation compiler.
2026.07.28 17:49:44 INFO  no build target found for /Users/onurercen/Desktop/ml4j/nn/Linear.java. Using fallback presentation compiler.
2026.07.28 17:49:45 INFO  no build target found for /Users/onurercen/Desktop/ml4j/nn/Linear.java. Using fallback presentation compiler.
2026.07.28 17:49:44 INFO  no build target found for /Users/onurercen/Desktop/ml4j/nn/Linear.java. Using fallback presentation compiler.
2026.07.28 17:49:44 INFO  no build target found for /Users/onurercen/Desktop/ml4j/nn/Linear.java. Using fallback presentation compiler.
2026.07.28 17:49:45 INFO  no build target found for /Users/onurercen/Desktop/ml4j/nn/Linear.java. Using fallback presentation compiler.
2026.07.28 17:49:45 INFO  no build target found for /Users/onurercen/Desktop/ml4j/nn/Linear.java. Using fallback presentation compiler.
2026.07.28 17:49:45 INFO  no build target found for /Users/onurercen/Desktop/ml4j/nn/Linear.java. Using fallback presentation compiler.
2026.07.28 17:49:45 INFO  no build target found for /Users/onurercen/Desktop/ml4j/nn/Linear.java. Using fallback presentation compiler.
2026.07.28 17:49:46 INFO  no build target found for /Users/onurercen/Desktop/ml4j/nn/Linear.java. Using fallback presentation compiler.
2026.07.28 17:49:47 INFO  no build target found for /Users/onurercen/Desktop/ml4j/nn/Linear.java. Using fallback presentation compiler.
2026.07.28 17:49:47 INFO  no build target found for /Users/onurercen/Desktop/ml4j/nn/Linear.java. Using fallback presentation compiler.
2026.07.28 17:49:47 INFO  no build target found for /Users/onurercen/Desktop/ml4j/nn/Linear.java. Using fallback presentation compiler.
2026.07.28 17:49:47 INFO  no build target found for /Users/onurercen/Desktop/ml4j/nn/Linear.java. Using fallback presentation compiler.
2026.07.28 17:49:47 INFO  no build target found for /Users/onurercen/Desktop/ml4j/nn/Linear.java. Using fallback presentation compiler.
2026.07.28 17:49:47 INFO  no build target found for /Users/onurercen/Desktop/ml4j/nn/Linear.java. Using fallback presentation compiler.
2026.07.28 17:49:48 INFO  no build target found for /Users/onurercen/Desktop/ml4j/nn/Linear.java. Using fallback presentation compiler.
2026.07.28 17:49:48 INFO  no build target found for /Users/onurercen/Desktop/ml4j/nn/Linear.java. Using fallback presentation compiler.
2026.07.28 17:49:48 INFO  no build target found for /Users/onurercen/Desktop/ml4j/nn/Linear.java. Using fallback presentation compiler.
2026.07.28 17:49:48 INFO  no build target found for /Users/onurercen/Desktop/ml4j/nn/Linear.java. Using fallback presentation compiler.
2026.07.28 17:49:49 INFO  no build target found for /Users/onurercen/Desktop/ml4j/nn/Linear.java. Using fallback presentation compiler.
2026.07.28 17:49:50 INFO  no build target found for /Users/onurercen/Desktop/ml4j/nn/Linear.java. Using fallback presentation compiler.
2026.07.28 17:49:51 INFO  no build target found for /Users/onurercen/Desktop/ml4j/nn/Linear.java. Using fallback presentation compiler.
2026.07.28 17:49:51 INFO  no build target found for /Users/onurercen/Desktop/ml4j/nn/Linear.java. Using fallback presentation compiler.
2026.07.28 17:49:52 INFO  no build target found for /Users/onurercen/Desktop/ml4j/nn/Linear.java. Using fallback presentation compiler.
2026.07.28 17:49:51 INFO  no build target found for /Users/onurercen/Desktop/ml4j/nn/Linear.java. Using fallback presentation compiler.
2026.07.28 17:49:51 INFO  no build target found for /Users/onurercen/Desktop/ml4j/nn/Linear.java. Using fallback presentation compiler.
2026.07.28 17:49:52 INFO  no build target found for /Users/onurercen/Desktop/ml4j/nn/Linear.java. Using fallback presentation compiler.
2026.07.28 17:49:51 INFO  no build target found for /Users/onurercen/Desktop/ml4j/nn/Linear.java. Using fallback presentation compiler.
2026.07.28 17:49:51 INFO  no build target found for /Users/onurercen/Desktop/ml4j/nn/Linear.java. Using fallback presentation compiler.
2026.07.28 17:49:52 INFO  no build target found for /Users/onurercen/Desktop/ml4j/nn/Linear.java. Using fallback presentation compiler.
2026.07.28 17:49:52 INFO  no build target found for /Users/onurercen/Desktop/ml4j/nn/Linear.java. Using fallback presentation compiler.
2026.07.28 17:49:53 INFO  no build target found for /Users/onurercen/Desktop/ml4j/nn/Linear.java. Using fallback presentation compiler.
2026.07.28 17:49:54 INFO  no build target found for /Users/onurercen/Desktop/ml4j/nn/Linear.java. Using fallback presentation compiler.
2026.07.28 17:49:54 INFO  no build target found for /Users/onurercen/Desktop/ml4j/nn/Linear.java. Using fallback presentation compiler.
2026.07.28 17:49:54 INFO  no build target found for /Users/onurercen/Desktop/ml4j/nn/Linear.java. Using fallback presentation compiler.
2026.07.28 17:49:54 INFO  no build target found for /Users/onurercen/Desktop/ml4j/nn/Linear.java. Using fallback presentation compiler.
2026.07.28 17:49:55 INFO  no build target found for /Users/onurercen/Desktop/ml4j/nn/Linear.java. Using fallback presentation compiler.
2026.07.28 17:49:55 INFO  no build target found for /Users/onurercen/Desktop/ml4j/nn/Linear.java. Using fallback presentation compiler.
2026.07.28 17:49:55 INFO  no build target found for /Users/onurercen/Desktop/ml4j/nn/Linear.java. Using fallback presentation compiler.
2026.07.28 17:49:55 INFO  no build target found for /Users/onurercen/Desktop/ml4j/nn/Linear.java. Using fallback presentation compiler.
2026.07.28 17:49:56 INFO  no build target found for /Users/onurercen/Desktop/ml4j/nn/Linear.java. Using fallback presentation compiler.
2026.07.28 17:49:56 INFO  no build target found for /Users/onurercen/Desktop/ml4j/nn/Linear.java. Using fallback presentation compiler.
2026.07.28 17:49:56 INFO  no build target found for /Users/onurercen/Desktop/ml4j/nn/Linear.java. Using fallback presentation compiler.
2026.07.28 17:49:56 INFO  no build target found for /Users/onurercen/Desktop/ml4j/nn/Linear.java. Using fallback presentation compiler.
2026.07.28 17:49:56 INFO  no build target found for /Users/onurercen/Desktop/ml4j/nn/Linear.java. Using fallback presentation compiler.
2026.07.28 17:49:59 INFO  no build target found for /Users/onurercen/Desktop/ml4j/nn/Linear.java. Using fallback presentation compiler.
2026.07.28 17:49:59 INFO  no build target found for /Users/onurercen/Desktop/ml4j/nn/Linear.java. Using fallback presentation compiler.
2026.07.28 17:49:59 INFO  no build target found for /Users/onurercen/Desktop/ml4j/nn/Linear.java. Using fallback presentation compiler.
2026.07.28 17:49:59 INFO  no build target found for /Users/onurercen/Desktop/ml4j/nn/Linear.java. Using fallback presentation compiler.
2026.07.28 17:49:59 INFO  no build target found for /Users/onurercen/Desktop/ml4j/nn/Linear.java. Using fallback presentation compiler.
2026.07.28 17:49:59 INFO  no build target found for /Users/onurercen/Desktop/ml4j/nn/Linear.java. Using fallback presentation compiler.
2026.07.28 17:49:59 INFO  no build target found for /Users/onurercen/Desktop/ml4j/nn/Linear.java. Using fallback presentation compiler.
2026.07.28 17:49:59 INFO  no build target found for /Users/onurercen/Desktop/ml4j/nn/Linear.java. Using fallback presentation compiler.
2026.07.28 17:49:59 INFO  no build target found for /Users/onurercen/Desktop/ml4j/nn/Linear.java. Using fallback presentation compiler.
2026.07.28 17:50:00 INFO  no build target found for /Users/onurercen/Desktop/ml4j/nn/Linear.java. Using fallback presentation compiler.
2026.07.28 17:49:59 INFO  no build target found for /Users/onurercen/Desktop/ml4j/nn/Linear.java. Using fallback presentation compiler.
2026.07.28 17:50:00 INFO  no build target found for /Users/onurercen/Desktop/ml4j/nn/Linear.java. Using fallback presentation compiler.
2026.07.28 17:50:00 INFO  no build target found for /Users/onurercen/Desktop/ml4j/nn/Linear.java. Using fallback presentation compiler.
2026.07.28 17:50:00 INFO  no build target found for /Users/onurercen/Desktop/ml4j/nn/Linear.java. Using fallback presentation compiler.
2026.07.28 17:50:00 INFO  no build target found for /Users/onurercen/Desktop/ml4j/nn/Linear.java. Using fallback presentation compiler.
2026.07.28 17:50:00 INFO  no build target found for /Users/onurercen/Desktop/ml4j/nn/Linear.java. Using fallback presentation compiler.
2026.07.28 17:50:01 INFO  no build target found for /Users/onurercen/Desktop/ml4j/nn/Linear.java. Using fallback presentation compiler.
2026.07.28 17:50:01 INFO  no build target found for /Users/onurercen/Desktop/ml4j/nn/Linear.java. Using fallback presentation compiler.
2026.07.28 17:50:01 INFO  no build target found for /Users/onurercen/Desktop/ml4j/nn/Linear.java. Using fallback presentation compiler.
2026.07.28 17:50:01 INFO  no build target found for /Users/onurercen/Desktop/ml4j/nn/Linear.java. Using fallback presentation compiler.
2026.07.28 17:50:01 INFO  no build target found for /Users/onurercen/Desktop/ml4j/nn/Linear.java. Using fallback presentation compiler.
2026.07.28 17:50:01 INFO  no build target found for /Users/onurercen/Desktop/ml4j/nn/Linear.java. Using fallback presentation compiler.
2026.07.28 17:50:01 INFO  no build target found for /Users/onurercen/Desktop/ml4j/nn/Linear.java. Using fallback presentation compiler.
2026.07.28 17:50:01 INFO  no build target found for /Users/onurercen/Desktop/ml4j/nn/Linear.java. Using fallback presentation compiler.
2026.07.28 17:50:02 INFO  no build target found for /Users/onurercen/Desktop/ml4j/nn/Linear.java. Using fallback presentation compiler.
2026.07.28 17:50:02 INFO  no build target found for /Users/onurercen/Desktop/ml4j/nn/Linear.java. Using fallback presentation compiler.
2026.07.28 17:50:02 INFO  no build target found for /Users/onurercen/Desktop/ml4j/nn/Linear.java. Using fallback presentation compiler.
2026.07.28 17:50:03 INFO  no build target found for /Users/onurercen/Desktop/ml4j/nn/Linear.java. Using fallback presentation compiler.
2026.07.28 17:50:03 INFO  no build target found for /Users/onurercen/Desktop/ml4j/nn/Linear.java. Using fallback presentation compiler.
2026.07.28 17:50:03 INFO  no build target found for /Users/onurercen/Desktop/ml4j/nn/Linear.java. Using fallback presentation compiler.
2026.07.28 17:50:03 INFO  no build target found for /Users/onurercen/Desktop/ml4j/nn/Linear.java. Using fallback presentation compiler.
2026.07.28 17:50:04 INFO  no build target found for /Users/onurercen/Desktop/ml4j/nn/Linear.java. Using fallback presentation compiler.
2026.07.28 17:50:18 INFO  no build target found for /Users/onurercen/Desktop/ml4j/nn/Linear.java. Using fallback presentation compiler.
2026.07.28 17:50:18 INFO  no build target found for /Users/onurercen/Desktop/ml4j/nn/Linear.java. Using fallback presentation compiler.
2026.07.28 17:50:19 INFO  no build target found for /Users/onurercen/Desktop/ml4j/nn/Linear.java. Using fallback presentation compiler.
2026.07.28 17:50:18 INFO  no build target found for /Users/onurercen/Desktop/ml4j/nn/Linear.java. Using fallback presentation compiler.
2026.07.28 17:50:20 INFO  no build target found for /Users/onurercen/Desktop/ml4j/nn/Linear.java. Using fallback presentation compiler.
2026.07.28 17:50:23 INFO  no build target found for /Users/onurercen/Desktop/ml4j/nn/Linear.java. Using fallback presentation compiler.
2026.07.28 17:50:23 INFO  no build target found for /Users/onurercen/Desktop/ml4j/nn/Linear.java. Using fallback presentation compiler.
2026.07.28 17:50:26 INFO  no build target found for /Users/onurercen/Desktop/ml4j/tensor/Tensor.java. Using fallback presentation compiler.
2026.07.28 17:50:26 WARN  no build target for: /Users/onurercen/Desktop/ml4j/tensor/Tensor.java
2026.07.28 17:50:26 INFO  no build target found for /Users/onurercen/Desktop/ml4j/tensor/Tensor.java. Using fallback presentation compiler.
2026.07.28 17:50:26 INFO  no build target found for /Users/onurercen/Desktop/ml4j/tensor/Tensor.java. Using fallback presentation compiler.
2026.07.28 17:50:26 INFO  no build target found for /Users/onurercen/Desktop/ml4j/tensor/Tensor.java. Using fallback presentation compiler.
2026.07.28 17:50:40 INFO  no build target found for /Users/onurercen/Desktop/ml4j/nn/Linear.java. Using fallback presentation compiler.
2026.07.28 17:50:40 WARN  no build target for: /Users/onurercen/Desktop/ml4j/nn/Linear.java
2026.07.28 17:50:40 INFO  no build target found for /Users/onurercen/Desktop/ml4j/nn/Linear.java. Using fallback presentation compiler.
2026.07.28 17:50:40 INFO  no build target found for /Users/onurercen/Desktop/ml4j/nn/Linear.java. Using fallback presentation compiler.
2026.07.28 17:50:40 INFO  no build target found for /Users/onurercen/Desktop/ml4j/nn/Linear.java. Using fallback presentation compiler.
2026.07.28 17:50:40 INFO  no build target found for /Users/onurercen/Desktop/ml4j/nn/Linear.java. Using fallback presentation compiler.
2026.07.28 17:50:42 INFO  no build target found for /Users/onurercen/Desktop/ml4j/nn/Linear.java. Using fallback presentation compiler.
2026.07.28 17:50:46 INFO  no build target found for /Users/onurercen/Desktop/ml4j/nn/Sigmoid.java. Using fallback presentation compiler.
2026.07.28 17:50:48 INFO  no build target found for /Users/onurercen/Desktop/ml4j/nn/Softmax.java. Using fallback presentation compiler.
2026.07.28 17:50:48 WARN  no build target for: /Users/onurercen/Desktop/ml4j/nn/Softmax.java
2026.07.28 17:50:48 INFO  no build target found for /Users/onurercen/Desktop/ml4j/nn/Softmax.java. Using fallback presentation compiler.
2026.07.28 17:50:48 WARN  no build target for: /Users/onurercen/Desktop/ml4j/nn/Softmax.java
2026.07.28 17:50:48 INFO  no build target found for /Users/onurercen/Desktop/ml4j/nn/Softmax.java. Using fallback presentation compiler.
2026.07.28 17:50:49 INFO  no build target found for /Users/onurercen/Desktop/ml4j/nn/Softmax.java. Using fallback presentation compiler.
2026.07.28 17:50:49 INFO  no build target found for /Users/onurercen/Desktop/ml4j/nn/Linear.java. Using fallback presentation compiler.
2026.07.28 17:50:49 WARN  no build target for: /Users/onurercen/Desktop/ml4j/nn/Linear.java
2026.07.28 17:50:49 INFO  no build target found for /Users/onurercen/Desktop/ml4j/nn/Linear.java. Using fallback presentation compiler.
2026.07.28 17:50:49 INFO  no build target found for /Users/onurercen/Desktop/ml4j/nn/Linear.java. Using fallback presentation compiler.
2026.07.28 17:50:49 INFO  no build target found for /Users/onurercen/Desktop/ml4j/nn/Linear.java. Using fallback presentation compiler.
2026.07.28 17:50:49 INFO  no build target found for /Users/onurercen/Desktop/ml4j/data/Dataset.java. Using fallback presentation compiler.
2026.07.28 17:50:50 WARN  no build target for: /Users/onurercen/Desktop/ml4j/data/Dataset.java
2026.07.28 17:50:50 INFO  no build target found for /Users/onurercen/Desktop/ml4j/data/Dataset.java. Using fallback presentation compiler.
2026.07.28 17:50:49 INFO  no build target found for /Users/onurercen/Desktop/ml4j/data/Dataset.java. Using fallback presentation compiler.
2026.07.28 17:50:49 INFO  no build target found for /Users/onurercen/Desktop/ml4j/data/Dataset.java. Using fallback presentation compiler.
2026.07.28 17:50:50 WARN  no build target for: /Users/onurercen/Desktop/ml4j/data/Dataset.java
2026.07.28 17:50:50 INFO  no build target found for /Users/onurercen/Desktop/ml4j/data/Dataset.java. Using fallback presentation compiler.
2026.07.28 17:50:51 INFO  no build target found for /Users/onurercen/Desktop/ml4j/optim/Adam.java. Using fallback presentation compiler.
2026.07.28 17:50:53 INFO  no build target found for /Users/onurercen/Desktop/ml4j/data/Dataset.java. Using fallback presentation compiler.
2026.07.28 17:50:53 INFO  no build target found for /Users/onurercen/Desktop/ml4j/nn/Linear.java. Using fallback presentation compiler.
2026.07.28 17:50:53 WARN  no build target for: /Users/onurercen/Desktop/ml4j/nn/Linear.java
2026.07.28 17:50:53 INFO  no build target found for /Users/onurercen/Desktop/ml4j/nn/Linear.java. Using fallback presentation compiler.
2026.07.28 17:50:53 INFO  no build target found for /Users/onurercen/Desktop/ml4j/nn/Linear.java. Using fallback presentation compiler.
2026.07.28 17:50:53 INFO  no build target found for /Users/onurercen/Desktop/ml4j/nn/Linear.java. Using fallback presentation compiler.
2026.07.28 17:50:53 INFO  no build target found for /Users/onurercen/Desktop/ml4j/nn/Linear.java. Using fallback presentation compiler.
2026.07.28 17:50:54 WARN  no build target for: /Users/onurercen/Desktop/ml4j/nn/Linear.java
2026.07.28 17:50:54 INFO  no build target found for /Users/onurercen/Desktop/ml4j/nn/Linear.java. Using fallback presentation compiler.
2026.07.28 17:50:55 INFO  no build target found for /Users/onurercen/Desktop/ml4j/nn/Linear.java. Using fallback presentation compiler.
2026.07.28 17:50:55 INFO  no build target found for /Users/onurercen/Desktop/ml4j/data/DataLoader.java. Using fallback presentation compiler.
2026.07.28 17:50:55 WARN  no build target for: /Users/onurercen/Desktop/ml4j/data/DataLoader.java
2026.07.28 17:50:55 INFO  no build target found for /Users/onurercen/Desktop/ml4j/data/DataLoader.java. Using fallback presentation compiler.
2026.07.28 17:50:55 INFO  no build target found for /Users/onurercen/Desktop/ml4j/data/DataLoader.java. Using fallback presentation compiler.
2026.07.28 17:50:55 INFO  no build target found for /Users/onurercen/Desktop/ml4j/data/DataLoader.java. Using fallback presentation compiler.
2026.07.28 17:50:55 WARN  no build target for: /Users/onurercen/Desktop/ml4j/data/DataLoader.java
2026.07.28 17:50:55 INFO  no build target found for /Users/onurercen/Desktop/ml4j/data/DataLoader.java. Using fallback presentation compiler.
2026.07.28 17:50:56 INFO  no build target found for /Users/onurercen/Desktop/ml4j/data/DataLoader.java. Using fallback presentation compiler.
2026.07.28 17:50:56 INFO  no build target found for /Users/onurercen/Desktop/ml4j/nn/Linear.java. Using fallback presentation compiler.
2026.07.28 17:50:56 WARN  no build target for: /Users/onurercen/Desktop/ml4j/nn/Linear.java
2026.07.28 17:50:56 INFO  no build target found for /Users/onurercen/Desktop/ml4j/nn/Linear.java. Using fallback presentation compiler.
2026.07.28 17:50:56 INFO  no build target found for /Users/onurercen/Desktop/ml4j/nn/Linear.java. Using fallback presentation compiler.
2026.07.28 17:50:56 INFO  no build target found for /Users/onurercen/Desktop/ml4j/nn/Linear.java. Using fallback presentation compiler.
2026.07.28 17:50:56 INFO  no build target found for /Users/onurercen/Desktop/ml4j/data/MNISTLoader.java. Using fallback presentation compiler.
2026.07.28 17:50:57 WARN  no build target for: /Users/onurercen/Desktop/ml4j/data/MNISTLoader.java
2026.07.28 17:50:57 INFO  no build target found for /Users/onurercen/Desktop/ml4j/data/MNISTLoader.java. Using fallback presentation compiler.
2026.07.28 17:50:56 INFO  no build target found for /Users/onurercen/Desktop/ml4j/data/MNISTLoader.java. Using fallback presentation compiler.
2026.07.28 17:50:56 INFO  no build target found for /Users/onurercen/Desktop/ml4j/data/MNISTLoader.java. Using fallback presentation compiler.
2026.07.28 17:50:57 WARN  no build target for: /Users/onurercen/Desktop/ml4j/data/MNISTLoader.java
2026.07.28 17:50:57 INFO  no build target found for /Users/onurercen/Desktop/ml4j/data/MNISTLoader.java. Using fallback presentation compiler.
2026.07.28 17:50:58 INFO  no build target found for /Users/onurercen/Desktop/ml4j/data/MNISTLoader.java. Using fallback presentation compiler.
2026.07.28 17:50:58 INFO  no build target found for /Users/onurercen/Desktop/ml4j/nn/Linear.java. Using fallback presentation compiler.
2026.07.28 17:50:58 WARN  no build target for: /Users/onurercen/Desktop/ml4j/nn/Linear.java
2026.07.28 17:50:58 INFO  no build target found for /Users/onurercen/Desktop/ml4j/nn/Linear.java. Using fallback presentation compiler.
2026.07.28 17:50:58 INFO  no build target found for /Users/onurercen/Desktop/ml4j/nn/Linear.java. Using fallback presentation compiler.
2026.07.28 17:50:58 INFO  no build target found for /Users/onurercen/Desktop/ml4j/nn/Linear.java. Using fallback presentation compiler.
2026.07.28 17:50:58 INFO  no build target found for /Users/onurercen/Desktop/ml4j/nn/Linear.java. Using fallback presentation compiler.
2026.07.28 17:50:58 INFO  no build target found for /Users/onurercen/Desktop/ml4j/engine/Trainer.java. Using fallback presentation compiler.
2026.07.28 17:50:59 WARN  no build target for: /Users/onurercen/Desktop/ml4j/engine/Trainer.java
2026.07.28 17:50:59 INFO  no build target found for /Users/onurercen/Desktop/ml4j/engine/Trainer.java. Using fallback presentation compiler.
2026.07.28 17:50:58 INFO  no build target found for /Users/onurercen/Desktop/ml4j/engine/Trainer.java. Using fallback presentation compiler.
2026.07.28 17:51:00 INFO  no build target found for /Users/onurercen/Desktop/ml4j/engine/Trainer.java. Using fallback presentation compiler.
2026.07.28 17:51:00 WARN  no build target for: /Users/onurercen/Desktop/ml4j/engine/Trainer.java
2026.07.28 17:51:00 INFO  no build target found for /Users/onurercen/Desktop/ml4j/engine/Trainer.java. Using fallback presentation compiler.
2026.07.28 17:51:01 INFO  no build target found for /Users/onurercen/Desktop/ml4j/engine/Trainer.java. Using fallback presentation compiler.
2026.07.28 17:51:01 INFO  no build target found for /Users/onurercen/Desktop/ml4j/nn/Linear.java. Using fallback presentation compiler.
2026.07.28 17:51:01 WARN  no build target for: /Users/onurercen/Desktop/ml4j/nn/Linear.java
2026.07.28 17:51:01 INFO  no build target found for /Users/onurercen/Desktop/ml4j/nn/Linear.java. Using fallback presentation compiler.
2026.07.28 17:51:01 INFO  no build target found for /Users/onurercen/Desktop/ml4j/nn/Linear.java. Using fallback presentation compiler.
2026.07.28 17:51:01 INFO  no build target found for /Users/onurercen/Desktop/ml4j/nn/Linear.java. Using fallback presentation compiler.
2026.07.28 17:51:01 INFO  no build target found for /Users/onurercen/Desktop/ml4j/engine/Evaluator.java. Using fallback presentation compiler.
2026.07.28 17:51:01 WARN  no build target for: /Users/onurercen/Desktop/ml4j/engine/Evaluator.java
2026.07.28 17:51:01 INFO  no build target found for /Users/onurercen/Desktop/ml4j/engine/Evaluator.java. Using fallback presentation compiler.
2026.07.28 17:51:01 INFO  no build target found for /Users/onurercen/Desktop/ml4j/engine/Evaluator.java. Using fallback presentation compiler.
2026.07.28 17:51:01 INFO  no build target found for /Users/onurercen/Desktop/ml4j/engine/Evaluator.java. Using fallback presentation compiler.
2026.07.28 17:51:02 WARN  no build target for: /Users/onurercen/Desktop/ml4j/engine/Evaluator.java
2026.07.28 17:51:01 INFO  no build target found for /Users/onurercen/Desktop/ml4j/engine/Evaluator.java. Using fallback presentation compiler.
2026.07.28 17:51:02 INFO  no build target found for /Users/onurercen/Desktop/ml4j/engine/Evaluator.java. Using fallback presentation compiler.
2026.07.28 17:51:02 INFO  no build target found for /Users/onurercen/Desktop/ml4j/nn/Linear.java. Using fallback presentation compiler.
2026.07.28 17:51:02 WARN  no build target for: /Users/onurercen/Desktop/ml4j/nn/Linear.java
2026.07.28 17:51:02 INFO  no build target found for /Users/onurercen/Desktop/ml4j/nn/Linear.java. Using fallback presentation compiler.
2026.07.28 17:51:02 INFO  no build target found for /Users/onurercen/Desktop/ml4j/nn/Linear.java. Using fallback presentation compiler.
2026.07.28 17:51:02 INFO  no build target found for /Users/onurercen/Desktop/ml4j/nn/Linear.java. Using fallback presentation compiler.
2026.07.28 17:51:02 INFO  no build target found for /Users/onurercen/Desktop/ml4j/examples/MnistExamples.java. Using fallback presentation compiler.
2026.07.28 17:51:03 WARN  no build target for: /Users/onurercen/Desktop/ml4j/examples/MnistExamples.java
2026.07.28 17:51:03 INFO  no build target found for /Users/onurercen/Desktop/ml4j/examples/MnistExamples.java. Using fallback presentation compiler.
2026.07.28 17:51:04 INFO  no build target found for /Users/onurercen/Desktop/ml4j/examples/MnistExamples.java. Using fallback presentation compiler.
2026.07.28 17:51:04 INFO  no build target found for /Users/onurercen/Desktop/ml4j/nn/Linear.java. Using fallback presentation compiler.
2026.07.28 17:51:04 WARN  no build target for: /Users/onurercen/Desktop/ml4j/nn/Linear.java
2026.07.28 17:51:04 INFO  no build target found for /Users/onurercen/Desktop/ml4j/nn/Linear.java. Using fallback presentation compiler.
2026.07.28 17:51:04 INFO  no build target found for /Users/onurercen/Desktop/ml4j/nn/Linear.java. Using fallback presentation compiler.
2026.07.28 17:51:04 INFO  no build target found for /Users/onurercen/Desktop/ml4j/nn/Linear.java. Using fallback presentation compiler.
2026.07.28 17:51:04 INFO  no build target found for /Users/onurercen/Desktop/ml4j/nn/Linear.java. Using fallback presentation compiler.
2026.07.28 17:51:04 INFO  no build target found for /Users/onurercen/Desktop/ml4j/nn/Module.java. Using fallback presentation compiler.
2026.07.28 17:51:06 INFO  no build target found for /Users/onurercen/Desktop/ml4j/nn/Dropout.java. Using fallback presentation compiler.
2026.07.28 17:51:06 WARN  no build target for: /Users/onurercen/Desktop/ml4j/nn/Dropout.java
2026.07.28 17:51:06 INFO  no build target found for /Users/onurercen/Desktop/ml4j/nn/Dropout.java. Using fallback presentation compiler.
2026.07.28 17:51:06 INFO  no build target found for /Users/onurercen/Desktop/ml4j/nn/Dropout.java. Using fallback presentation compiler.
2026.07.28 17:51:06 INFO  no build target found for /Users/onurercen/Desktop/ml4j/nn/Dropout.java. Using fallback presentation compiler.
2026.07.28 17:51:06 WARN  no build target for: /Users/onurercen/Desktop/ml4j/nn/Dropout.java
2026.07.28 17:51:06 INFO  no build target found for /Users/onurercen/Desktop/ml4j/nn/Dropout.java. Using fallback presentation compiler.
2026.07.28 17:51:07 INFO  no build target found for /Users/onurercen/Desktop/ml4j/nn/Dropout.java. Using fallback presentation compiler.
2026.07.28 17:51:07 INFO  no build target found for /Users/onurercen/Desktop/ml4j/nn/Linear.java. Using fallback presentation compiler.
2026.07.28 17:51:07 WARN  no build target for: /Users/onurercen/Desktop/ml4j/nn/Linear.java
2026.07.28 17:51:07 INFO  no build target found for /Users/onurercen/Desktop/ml4j/nn/Linear.java. Using fallback presentation compiler.
2026.07.28 17:51:07 INFO  no build target found for /Users/onurercen/Desktop/ml4j/nn/Linear.java. Using fallback presentation compiler.
2026.07.28 17:51:07 INFO  no build target found for /Users/onurercen/Desktop/ml4j/nn/Linear.java. Using fallback presentation compiler.
2026.07.28 17:51:07 INFO  no build target found for /Users/onurercen/Desktop/ml4j/loss/MSELoss.java. Using fallback presentation compiler.
2026.07.28 17:51:08 WARN  no build target for: /Users/onurercen/Desktop/ml4j/loss/MSELoss.java
2026.07.28 17:51:08 INFO  no build target found for /Users/onurercen/Desktop/ml4j/loss/MSELoss.java. Using fallback presentation compiler.
2026.07.28 17:51:07 INFO  no build target found for /Users/onurercen/Desktop/ml4j/loss/MSELoss.java. Using fallback presentation compiler.
2026.07.28 17:51:07 INFO  no build target found for /Users/onurercen/Desktop/ml4j/loss/MSELoss.java. Using fallback presentation compiler.
2026.07.28 17:51:08 WARN  no build target for: /Users/onurercen/Desktop/ml4j/loss/MSELoss.java
2026.07.28 17:51:08 INFO  no build target found for /Users/onurercen/Desktop/ml4j/loss/MSELoss.java. Using fallback presentation compiler.
2026.07.28 17:51:09 INFO  no build target found for /Users/onurercen/Desktop/ml4j/loss/MSELoss.java. Using fallback presentation compiler.
2026.07.28 17:51:09 INFO  no build target found for /Users/onurercen/Desktop/ml4j/nn/Linear.java. Using fallback presentation compiler.
2026.07.28 17:51:09 WARN  no build target for: /Users/onurercen/Desktop/ml4j/nn/Linear.java
2026.07.28 17:51:09 INFO  no build target found for /Users/onurercen/Desktop/ml4j/nn/Linear.java. Using fallback presentation compiler.
2026.07.28 17:51:09 INFO  no build target found for /Users/onurercen/Desktop/ml4j/nn/Linear.java. Using fallback presentation compiler.
2026.07.28 17:51:09 INFO  no build target found for /Users/onurercen/Desktop/ml4j/nn/Linear.java. Using fallback presentation compiler.
2026.07.28 17:51:09 INFO  no build target found for /Users/onurercen/Desktop/ml4j/loss/CrossEntropyLoss.java. Using fallback presentation compiler.
2026.07.28 17:51:09 WARN  no build target for: /Users/onurercen/Desktop/ml4j/loss/CrossEntropyLoss.java
2026.07.28 17:51:09 INFO  no build target found for /Users/onurercen/Desktop/ml4j/loss/CrossEntropyLoss.java. Using fallback presentation compiler.
2026.07.28 17:51:09 INFO  no build target found for /Users/onurercen/Desktop/ml4j/loss/CrossEntropyLoss.java. Using fallback presentation compiler.
2026.07.28 17:51:09 INFO  no build target found for /Users/onurercen/Desktop/ml4j/loss/CrossEntropyLoss.java. Using fallback presentation compiler.
2026.07.28 17:51:09 WARN  no build target for: /Users/onurercen/Desktop/ml4j/loss/CrossEntropyLoss.java
2026.07.28 17:51:09 INFO  no build target found for /Users/onurercen/Desktop/ml4j/loss/CrossEntropyLoss.java. Using fallback presentation compiler.
2026.07.28 17:51:10 INFO  no build target found for /Users/onurercen/Desktop/ml4j/loss/CrossEntropyLoss.java. Using fallback presentation compiler.
2026.07.28 17:51:10 INFO  no build target found for /Users/onurercen/Desktop/ml4j/nn/Linear.java. Using fallback presentation compiler.
2026.07.28 17:51:10 WARN  no build target for: /Users/onurercen/Desktop/ml4j/nn/Linear.java
2026.07.28 17:51:10 INFO  no build target found for /Users/onurercen/Desktop/ml4j/nn/Linear.java. Using fallback presentation compiler.
2026.07.28 17:51:10 INFO  no build target found for /Users/onurercen/Desktop/ml4j/nn/Linear.java. Using fallback presentation compiler.
2026.07.28 17:51:10 INFO  no build target found for /Users/onurercen/Desktop/ml4j/nn/Linear.java. Using fallback presentation compiler.
2026.07.28 17:51:10 INFO  no build target found for /Users/onurercen/Desktop/ml4j/optim/Optimizer.java. Using fallback presentation compiler.
2026.07.28 17:51:11 WARN  no build target for: /Users/onurercen/Desktop/ml4j/optim/Optimizer.java
2026.07.28 17:51:11 INFO  no build target found for /Users/onurercen/Desktop/ml4j/optim/Optimizer.java. Using fallback presentation compiler.
2026.07.28 17:51:10 INFO  no build target found for /Users/onurercen/Desktop/ml4j/optim/Optimizer.java. Using fallback presentation compiler.
2026.07.28 17:51:10 INFO  no build target found for /Users/onurercen/Desktop/ml4j/optim/Optimizer.java. Using fallback presentation compiler.
2026.07.28 17:51:11 WARN  no build target for: /Users/onurercen/Desktop/ml4j/optim/Optimizer.java
2026.07.28 17:51:11 INFO  no build target found for /Users/onurercen/Desktop/ml4j/optim/Optimizer.java. Using fallback presentation compiler.
2026.07.28 17:51:12 INFO  no build target found for /Users/onurercen/Desktop/ml4j/optim/Optimizer.java. Using fallback presentation compiler.
2026.07.28 17:51:12 INFO  no build target found for /Users/onurercen/Desktop/ml4j/nn/Linear.java. Using fallback presentation compiler.
2026.07.28 17:51:12 WARN  no build target for: /Users/onurercen/Desktop/ml4j/nn/Linear.java
2026.07.28 17:51:12 INFO  no build target found for /Users/onurercen/Desktop/ml4j/nn/Linear.java. Using fallback presentation compiler.
2026.07.28 17:51:12 INFO  no build target found for /Users/onurercen/Desktop/ml4j/nn/Linear.java. Using fallback presentation compiler.
2026.07.28 17:51:12 INFO  no build target found for /Users/onurercen/Desktop/ml4j/nn/Linear.java. Using fallback presentation compiler.
2026.07.28 17:51:12 INFO  no build target found for /Users/onurercen/Desktop/ml4j/optim/SGD.java. Using fallback presentation compiler.
2026.07.28 17:51:13 WARN  no build target for: /Users/onurercen/Desktop/ml4j/optim/SGD.java
2026.07.28 17:51:13 INFO  no build target found for /Users/onurercen/Desktop/ml4j/optim/SGD.java. Using fallback presentation compiler.
2026.07.28 17:51:12 INFO  no build target found for /Users/onurercen/Desktop/ml4j/optim/SGD.java. Using fallback presentation compiler.
2026.07.28 17:51:12 INFO  no build target found for /Users/onurercen/Desktop/ml4j/optim/SGD.java. Using fallback presentation compiler.
2026.07.28 17:51:13 WARN  no build target for: /Users/onurercen/Desktop/ml4j/optim/SGD.java
2026.07.28 17:51:13 INFO  no build target found for /Users/onurercen/Desktop/ml4j/optim/SGD.java. Using fallback presentation compiler.
2026.07.28 17:51:14 INFO  no build target found for /Users/onurercen/Desktop/ml4j/optim/SGD.java. Using fallback presentation compiler.
2026.07.28 17:51:14 INFO  no build target found for /Users/onurercen/Desktop/ml4j/nn/Linear.java. Using fallback presentation compiler.
2026.07.28 17:51:14 WARN  no build target for: /Users/onurercen/Desktop/ml4j/nn/Linear.java
2026.07.28 17:51:14 INFO  no build target found for /Users/onurercen/Desktop/ml4j/nn/Linear.java. Using fallback presentation compiler.
2026.07.28 17:51:14 INFO  no build target found for /Users/onurercen/Desktop/ml4j/nn/Linear.java. Using fallback presentation compiler.
2026.07.28 17:51:14 INFO  no build target found for /Users/onurercen/Desktop/ml4j/nn/Linear.java. Using fallback presentation compiler.
2026.07.28 17:51:14 INFO  no build target found for /Users/onurercen/Desktop/ml4j/nn/ReLU.java. Using fallback presentation compiler.
2026.07.28 17:51:14 WARN  no build target for: /Users/onurercen/Desktop/ml4j/nn/ReLU.java
2026.07.28 17:51:14 INFO  no build target found for /Users/onurercen/Desktop/ml4j/nn/ReLU.java. Using fallback presentation compiler.
2026.07.28 17:51:14 INFO  no build target found for /Users/onurercen/Desktop/ml4j/nn/ReLU.java. Using fallback presentation compiler.
2026.07.28 17:51:14 INFO  no build target found for /Users/onurercen/Desktop/ml4j/nn/ReLU.java. Using fallback presentation compiler.
2026.07.28 17:51:14 WARN  no build target for: /Users/onurercen/Desktop/ml4j/nn/ReLU.java
2026.07.28 17:51:14 INFO  no build target found for /Users/onurercen/Desktop/ml4j/nn/ReLU.java. Using fallback presentation compiler.
2026.07.28 17:51:15 INFO  no build target found for /Users/onurercen/Desktop/ml4j/nn/ReLU.java. Using fallback presentation compiler.
2026.07.28 17:51:15 INFO  no build target found for /Users/onurercen/Desktop/ml4j/nn/Linear.java. Using fallback presentation compiler.
2026.07.28 17:51:15 WARN  no build target for: /Users/onurercen/Desktop/ml4j/nn/Linear.java
2026.07.28 17:51:15 INFO  no build target found for /Users/onurercen/Desktop/ml4j/nn/Linear.java. Using fallback presentation compiler.
2026.07.28 17:51:15 INFO  no build target found for /Users/onurercen/Desktop/ml4j/nn/Linear.java. Using fallback presentation compiler.
2026.07.28 17:51:15 INFO  no build target found for /Users/onurercen/Desktop/ml4j/nn/Linear.java. Using fallback presentation compiler.
2026.07.28 17:51:15 INFO  no build target found for /Users/onurercen/Desktop/ml4j/tensor/Shape.java. Using fallback presentation compiler.
2026.07.28 17:51:16 WARN  no build target for: /Users/onurercen/Desktop/ml4j/tensor/Shape.java
2026.07.28 17:51:16 INFO  no build target found for /Users/onurercen/Desktop/ml4j/tensor/Shape.java. Using fallback presentation compiler.
2026.07.28 17:51:15 INFO  no build target found for /Users/onurercen/Desktop/ml4j/tensor/Shape.java. Using fallback presentation compiler.
2026.07.28 17:51:15 INFO  no build target found for /Users/onurercen/Desktop/ml4j/tensor/Shape.java. Using fallback presentation compiler.
2026.07.28 17:51:16 WARN  no build target for: /Users/onurercen/Desktop/ml4j/tensor/Shape.java
2026.07.28 17:51:16 INFO  no build target found for /Users/onurercen/Desktop/ml4j/tensor/Shape.java. Using fallback presentation compiler.
2026.07.28 17:51:17 INFO  no build target found for /Users/onurercen/Desktop/ml4j/tensor/Shape.java. Using fallback presentation compiler.
2026.07.28 17:51:17 INFO  no build target found for /Users/onurercen/Desktop/ml4j/nn/Linear.java. Using fallback presentation compiler.
2026.07.28 17:51:17 WARN  no build target for: /Users/onurercen/Desktop/ml4j/nn/Linear.java
2026.07.28 17:51:17 INFO  no build target found for /Users/onurercen/Desktop/ml4j/nn/Linear.java. Using fallback presentation compiler.
2026.07.28 17:51:17 INFO  no build target found for /Users/onurercen/Desktop/ml4j/nn/Linear.java. Using fallback presentation compiler.
2026.07.28 17:51:17 INFO  no build target found for /Users/onurercen/Desktop/ml4j/nn/Linear.java. Using fallback presentation compiler.
2026.07.28 17:51:17 INFO  no build target found for /Users/onurercen/Desktop/ml4j/nn/Linear.java. Using fallback presentation compiler.
2026.07.28 17:52:05 INFO  no build target found for /Users/onurercen/Desktop/ml4j/nn/Linear.java. Using fallback presentation compiler.
2026.07.28 17:52:05 INFO  no build target found for /Users/onurercen/Desktop/ml4j/nn/Linear.java. Using fallback presentation compiler.
2026.07.28 17:52:05 INFO  no build target found for /Users/onurercen/Desktop/ml4j/nn/Linear.java. Using fallback presentation compiler.
2026.07.28 17:52:11 INFO  no build target found for /Users/onurercen/Desktop/ml4j/nn/Linear.java. Using fallback presentation compiler.
2026.07.28 17:52:14 INFO  no build target found for /Users/onurercen/Desktop/ml4j/nn/Linear.java. Using fallback presentation compiler.
2026.07.28 17:52:14 INFO  no build target found for /Users/onurercen/Desktop/ml4j/nn/Linear.java. Using fallback presentation compiler.
2026.07.28 17:52:14 INFO  no build target found for /Users/onurercen/Desktop/ml4j/nn/Linear.java. Using fallback presentation compiler.
2026.07.28 17:52:16 INFO  no build target found for /Users/onurercen/Desktop/ml4j/nn/Linear.java. Using fallback presentation compiler.
2026.07.28 17:52:16 INFO  no build target found for /Users/onurercen/Desktop/ml4j/nn/Linear.java. Using fallback presentation compiler.
2026.07.28 17:52:16 INFO  no build target found for /Users/onurercen/Desktop/ml4j/nn/Linear.java. Using fallback presentation compiler.
2026.07.28 17:52:17 INFO  no build target found for /Users/onurercen/Desktop/ml4j/nn/Linear.java. Using fallback presentation compiler.
2026.07.28 17:52:17 INFO  no build target found for /Users/onurercen/Desktop/ml4j/nn/Linear.java. Using fallback presentation compiler.
2026.07.28 17:52:17 INFO  no build target found for /Users/onurercen/Desktop/ml4j/nn/Linear.java. Using fallback presentation compiler.
2026.07.28 17:52:17 INFO  no build target found for /Users/onurercen/Desktop/ml4j/nn/Linear.java. Using fallback presentation compiler.
2026.07.28 17:52:18 INFO  no build target found for /Users/onurercen/Desktop/ml4j/nn/Linear.java. Using fallback presentation compiler.
2026.07.28 17:52:17 INFO  no build target found for /Users/onurercen/Desktop/ml4j/nn/Linear.java. Using fallback presentation compiler.
2026.07.28 17:52:17 INFO  no build target found for /Users/onurercen/Desktop/ml4j/nn/Linear.java. Using fallback presentation compiler.
2026.07.28 17:52:17 INFO  no build target found for /Users/onurercen/Desktop/ml4j/nn/Linear.java. Using fallback presentation compiler.
2026.07.28 17:52:18 INFO  no build target found for /Users/onurercen/Desktop/ml4j/nn/Linear.java. Using fallback presentation compiler.
2026.07.28 17:52:17 INFO  no build target found for /Users/onurercen/Desktop/ml4j/nn/Linear.java. Using fallback presentation compiler.
2026.07.28 17:52:18 INFO  no build target found for /Users/onurercen/Desktop/ml4j/nn/Linear.java. Using fallback presentation compiler.
2026.07.28 17:52:18 INFO  no build target found for /Users/onurercen/Desktop/ml4j/nn/Linear.java. Using fallback presentation compiler.
2026.07.28 17:52:18 INFO  no build target found for /Users/onurercen/Desktop/ml4j/nn/Linear.java. Using fallback presentation compiler.
2026.07.28 17:52:18 INFO  no build target found for /Users/onurercen/Desktop/ml4j/nn/Linear.java. Using fallback presentation compiler.
2026.07.28 17:52:18 INFO  no build target found for /Users/onurercen/Desktop/ml4j/nn/Linear.java. Using fallback presentation compiler.
2026.07.28 17:52:19 INFO  no build target found for /Users/onurercen/Desktop/ml4j/nn/Linear.java. Using fallback presentation compiler.
2026.07.28 17:52:18 INFO  no build target found for /Users/onurercen/Desktop/ml4j/nn/Linear.java. Using fallback presentation compiler.
2026.07.28 17:52:18 INFO  no build target found for /Users/onurercen/Desktop/ml4j/nn/Linear.java. Using fallback presentation compiler.
2026.07.28 17:52:18 INFO  no build target found for /Users/onurercen/Desktop/ml4j/nn/Linear.java. Using fallback presentation compiler.
2026.07.28 17:52:19 INFO  no build target found for /Users/onurercen/Desktop/ml4j/nn/Linear.java. Using fallback presentation compiler.
2026.07.28 17:52:19 INFO  no build target found for /Users/onurercen/Desktop/ml4j/nn/Linear.java. Using fallback presentation compiler.
2026.07.28 17:52:19 INFO  no build target found for /Users/onurercen/Desktop/ml4j/nn/Linear.java. Using fallback presentation compiler.
2026.07.28 17:52:19 INFO  no build target found for /Users/onurercen/Desktop/ml4j/nn/Linear.java. Using fallback presentation compiler.
2026.07.28 17:52:19 INFO  no build target found for /Users/onurercen/Desktop/ml4j/nn/Linear.java. Using fallback presentation compiler.
2026.07.28 17:52:19 INFO  no build target found for /Users/onurercen/Desktop/ml4j/nn/Linear.java. Using fallback presentation compiler.
2026.07.28 17:52:21 INFO  no build target found for /Users/onurercen/Desktop/ml4j/nn/Linear.java. Using fallback presentation compiler.
2026.07.28 17:52:21 INFO  no build target found for /Users/onurercen/Desktop/ml4j/nn/Linear.java. Using fallback presentation compiler.
2026.07.28 17:52:21 INFO  no build target found for /Users/onurercen/Desktop/ml4j/nn/Linear.java. Using fallback presentation compiler.
2026.07.28 17:52:21 INFO  no build target found for /Users/onurercen/Desktop/ml4j/nn/Linear.java. Using fallback presentation compiler.
2026.07.28 17:52:21 INFO  no build target found for /Users/onurercen/Desktop/ml4j/nn/Linear.java. Using fallback presentation compiler.
2026.07.28 17:52:22 INFO  no build target found for /Users/onurercen/Desktop/ml4j/nn/Linear.java. Using fallback presentation compiler.
2026.07.28 17:52:22 INFO  no build target found for /Users/onurercen/Desktop/ml4j/nn/Linear.java. Using fallback presentation compiler.
2026.07.28 17:52:22 INFO  no build target found for /Users/onurercen/Desktop/ml4j/nn/Linear.java. Using fallback presentation compiler.
2026.07.28 17:52:22 INFO  no build target found for /Users/onurercen/Desktop/ml4j/nn/Linear.java. Using fallback presentation compiler.
2026.07.28 17:52:22 INFO  no build target found for /Users/onurercen/Desktop/ml4j/nn/Linear.java. Using fallback presentation compiler.
2026.07.28 17:52:22 INFO  no build target found for /Users/onurercen/Desktop/ml4j/nn/Linear.java. Using fallback presentation compiler.
2026.07.28 17:52:22 INFO  no build target found for /Users/onurercen/Desktop/ml4j/nn/Linear.java. Using fallback presentation compiler.
2026.07.28 17:52:22 INFO  no build target found for /Users/onurercen/Desktop/ml4j/nn/Linear.java. Using fallback presentation compiler.
2026.07.28 17:52:23 INFO  no build target found for /Users/onurercen/Desktop/ml4j/nn/Linear.java. Using fallback presentation compiler.
2026.07.28 17:52:22 INFO  no build target found for /Users/onurercen/Desktop/ml4j/nn/Linear.java. Using fallback presentation compiler.
2026.07.28 17:52:22 INFO  no build target found for /Users/onurercen/Desktop/ml4j/nn/Linear.java. Using fallback presentation compiler.
2026.07.28 17:52:23 INFO  no build target found for /Users/onurercen/Desktop/ml4j/nn/Linear.java. Using fallback presentation compiler.
2026.07.28 17:52:23 INFO  no build target found for /Users/onurercen/Desktop/ml4j/nn/Linear.java. Using fallback presentation compiler.
2026.07.28 17:52:23 INFO  no build target found for /Users/onurercen/Desktop/ml4j/nn/Linear.java. Using fallback presentation compiler.
2026.07.28 17:52:25 INFO  no build target found for /Users/onurercen/Desktop/ml4j/nn/Linear.java. Using fallback presentation compiler.
2026.07.28 17:52:25 INFO  no build target found for /Users/onurercen/Desktop/ml4j/nn/Linear.java. Using fallback presentation compiler.
2026.07.28 17:52:25 INFO  no build target found for /Users/onurercen/Desktop/ml4j/nn/Linear.java. Using fallback presentation compiler.
2026.07.28 17:52:25 INFO  no build target found for /Users/onurercen/Desktop/ml4j/nn/Linear.java. Using fallback presentation compiler.
2026.07.28 17:52:25 INFO  no build target found for /Users/onurercen/Desktop/ml4j/nn/Linear.java. Using fallback presentation compiler.
2026.07.28 17:52:26 INFO  no build target found for /Users/onurercen/Desktop/ml4j/nn/Linear.java. Using fallback presentation compiler.
2026.07.28 17:52:27 INFO  no build target found for /Users/onurercen/Desktop/ml4j/nn/Linear.java. Using fallback presentation compiler.
2026.07.28 17:52:29 INFO  no build target found for /Users/onurercen/Desktop/ml4j/nn/Linear.java. Using fallback presentation compiler.
2026.07.28 17:52:29 INFO  no build target found for /Users/onurercen/Desktop/ml4j/nn/Linear.java. Using fallback presentation compiler.
2026.07.28 17:52:30 INFO  no build target found for /Users/onurercen/Desktop/ml4j/nn/Linear.java. Using fallback presentation compiler.
2026.07.28 17:52:30 INFO  no build target found for /Users/onurercen/Desktop/ml4j/nn/Linear.java. Using fallback presentation compiler.
2026.07.28 17:52:30 INFO  no build target found for /Users/onurercen/Desktop/ml4j/nn/Linear.java. Using fallback presentation compiler.
2026.07.28 17:52:30 INFO  no build target found for /Users/onurercen/Desktop/ml4j/nn/Linear.java. Using fallback presentation compiler.
2026.07.28 17:52:30 INFO  no build target found for /Users/onurercen/Desktop/ml4j/nn/Linear.java. Using fallback presentation compiler.
2026.07.28 17:52:31 WARN  no build target for: /Users/onurercen/Desktop/ml4j/nn/Module.java
2026.07.28 17:52:30 INFO  no build target found for /Users/onurercen/Desktop/ml4j/nn/Linear.java. Using fallback presentation compiler.
2026.07.28 17:52:32 INFO  no build target found for /Users/onurercen/Desktop/ml4j/nn/Linear.java. Using fallback presentation compiler.
2026.07.28 17:52:32 INFO  no build target found for /Users/onurercen/Desktop/ml4j/nn/Linear.java. Using fallback presentation compiler.
2026.07.28 17:52:37 INFO  no build target found for /Users/onurercen/Desktop/ml4j/tensor/Tensor.java. Using fallback presentation compiler.
2026.07.28 17:52:37 WARN  no build target for: /Users/onurercen/Desktop/ml4j/tensor/Tensor.java
2026.07.28 17:52:37 INFO  no build target found for /Users/onurercen/Desktop/ml4j/tensor/Tensor.java. Using fallback presentation compiler.
2026.07.28 17:52:37 INFO  no build target found for /Users/onurercen/Desktop/ml4j/tensor/Tensor.java. Using fallback presentation compiler.
2026.07.28 17:52:37 INFO  no build target found for /Users/onurercen/Desktop/ml4j/tensor/Tensor.java. Using fallback presentation compiler.
2026.07.28 17:52:39 INFO  no build target found for /Users/onurercen/Desktop/ml4j/nn/Linear.java. Using fallback presentation compiler.
2026.07.28 17:52:39 WARN  no build target for: /Users/onurercen/Desktop/ml4j/nn/Linear.java
2026.07.28 17:52:39 INFO  no build target found for /Users/onurercen/Desktop/ml4j/nn/Linear.java. Using fallback presentation compiler.
2026.07.28 17:52:39 INFO  no build target found for /Users/onurercen/Desktop/ml4j/nn/Linear.java. Using fallback presentation compiler.
2026.07.28 17:52:39 INFO  no build target found for /Users/onurercen/Desktop/ml4j/nn/Linear.java. Using fallback presentation compiler.
2026.07.28 17:52:39 INFO  no build target found for /Users/onurercen/Desktop/ml4j/nn/Linear.java. Using fallback presentation compiler.
2026.07.28 17:52:39 INFO  no build target found for /Users/onurercen/Desktop/ml4j/nn/Linear.java. Using fallback presentation compiler.
2026.07.28 17:52:41 INFO  no build target found for /Users/onurercen/Desktop/ml4j/nn/Linear.java. Using fallback presentation compiler.
2026.07.28 17:52:49 INFO  no build target found for /Users/onurercen/Desktop/ml4j/nn/Linear.java. Using fallback presentation compiler.
2026.07.28 17:52:49 INFO  no build target found for /Users/onurercen/Desktop/ml4j/nn/Linear.java. Using fallback presentation compiler.
2026.07.28 17:52:50 INFO  no build target found for /Users/onurercen/Desktop/ml4j/nn/Linear.java. Using fallback presentation compiler.
2026.07.28 17:52:50 INFO  no build target found for /Users/onurercen/Desktop/ml4j/nn/Linear.java. Using fallback presentation compiler.
2026.07.28 17:52:50 INFO  no build target found for /Users/onurercen/Desktop/ml4j/nn/Linear.java. Using fallback presentation compiler.
2026.07.28 17:52:51 INFO  no build target found for /Users/onurercen/Desktop/ml4j/nn/Linear.java. Using fallback presentation compiler.
2026.07.28 17:52:51 INFO  no build target found for /Users/onurercen/Desktop/ml4j/nn/Linear.java. Using fallback presentation compiler.
2026.07.28 17:53:11 INFO  no build target found for /Users/onurercen/Desktop/ml4j/nn/Linear.java. Using fallback presentation compiler.
2026.07.28 17:53:11 INFO  no build target found for /Users/onurercen/Desktop/ml4j/nn/Linear.java. Using fallback presentation compiler.
2026.07.28 17:53:14 INFO  no build target found for /Users/onurercen/Desktop/ml4j/nn/Linear.java. Using fallback presentation compiler.
2026.07.28 17:53:14 INFO  no build target found for /Users/onurercen/Desktop/ml4j/nn/Linear.java. Using fallback presentation compiler.
2026.07.28 17:53:14 INFO  no build target found for /Users/onurercen/Desktop/ml4j/nn/Linear.java. Using fallback presentation compiler.
2026.07.28 17:53:14 INFO  no build target found for /Users/onurercen/Desktop/ml4j/nn/Linear.java. Using fallback presentation compiler.
2026.07.28 17:53:14 INFO  no build target found for /Users/onurercen/Desktop/ml4j/nn/Linear.java. Using fallback presentation compiler.
2026.07.28 17:53:14 INFO  no build target found for /Users/onurercen/Desktop/ml4j/nn/Linear.java. Using fallback presentation compiler.
2026.07.28 17:53:14 INFO  no build target found for /Users/onurercen/Desktop/ml4j/nn/Linear.java. Using fallback presentation compiler.
2026.07.28 17:53:14 INFO  no build target found for /Users/onurercen/Desktop/ml4j/nn/Linear.java. Using fallback presentation compiler.
2026.07.28 17:53:15 INFO  no build target found for /Users/onurercen/Desktop/ml4j/nn/Linear.java. Using fallback presentation compiler.
2026.07.28 17:53:15 INFO  no build target found for /Users/onurercen/Desktop/ml4j/nn/Linear.java. Using fallback presentation compiler.
2026.07.28 17:53:15 INFO  no build target found for /Users/onurercen/Desktop/ml4j/nn/Linear.java. Using fallback presentation compiler.
2026.07.28 17:53:15 INFO  no build target found for /Users/onurercen/Desktop/ml4j/nn/Linear.java. Using fallback presentation compiler.
2026.07.28 17:53:15 INFO  no build target found for /Users/onurercen/Desktop/ml4j/nn/Linear.java. Using fallback presentation compiler.
2026.07.28 17:53:15 INFO  no build target found for /Users/onurercen/Desktop/ml4j/nn/Linear.java. Using fallback presentation compiler.
2026.07.28 17:53:15 INFO  no build target found for /Users/onurercen/Desktop/ml4j/nn/Linear.java. Using fallback presentation compiler.
2026.07.28 17:53:15 INFO  no build target found for /Users/onurercen/Desktop/ml4j/nn/Linear.java. Using fallback presentation compiler.
2026.07.28 17:53:15 INFO  no build target found for /Users/onurercen/Desktop/ml4j/nn/Linear.java. Using fallback presentation compiler.
2026.07.28 17:53:15 INFO  no build target found for /Users/onurercen/Desktop/ml4j/nn/Linear.java. Using fallback presentation compiler.
2026.07.28 17:53:15 INFO  no build target found for /Users/onurercen/Desktop/ml4j/nn/Linear.java. Using fallback presentation compiler.
2026.07.28 17:53:15 INFO  no build target found for /Users/onurercen/Desktop/ml4j/nn/Linear.java. Using fallback presentation compiler.
2026.07.28 17:53:15 INFO  no build target found for /Users/onurercen/Desktop/ml4j/nn/Linear.java. Using fallback presentation compiler.
2026.07.28 17:53:15 INFO  no build target found for /Users/onurercen/Desktop/ml4j/nn/Linear.java. Using fallback presentation compiler.
2026.07.28 17:53:15 INFO  no build target found for /Users/onurercen/Desktop/ml4j/nn/Linear.java. Using fallback presentation compiler.
2026.07.28 17:53:15 INFO  no build target found for /Users/onurercen/Desktop/ml4j/nn/Linear.java. Using fallback presentation compiler.
2026.07.28 17:53:16 INFO  no build target found for /Users/onurercen/Desktop/ml4j/nn/Linear.java. Using fallback presentation compiler.
2026.07.28 17:53:16 INFO  no build target found for /Users/onurercen/Desktop/ml4j/nn/Linear.java. Using fallback presentation compiler.
2026.07.28 17:53:16 INFO  no build target found for /Users/onurercen/Desktop/ml4j/nn/Linear.java. Using fallback presentation compiler.
2026.07.28 17:53:16 INFO  no build target found for /Users/onurercen/Desktop/ml4j/nn/Linear.java. Using fallback presentation compiler.
2026.07.28 17:53:16 INFO  no build target found for /Users/onurercen/Desktop/ml4j/nn/Linear.java. Using fallback presentation compiler.
2026.07.28 17:53:16 INFO  no build target found for /Users/onurercen/Desktop/ml4j/nn/Linear.java. Using fallback presentation compiler.
2026.07.28 17:53:16 INFO  no build target found for /Users/onurercen/Desktop/ml4j/nn/Linear.java. Using fallback presentation compiler.
2026.07.28 17:53:16 INFO  no build target found for /Users/onurercen/Desktop/ml4j/nn/Linear.java. Using fallback presentation compiler.
2026.07.28 17:53:16 INFO  no build target found for /Users/onurercen/Desktop/ml4j/nn/Linear.java. Using fallback presentation compiler.
2026.07.28 17:53:16 INFO  no build target found for /Users/onurercen/Desktop/ml4j/nn/Linear.java. Using fallback presentation compiler.
2026.07.28 17:53:16 INFO  no build target found for /Users/onurercen/Desktop/ml4j/nn/Linear.java. Using fallback presentation compiler.
2026.07.28 17:53:16 INFO  no build target found for /Users/onurercen/Desktop/ml4j/nn/Linear.java. Using fallback presentation compiler.
2026.07.28 17:53:16 INFO  no build target found for /Users/onurercen/Desktop/ml4j/nn/Linear.java. Using fallback presentation compiler.
2026.07.28 17:53:16 INFO  no build target found for /Users/onurercen/Desktop/ml4j/nn/Linear.java. Using fallback presentation compiler.
2026.07.28 17:53:16 INFO  no build target found for /Users/onurercen/Desktop/ml4j/nn/Linear.java. Using fallback presentation compiler.
2026.07.28 17:53:16 INFO  no build target found for /Users/onurercen/Desktop/ml4j/nn/Linear.java. Using fallback presentation compiler.
2026.07.28 17:53:17 INFO  no build target found for /Users/onurercen/Desktop/ml4j/nn/Linear.java. Using fallback presentation compiler.
2026.07.28 17:53:17 INFO  no build target found for /Users/onurercen/Desktop/ml4j/nn/Linear.java. Using fallback presentation compiler.
2026.07.28 17:53:17 INFO  no build target found for /Users/onurercen/Desktop/ml4j/nn/Linear.java. Using fallback presentation compiler.
2026.07.28 17:53:17 INFO  no build target found for /Users/onurercen/Desktop/ml4j/nn/Linear.java. Using fallback presentation compiler.
2026.07.28 17:53:17 INFO  no build target found for /Users/onurercen/Desktop/ml4j/nn/Linear.java. Using fallback presentation compiler.
2026.07.28 17:53:17 INFO  no build target found for /Users/onurercen/Desktop/ml4j/nn/Linear.java. Using fallback presentation compiler.
2026.07.28 17:53:17 INFO  no build target found for /Users/onurercen/Desktop/ml4j/nn/Linear.java. Using fallback presentation compiler.
2026.07.28 17:53:17 INFO  no build target found for /Users/onurercen/Desktop/ml4j/nn/Linear.java. Using fallback presentation compiler.
2026.07.28 17:53:17 INFO  no build target found for /Users/onurercen/Desktop/ml4j/nn/Linear.java. Using fallback presentation compiler.
2026.07.28 17:53:17 INFO  no build target found for /Users/onurercen/Desktop/ml4j/nn/Linear.java. Using fallback presentation compiler.
2026.07.28 17:53:17 INFO  no build target found for /Users/onurercen/Desktop/ml4j/nn/Linear.java. Using fallback presentation compiler.
2026.07.28 17:53:17 INFO  no build target found for /Users/onurercen/Desktop/ml4j/nn/Linear.java. Using fallback presentation compiler.
2026.07.28 17:53:18 INFO  no build target found for /Users/onurercen/Desktop/ml4j/nn/Linear.java. Using fallback presentation compiler.
2026.07.28 17:53:18 INFO  no build target found for /Users/onurercen/Desktop/ml4j/nn/Linear.java. Using fallback presentation compiler.
2026.07.28 17:53:23 INFO  no build target found for /Users/onurercen/Desktop/ml4j/nn/Linear.java. Using fallback presentation compiler.
2026.07.28 17:53:23 INFO  no build target found for /Users/onurercen/Desktop/ml4j/nn/Linear.java. Using fallback presentation compiler.
2026.07.28 17:53:23 INFO  no build target found for /Users/onurercen/Desktop/ml4j/nn/Linear.java. Using fallback presentation compiler.
2026.07.28 17:53:27 INFO  no build target found for /Users/onurercen/Desktop/ml4j/nn/Linear.java. Using fallback presentation compiler.
2026.07.28 17:53:38 INFO  no build target found for /Users/onurercen/Desktop/ml4j/nn/Linear.java. Using fallback presentation compiler.
2026.07.28 17:53:40 INFO  no build target found for /Users/onurercen/Desktop/ml4j/nn/Linear.java. Using fallback presentation compiler.
2026.07.28 17:53:40 INFO  no build target found for /Users/onurercen/Desktop/ml4j/nn/Linear.java. Using fallback presentation compiler.
2026.07.28 17:53:57 INFO  no build target found for /Users/onurercen/Desktop/ml4j/nn/Linear.java. Using fallback presentation compiler.
2026.07.28 17:53:57 INFO  no build target found for /Users/onurercen/Desktop/ml4j/nn/Linear.java. Using fallback presentation compiler.
2026.07.28 17:53:57 INFO  no build target found for /Users/onurercen/Desktop/ml4j/nn/Linear.java. Using fallback presentation compiler.
2026.07.28 17:53:57 INFO  no build target found for /Users/onurercen/Desktop/ml4j/nn/Linear.java. Using fallback presentation compiler.
2026.07.28 17:53:59 INFO  no build target found for /Users/onurercen/Desktop/ml4j/nn/Linear.java. Using fallback presentation compiler.
2026.07.28 17:53:59 INFO  no build target found for /Users/onurercen/Desktop/ml4j/nn/Linear.java. Using fallback presentation compiler.
2026.07.28 17:53:59 INFO  no build target found for /Users/onurercen/Desktop/ml4j/nn/Linear.java. Using fallback presentation compiler.
2026.07.28 17:53:59 INFO  no build target found for /Users/onurercen/Desktop/ml4j/nn/Linear.java. Using fallback presentation compiler.
2026.07.28 17:53:59 INFO  no build target found for /Users/onurercen/Desktop/ml4j/nn/Linear.java. Using fallback presentation compiler.
2026.07.28 17:53:59 INFO  no build target found for /Users/onurercen/Desktop/ml4j/nn/Linear.java. Using fallback presentation compiler.
2026.07.28 17:53:59 INFO  no build target found for /Users/onurercen/Desktop/ml4j/nn/Linear.java. Using fallback presentation compiler.
2026.07.28 17:53:59 INFO  no build target found for /Users/onurercen/Desktop/ml4j/nn/Linear.java. Using fallback presentation compiler.
2026.07.28 17:53:59 INFO  no build target found for /Users/onurercen/Desktop/ml4j/nn/Linear.java. Using fallback presentation compiler.
2026.07.28 17:54:00 INFO  no build target found for /Users/onurercen/Desktop/ml4j/nn/Linear.java. Using fallback presentation compiler.
2026.07.28 17:54:00 INFO  no build target found for /Users/onurercen/Desktop/ml4j/nn/Linear.java. Using fallback presentation compiler.
2026.07.28 17:54:05 INFO  no build target found for /Users/onurercen/Desktop/ml4j/nn/Linear.java. Using fallback presentation compiler.
2026.07.28 17:54:05 INFO  no build target found for /Users/onurercen/Desktop/ml4j/nn/Linear.java. Using fallback presentation compiler.
2026.07.28 17:54:05 INFO  no build target found for /Users/onurercen/Desktop/ml4j/nn/Linear.java. Using fallback presentation compiler.
2026.07.28 17:54:06 INFO  no build target found for /Users/onurercen/Desktop/ml4j/nn/Linear.java. Using fallback presentation compiler.
2026.07.28 17:54:07 INFO  no build target found for /Users/onurercen/Desktop/ml4j/nn/Linear.java. Using fallback presentation compiler.
2026.07.28 17:54:07 INFO  no build target found for /Users/onurercen/Desktop/ml4j/nn/Linear.java. Using fallback presentation compiler.
2026.07.28 17:54:08 INFO  no build target found for /Users/onurercen/Desktop/ml4j/nn/Linear.java. Using fallback presentation compiler.
2026.07.28 17:54:07 INFO  no build target found for /Users/onurercen/Desktop/ml4j/nn/Linear.java. Using fallback presentation compiler.
2026.07.28 17:54:09 INFO  no build target found for /Users/onurercen/Desktop/ml4j/nn/Linear.java. Using fallback presentation compiler.
2026.07.28 17:54:09 INFO  no build target found for /Users/onurercen/Desktop/ml4j/nn/Linear.java. Using fallback presentation compiler.
2026.07.28 17:54:09 INFO  no build target found for /Users/onurercen/Desktop/ml4j/nn/Linear.java. Using fallback presentation compiler.
2026.07.28 17:54:09 INFO  no build target found for /Users/onurercen/Desktop/ml4j/nn/Linear.java. Using fallback presentation compiler.
2026.07.28 17:54:09 INFO  no build target found for /Users/onurercen/Desktop/ml4j/nn/Linear.java. Using fallback presentation compiler.
2026.07.28 17:54:09 INFO  no build target found for /Users/onurercen/Desktop/ml4j/nn/Linear.java. Using fallback presentation compiler.
2026.07.28 17:54:10 INFO  no build target found for /Users/onurercen/Desktop/ml4j/nn/Linear.java. Using fallback presentation compiler.
2026.07.28 17:54:10 INFO  no build target found for /Users/onurercen/Desktop/ml4j/nn/Linear.java. Using fallback presentation compiler.
2026.07.28 17:54:11 WARN  no build target for: /Users/onurercen/Desktop/ml4j/nn/Linear.java
2026.07.28 17:54:11 INFO  no build target found for /Users/onurercen/Desktop/ml4j/nn/Linear.java. Using fallback presentation compiler.
2026.07.28 17:55:31 INFO  no build target found for /Users/onurercen/Desktop/ml4j/nn/Module.java. Using fallback presentation compiler.
2026.07.28 17:55:47 INFO  no build target found for /Users/onurercen/Desktop/ml4j/nn/Linear.java. Using fallback presentation compiler.
2026.07.28 17:56:19 INFO  no build target found for /Users/onurercen/Desktop/ml4j/nn/Linear.java. Using fallback presentation compiler.
2026.07.28 17:56:19 INFO  no build target found for /Users/onurercen/Desktop/ml4j/nn/Linear.java. Using fallback presentation compiler.
2026.07.28 17:56:19 INFO  no build target found for /Users/onurercen/Desktop/ml4j/nn/Linear.java. Using fallback presentation compiler.
2026.07.28 17:56:22 INFO  no build target found for /Users/onurercen/Desktop/ml4j/nn/Linear.java. Using fallback presentation compiler.
2026.07.28 17:56:22 INFO  no build target found for /Users/onurercen/Desktop/ml4j/nn/Linear.java. Using fallback presentation compiler.
2026.07.28 17:56:23 INFO  no build target found for /Users/onurercen/Desktop/ml4j/nn/Linear.java. Using fallback presentation compiler.
2026.07.28 17:56:23 INFO  no build target found for /Users/onurercen/Desktop/ml4j/nn/Linear.java. Using fallback presentation compiler.
2026.07.28 17:56:23 INFO  no build target found for /Users/onurercen/Desktop/ml4j/nn/Linear.java. Using fallback presentation compiler.
2026.07.28 17:56:23 INFO  no build target found for /Users/onurercen/Desktop/ml4j/nn/Linear.java. Using fallback presentation compiler.
2026.07.28 17:56:25 INFO  no build target found for /Users/onurercen/Desktop/ml4j/nn/Linear.java. Using fallback presentation compiler.
2026.07.28 17:56:26 INFO  no build target found for /Users/onurercen/Desktop/ml4j/nn/Linear.java. Using fallback presentation compiler.
2026.07.28 17:56:26 INFO  no build target found for /Users/onurercen/Desktop/ml4j/nn/Linear.java. Using fallback presentation compiler.
2026.07.28 17:56:26 INFO  no build target found for /Users/onurercen/Desktop/ml4j/nn/Linear.java. Using fallback presentation compiler.
2026.07.28 17:56:26 INFO  no build target found for /Users/onurercen/Desktop/ml4j/nn/Linear.java. Using fallback presentation compiler.
2026.07.28 17:56:26 INFO  no build target found for /Users/onurercen/Desktop/ml4j/nn/Linear.java. Using fallback presentation compiler.
2026.07.28 17:56:26 INFO  no build target found for /Users/onurercen/Desktop/ml4j/nn/Linear.java. Using fallback presentation compiler.
2026.07.28 17:56:27 INFO  no build target found for /Users/onurercen/Desktop/ml4j/nn/Linear.java. Using fallback presentation compiler.
2026.07.28 17:56:26 INFO  no build target found for /Users/onurercen/Desktop/ml4j/nn/Linear.java. Using fallback presentation compiler.
2026.07.28 17:56:26 INFO  no build target found for /Users/onurercen/Desktop/ml4j/nn/Linear.java. Using fallback presentation compiler.
2026.07.28 17:56:27 INFO  no build target found for /Users/onurercen/Desktop/ml4j/nn/Linear.java. Using fallback presentation compiler.
2026.07.28 17:56:27 INFO  no build target found for /Users/onurercen/Desktop/ml4j/nn/Linear.java. Using fallback presentation compiler.
2026.07.28 17:56:27 INFO  no build target found for /Users/onurercen/Desktop/ml4j/nn/Linear.java. Using fallback presentation compiler.
Tem 28, 2026 5:56:27 ÖS org.eclipse.lsp4j.jsonrpc.RemoteEndpoint handleCancellation
WARNING: Unmatched cancel notification for request id 5125
2026.07.28 17:56:27 INFO  no build target found for /Users/onurercen/Desktop/ml4j/nn/Linear.java. Using fallback presentation compiler.
2026.07.28 17:56:27 INFO  no build target found for /Users/onurercen/Desktop/ml4j/nn/Linear.java. Using fallback presentation compiler.
2026.07.28 17:56:28 INFO  no build target found for /Users/onurercen/Desktop/ml4j/nn/Linear.java. Using fallback presentation compiler.
2026.07.28 17:56:27 INFO  no build target found for /Users/onurercen/Desktop/ml4j/nn/Linear.java. Using fallback presentation compiler.
2026.07.28 17:56:27 INFO  no build target found for /Users/onurercen/Desktop/ml4j/nn/Linear.java. Using fallback presentation compiler.
2026.07.28 17:56:28 INFO  no build target found for /Users/onurercen/Desktop/ml4j/nn/Linear.java. Using fallback presentation compiler.
2026.07.28 17:56:28 INFO  no build target found for /Users/onurercen/Desktop/ml4j/nn/Linear.java. Using fallback presentation compiler.
2026.07.28 17:56:28 INFO  no build target found for /Users/onurercen/Desktop/ml4j/nn/Linear.java. Using fallback presentation compiler.
2026.07.28 17:56:28 INFO  no build target found for /Users/onurercen/Desktop/ml4j/nn/Linear.java. Using fallback presentation compiler.
2026.07.28 17:56:29 INFO  no build target found for /Users/onurercen/Desktop/ml4j/nn/Linear.java. Using fallback presentation compiler.
2026.07.28 17:56:28 INFO  no build target found for /Users/onurercen/Desktop/ml4j/nn/Linear.java. Using fallback presentation compiler.
2026.07.28 17:56:28 INFO  no build target found for /Users/onurercen/Desktop/ml4j/nn/Linear.java. Using fallback presentation compiler.
2026.07.28 17:56:29 INFO  no build target found for /Users/onurercen/Desktop/ml4j/nn/Linear.java. Using fallback presentation compiler.
2026.07.28 17:56:29 INFO  no build target found for /Users/onurercen/Desktop/ml4j/nn/Linear.java. Using fallback presentation compiler.
2026.07.28 17:56:29 INFO  no build target found for /Users/onurercen/Desktop/ml4j/nn/Linear.java. Using fallback presentation compiler.
2026.07.28 17:56:29 INFO  no build target found for /Users/onurercen/Desktop/ml4j/nn/Linear.java. Using fallback presentation compiler.
2026.07.28 17:56:29 INFO  no build target found for /Users/onurercen/Desktop/ml4j/nn/Linear.java. Using fallback presentation compiler.
2026.07.28 17:56:29 INFO  no build target found for /Users/onurercen/Desktop/ml4j/nn/Linear.java. Using fallback presentation compiler.
2026.07.28 17:56:29 INFO  no build target found for /Users/onurercen/Desktop/ml4j/nn/Linear.java. Using fallback presentation compiler.
2026.07.28 17:56:29 INFO  no build target found for /Users/onurercen/Desktop/ml4j/nn/Linear.java. Using fallback presentation compiler.
2026.07.28 17:56:29 INFO  no build target found for /Users/onurercen/Desktop/ml4j/nn/Linear.java. Using fallback presentation compiler.
2026.07.28 17:56:30 INFO  no build target found for /Users/onurercen/Desktop/ml4j/nn/Linear.java. Using fallback presentation compiler.
2026.07.28 17:56:30 INFO  no build target found for /Users/onurercen/Desktop/ml4j/nn/Linear.java. Using fallback presentation compiler.
2026.07.28 17:56:30 INFO  no build target found for /Users/onurercen/Desktop/ml4j/nn/Linear.java. Using fallback presentation compiler.
2026.07.28 17:56:34 INFO  no build target found for /Users/onurercen/Desktop/ml4j/nn/Linear.java. Using fallback presentation compiler.
2026.07.28 17:56:34 INFO  no build target found for /Users/onurercen/Desktop/ml4j/nn/Linear.java. Using fallback presentation compiler.
2026.07.28 17:56:34 INFO  no build target found for /Users/onurercen/Desktop/ml4j/nn/Linear.java. Using fallback presentation compiler.
2026.07.28 17:56:34 INFO  no build target found for /Users/onurercen/Desktop/ml4j/nn/Linear.java. Using fallback presentation compiler.
2026.07.28 17:56:35 INFO  no build target found for /Users/onurercen/Desktop/ml4j/nn/Linear.java. Using fallback presentation compiler.
2026.07.28 17:56:35 INFO  no build target found for /Users/onurercen/Desktop/ml4j/nn/Linear.java. Using fallback presentation compiler.
2026.07.28 17:56:35 INFO  no build target found for /Users/onurercen/Desktop/ml4j/nn/Linear.java. Using fallback presentation compiler.
2026.07.28 17:56:35 INFO  no build target found for /Users/onurercen/Desktop/ml4j/nn/Linear.java. Using fallback presentation compiler.
2026.07.28 17:56:35 INFO  no build target found for /Users/onurercen/Desktop/ml4j/nn/Linear.java. Using fallback presentation compiler.
2026.07.28 17:56:35 INFO  no build target found for /Users/onurercen/Desktop/ml4j/nn/Linear.java. Using fallback presentation compiler.
2026.07.28 17:56:35 INFO  no build target found for /Users/onurercen/Desktop/ml4j/nn/Linear.java. Using fallback presentation compiler.
2026.07.28 17:56:35 INFO  no build target found for /Users/onurercen/Desktop/ml4j/nn/Linear.java. Using fallback presentation compiler.
2026.07.28 17:56:35 INFO  no build target found for /Users/onurercen/Desktop/ml4j/nn/Linear.java. Using fallback presentation compiler.
2026.07.28 17:56:36 INFO  no build target found for /Users/onurercen/Desktop/ml4j/nn/Linear.java. Using fallback presentation compiler.
2026.07.28 17:56:35 INFO  no build target found for /Users/onurercen/Desktop/ml4j/nn/Linear.java. Using fallback presentation compiler.
2026.07.28 17:56:36 INFO  no build target found for /Users/onurercen/Desktop/ml4j/nn/Linear.java. Using fallback presentation compiler.
2026.07.28 17:56:37 INFO  no build target found for /Users/onurercen/Desktop/ml4j/nn/Linear.java. Using fallback presentation compiler.
2026.07.28 17:56:37 INFO  no build target found for /Users/onurercen/Desktop/ml4j/nn/Linear.java. Using fallback presentation compiler.
2026.07.28 17:56:36 INFO  no build target found for /Users/onurercen/Desktop/ml4j/nn/Linear.java. Using fallback presentation compiler.
2026.07.28 17:56:37 INFO  no build target found for /Users/onurercen/Desktop/ml4j/nn/Linear.java. Using fallback presentation compiler.
2026.07.28 17:56:37 INFO  no build target found for /Users/onurercen/Desktop/ml4j/nn/Linear.java. Using fallback presentation compiler.
2026.07.28 17:56:37 INFO  no build target found for /Users/onurercen/Desktop/ml4j/nn/Linear.java. Using fallback presentation compiler.
2026.07.28 17:56:37 INFO  no build target found for /Users/onurercen/Desktop/ml4j/nn/Linear.java. Using fallback presentation compiler.
2026.07.28 17:56:37 INFO  no build target found for /Users/onurercen/Desktop/ml4j/nn/Linear.java. Using fallback presentation compiler.
2026.07.28 17:56:37 INFO  no build target found for /Users/onurercen/Desktop/ml4j/nn/Linear.java. Using fallback presentation compiler.
2026.07.28 17:56:38 INFO  no build target found for /Users/onurercen/Desktop/ml4j/nn/Linear.java. Using fallback presentation compiler.
2026.07.28 17:56:38 INFO  no build target found for /Users/onurercen/Desktop/ml4j/nn/Linear.java. Using fallback presentation compiler.
2026.07.28 17:56:38 INFO  no build target found for /Users/onurercen/Desktop/ml4j/nn/Linear.java. Using fallback presentation compiler.
2026.07.28 17:56:38 INFO  no build target found for /Users/onurercen/Desktop/ml4j/nn/Linear.java. Using fallback presentation compiler.
2026.07.28 17:56:38 INFO  no build target found for /Users/onurercen/Desktop/ml4j/nn/Linear.java. Using fallback presentation compiler.
2026.07.28 17:56:38 INFO  no build target found for /Users/onurercen/Desktop/ml4j/nn/Linear.java. Using fallback presentation compiler.
2026.07.28 17:56:38 INFO  no build target found for /Users/onurercen/Desktop/ml4j/nn/Linear.java. Using fallback presentation compiler.
2026.07.28 17:56:38 INFO  no build target found for /Users/onurercen/Desktop/ml4j/nn/Linear.java. Using fallback presentation compiler.
2026.07.28 17:56:38 INFO  no build target found for /Users/onurercen/Desktop/ml4j/nn/Linear.java. Using fallback presentation compiler.
2026.07.28 17:56:38 INFO  no build target found for /Users/onurercen/Desktop/ml4j/nn/Linear.java. Using fallback presentation compiler.
2026.07.28 17:56:39 INFO  no build target found for /Users/onurercen/Desktop/ml4j/nn/Linear.java. Using fallback presentation compiler.
2026.07.28 17:56:39 INFO  no build target found for /Users/onurercen/Desktop/ml4j/nn/Linear.java. Using fallback presentation compiler.
2026.07.28 17:56:39 INFO  no build target found for /Users/onurercen/Desktop/ml4j/nn/Linear.java. Using fallback presentation compiler.
2026.07.28 17:56:39 INFO  no build target found for /Users/onurercen/Desktop/ml4j/nn/Linear.java. Using fallback presentation compiler.
2026.07.28 17:56:39 INFO  no build target found for /Users/onurercen/Desktop/ml4j/nn/Linear.java. Using fallback presentation compiler.
2026.07.28 17:56:39 INFO  no build target found for /Users/onurercen/Desktop/ml4j/nn/Linear.java. Using fallback presentation compiler.
2026.07.28 17:56:39 INFO  no build target found for /Users/onurercen/Desktop/ml4j/nn/Linear.java. Using fallback presentation compiler.
2026.07.28 17:56:39 INFO  no build target found for /Users/onurercen/Desktop/ml4j/nn/Linear.java. Using fallback presentation compiler.
2026.07.28 17:56:39 INFO  no build target found for /Users/onurercen/Desktop/ml4j/nn/Linear.java. Using fallback presentation compiler.
2026.07.28 17:56:40 INFO  no build target found for /Users/onurercen/Desktop/ml4j/nn/Linear.java. Using fallback presentation compiler.
2026.07.28 17:56:40 INFO  no build target found for /Users/onurercen/Desktop/ml4j/nn/Linear.java. Using fallback presentation compiler.
2026.07.28 17:56:40 INFO  no build target found for /Users/onurercen/Desktop/ml4j/nn/Linear.java. Using fallback presentation compiler.
2026.07.28 17:56:39 INFO  no build target found for /Users/onurercen/Desktop/ml4j/nn/Linear.java. Using fallback presentation compiler.
2026.07.28 17:56:40 INFO  no build target found for /Users/onurercen/Desktop/ml4j/nn/Linear.java. Using fallback presentation compiler.
2026.07.28 17:56:40 INFO  no build target found for /Users/onurercen/Desktop/ml4j/nn/Linear.java. Using fallback presentation compiler.
2026.07.28 17:56:40 INFO  no build target found for /Users/onurercen/Desktop/ml4j/nn/Linear.java. Using fallback presentation compiler.
2026.07.28 17:56:40 INFO  no build target found for /Users/onurercen/Desktop/ml4j/nn/Linear.java. Using fallback presentation compiler.
2026.07.28 17:56:41 INFO  no build target found for /Users/onurercen/Desktop/ml4j/nn/Linear.java. Using fallback presentation compiler.
2026.07.28 17:56:40 INFO  no build target found for /Users/onurercen/Desktop/ml4j/nn/Linear.java. Using fallback presentation compiler.
2026.07.28 17:56:41 INFO  no build target found for /Users/onurercen/Desktop/ml4j/nn/Linear.java. Using fallback presentation compiler.
2026.07.28 17:56:41 INFO  no build target found for /Users/onurercen/Desktop/ml4j/nn/Linear.java. Using fallback presentation compiler.
2026.07.28 17:56:41 INFO  no build target found for /Users/onurercen/Desktop/ml4j/nn/Linear.java. Using fallback presentation compiler.
2026.07.28 17:56:41 INFO  no build target found for /Users/onurercen/Desktop/ml4j/nn/Linear.java. Using fallback presentation compiler.
2026.07.28 17:56:41 INFO  no build target found for /Users/onurercen/Desktop/ml4j/nn/Linear.java. Using fallback presentation compiler.
2026.07.28 17:56:41 INFO  no build target found for /Users/onurercen/Desktop/ml4j/nn/Linear.java. Using fallback presentation compiler.
2026.07.28 17:56:42 INFO  no build target found for /Users/onurercen/Desktop/ml4j/nn/Linear.java. Using fallback presentation compiler.
2026.07.28 17:56:42 INFO  no build target found for /Users/onurercen/Desktop/ml4j/nn/Linear.java. Using fallback presentation compiler.
2026.07.28 17:56:47 INFO  no build target found for /Users/onurercen/Desktop/ml4j/nn/Linear.java. Using fallback presentation compiler.
2026.07.28 17:56:47 INFO  no build target found for /Users/onurercen/Desktop/ml4j/nn/Linear.java. Using fallback presentation compiler.
2026.07.28 17:56:47 INFO  no build target found for /Users/onurercen/Desktop/ml4j/nn/Linear.java. Using fallback presentation compiler.
2026.07.28 17:56:47 INFO  no build target found for /Users/onurercen/Desktop/ml4j/nn/Linear.java. Using fallback presentation compiler.
2026.07.28 17:56:48 INFO  no build target found for /Users/onurercen/Desktop/ml4j/nn/Linear.java. Using fallback presentation compiler.
2026.07.28 17:56:48 INFO  no build target found for /Users/onurercen/Desktop/ml4j/nn/Linear.java. Using fallback presentation compiler.
2026.07.28 17:56:48 INFO  no build target found for /Users/onurercen/Desktop/ml4j/nn/Linear.java. Using fallback presentation compiler.
2026.07.28 17:56:48 INFO  no build target found for /Users/onurercen/Desktop/ml4j/nn/Linear.java. Using fallback presentation compiler.
2026.07.28 17:56:48 INFO  no build target found for /Users/onurercen/Desktop/ml4j/nn/Linear.java. Using fallback presentation compiler.
2026.07.28 17:56:49 INFO  no build target found for /Users/onurercen/Desktop/ml4j/nn/Linear.java. Using fallback presentation compiler.
2026.07.28 17:56:48 INFO  no build target found for /Users/onurercen/Desktop/ml4j/nn/Linear.java. Using fallback presentation compiler.
2026.07.28 17:56:48 INFO  no build target found for /Users/onurercen/Desktop/ml4j/nn/Linear.java. Using fallback presentation compiler.
2026.07.28 17:56:49 INFO  no build target found for /Users/onurercen/Desktop/ml4j/nn/Linear.java. Using fallback presentation compiler.
2026.07.28 17:56:49 INFO  no build target found for /Users/onurercen/Desktop/ml4j/nn/Linear.java. Using fallback presentation compiler.
2026.07.28 17:56:49 INFO  no build target found for /Users/onurercen/Desktop/ml4j/nn/Linear.java. Using fallback presentation compiler.
2026.07.28 17:56:50 INFO  no build target found for /Users/onurercen/Desktop/ml4j/nn/Linear.java. Using fallback presentation compiler.
2026.07.28 17:56:49 INFO  no build target found for /Users/onurercen/Desktop/ml4j/nn/Linear.java. Using fallback presentation compiler.
2026.07.28 17:56:51 INFO  no build target found for /Users/onurercen/Desktop/ml4j/nn/Linear.java. Using fallback presentation compiler.
2026.07.28 17:56:51 INFO  no build target found for /Users/onurercen/Desktop/ml4j/nn/Linear.java. Using fallback presentation compiler.
2026.07.28 17:56:51 INFO  no build target found for /Users/onurercen/Desktop/ml4j/nn/Linear.java. Using fallback presentation compiler.
2026.07.28 17:56:51 INFO  no build target found for /Users/onurercen/Desktop/ml4j/nn/Linear.java. Using fallback presentation compiler.
2026.07.28 17:56:54 WARN  no build target for: /Users/onurercen/Desktop/ml4j/nn/Module.java
2026.07.28 17:56:54 INFO  no build target found for /Users/onurercen/Desktop/ml4j/nn/Linear.java. Using fallback presentation compiler.
2026.07.28 17:56:59 INFO  no build target found for /Users/onurercen/Desktop/ml4j/nn/Linear.java. Using fallback presentation compiler.
2026.07.28 17:56:59 INFO  no build target found for /Users/onurercen/Desktop/ml4j/nn/Linear.java. Using fallback presentation compiler.
2026.07.28 17:56:59 INFO  no build target found for /Users/onurercen/Desktop/ml4j/nn/Linear.java. Using fallback presentation compiler.
2026.07.28 17:57:00 INFO  no build target found for /Users/onurercen/Desktop/ml4j/nn/Linear.java. Using fallback presentation compiler.
2026.07.28 17:57:00 INFO  no build target found for /Users/onurercen/Desktop/ml4j/nn/Linear.java. Using fallback presentation compiler.
2026.07.28 17:57:02 INFO  no build target found for /Users/onurercen/Desktop/ml4j/nn/Linear.java. Using fallback presentation compiler.
2026.07.28 17:57:02 INFO  no build target found for /Users/onurercen/Desktop/ml4j/nn/Linear.java. Using fallback presentation compiler.
2026.07.28 17:57:02 INFO  no build target found for /Users/onurercen/Desktop/ml4j/nn/Linear.java. Using fallback presentation compiler.
2026.07.28 17:57:02 INFO  no build target found for /Users/onurercen/Desktop/ml4j/nn/Linear.java. Using fallback presentation compiler.
2026.07.28 17:57:02 INFO  no build target found for /Users/onurercen/Desktop/ml4j/nn/Linear.java. Using fallback presentation compiler.
2026.07.28 17:57:03 INFO  no build target found for /Users/onurercen/Desktop/ml4j/nn/Linear.java. Using fallback presentation compiler.
2026.07.28 17:57:03 INFO  no build target found for /Users/onurercen/Desktop/ml4j/nn/Linear.java. Using fallback presentation compiler.
2026.07.28 17:57:06 INFO  no build target found for /Users/onurercen/Desktop/ml4j/nn/Linear.java. Using fallback presentation compiler.
2026.07.28 17:57:06 INFO  no build target found for /Users/onurercen/Desktop/ml4j/nn/Linear.java. Using fallback presentation compiler.
2026.07.28 17:57:07 INFO  no build target found for /Users/onurercen/Desktop/ml4j/nn/Linear.java. Using fallback presentation compiler.
2026.07.28 17:57:07 INFO  no build target found for /Users/onurercen/Desktop/ml4j/nn/Linear.java. Using fallback presentation compiler.
2026.07.28 17:57:07 INFO  no build target found for /Users/onurercen/Desktop/ml4j/nn/Linear.java. Using fallback presentation compiler.
2026.07.28 17:57:07 INFO  no build target found for /Users/onurercen/Desktop/ml4j/nn/Linear.java. Using fallback presentation compiler.
2026.07.28 17:57:08 INFO  no build target found for /Users/onurercen/Desktop/ml4j/nn/Linear.java. Using fallback presentation compiler.
2026.07.28 17:57:08 INFO  no build target found for /Users/onurercen/Desktop/ml4j/nn/Linear.java. Using fallback presentation compiler.
2026.07.28 17:57:08 WARN  no build target for: /Users/onurercen/Desktop/ml4j/nn/Linear.java
2026.07.28 17:57:08 INFO  no build target found for /Users/onurercen/Desktop/ml4j/nn/Linear.java. Using fallback presentation compiler.
2026.07.28 17:57:09 INFO  no build target found for /Users/onurercen/Desktop/ml4j/nn/Linear.java. Using fallback presentation compiler.
2026.07.28 17:57:17 INFO  no build target found for /Users/onurercen/Desktop/ml4j/tensor/Tensor.java. Using fallback presentation compiler.
2026.07.28 17:57:17 WARN  no build target for: /Users/onurercen/Desktop/ml4j/tensor/Tensor.java
2026.07.28 17:57:17 INFO  no build target found for /Users/onurercen/Desktop/ml4j/tensor/Tensor.java. Using fallback presentation compiler.
2026.07.28 17:57:17 INFO  no build target found for /Users/onurercen/Desktop/ml4j/tensor/Tensor.java. Using fallback presentation compiler.
2026.07.28 17:57:17 INFO  no build target found for /Users/onurercen/Desktop/ml4j/tensor/Tensor.java. Using fallback presentation compiler.
2026.07.28 17:57:20 INFO  no build target found for /Users/onurercen/Desktop/ml4j/tensor/Tensor.java. Using fallback presentation compiler.
2026.07.28 17:57:20 INFO  no build target found for /Users/onurercen/Desktop/ml4j/tensor/Tensor.java. Using fallback presentation compiler.
2026.07.28 17:57:20 INFO  no build target found for /Users/onurercen/Desktop/ml4j/tensor/Tensor.java. Using fallback presentation compiler.
2026.07.28 17:57:21 INFO  no build target found for /Users/onurercen/Desktop/ml4j/tensor/Tensor.java. Using fallback presentation compiler.
2026.07.28 17:57:21 INFO  no build target found for /Users/onurercen/Desktop/ml4j/tensor/Tensor.java. Using fallback presentation compiler.
2026.07.28 17:57:21 INFO  no build target found for /Users/onurercen/Desktop/ml4j/tensor/Tensor.java. Using fallback presentation compiler.
2026.07.28 17:57:22 INFO  no build target found for /Users/onurercen/Desktop/ml4j/tensor/Tensor.java. Using fallback presentation compiler.
2026.07.28 17:57:21 INFO  no build target found for /Users/onurercen/Desktop/ml4j/tensor/Tensor.java. Using fallback presentation compiler.
2026.07.28 17:57:21 INFO  no build target found for /Users/onurercen/Desktop/ml4j/tensor/Tensor.java. Using fallback presentation compiler.
2026.07.28 17:57:22 INFO  no build target found for /Users/onurercen/Desktop/ml4j/tensor/Tensor.java. Using fallback presentation compiler.
2026.07.28 17:57:21 INFO  no build target found for /Users/onurercen/Desktop/ml4j/tensor/Tensor.java. Using fallback presentation compiler.
2026.07.28 17:57:22 INFO  no build target found for /Users/onurercen/Desktop/ml4j/tensor/Tensor.java. Using fallback presentation compiler.
2026.07.28 17:57:22 INFO  no build target found for /Users/onurercen/Desktop/ml4j/tensor/Tensor.java. Using fallback presentation compiler.
2026.07.28 17:57:22 INFO  no build target found for /Users/onurercen/Desktop/ml4j/tensor/Tensor.java. Using fallback presentation compiler.
2026.07.28 17:57:22 INFO  no build target found for /Users/onurercen/Desktop/ml4j/tensor/Tensor.java. Using fallback presentation compiler.
2026.07.28 17:57:22 INFO  no build target found for /Users/onurercen/Desktop/ml4j/tensor/Tensor.java. Using fallback presentation compiler.
2026.07.28 17:57:23 INFO  no build target found for /Users/onurercen/Desktop/ml4j/tensor/Tensor.java. Using fallback presentation compiler.
2026.07.28 17:57:22 INFO  no build target found for /Users/onurercen/Desktop/ml4j/tensor/Tensor.java. Using fallback presentation compiler.
2026.07.28 17:57:22 INFO  no build target found for /Users/onurercen/Desktop/ml4j/tensor/Tensor.java. Using fallback presentation compiler.
2026.07.28 17:57:22 INFO  no build target found for /Users/onurercen/Desktop/ml4j/tensor/Tensor.java. Using fallback presentation compiler.
2026.07.28 17:57:23 INFO  no build target found for /Users/onurercen/Desktop/ml4j/tensor/Tensor.java. Using fallback presentation compiler.
2026.07.28 17:57:22 INFO  no build target found for /Users/onurercen/Desktop/ml4j/tensor/Tensor.java. Using fallback presentation compiler.
2026.07.28 17:57:24 INFO  no build target found for /Users/onurercen/Desktop/ml4j/tensor/Tensor.java. Using fallback presentation compiler.
2026.07.28 17:57:24 INFO  no build target found for /Users/onurercen/Desktop/ml4j/tensor/Tensor.java. Using fallback presentation compiler.
2026.07.28 17:57:24 INFO  no build target found for /Users/onurercen/Desktop/ml4j/tensor/Tensor.java. Using fallback presentation compiler.
2026.07.28 17:57:24 INFO  no build target found for /Users/onurercen/Desktop/ml4j/tensor/Tensor.java. Using fallback presentation compiler.
2026.07.28 17:57:24 INFO  no build target found for /Users/onurercen/Desktop/ml4j/tensor/Tensor.java. Using fallback presentation compiler.
2026.07.28 17:57:25 INFO  no build target found for /Users/onurercen/Desktop/ml4j/tensor/Tensor.java. Using fallback presentation compiler.
2026.07.28 17:57:25 INFO  no build target found for /Users/onurercen/Desktop/ml4j/tensor/Tensor.java. Using fallback presentation compiler.
2026.07.28 17:57:25 INFO  no build target found for /Users/onurercen/Desktop/ml4j/tensor/Tensor.java. Using fallback presentation compiler.
2026.07.28 17:57:27 INFO  no build target found for /Users/onurercen/Desktop/ml4j/tensor/Tensor.java. Using fallback presentation compiler.
2026.07.28 17:57:27 INFO  no build target found for /Users/onurercen/Desktop/ml4j/tensor/Tensor.java. Using fallback presentation compiler.
2026.07.28 17:57:27 INFO  no build target found for /Users/onurercen/Desktop/ml4j/tensor/Tensor.java. Using fallback presentation compiler.
2026.07.28 17:57:27 INFO  no build target found for /Users/onurercen/Desktop/ml4j/tensor/Tensor.java. Using fallback presentation compiler.
2026.07.28 17:57:27 INFO  no build target found for /Users/onurercen/Desktop/ml4j/tensor/Tensor.java. Using fallback presentation compiler.
2026.07.28 17:57:28 INFO  no build target found for /Users/onurercen/Desktop/ml4j/tensor/Tensor.java. Using fallback presentation compiler.
2026.07.28 17:57:28 INFO  no build target found for /Users/onurercen/Desktop/ml4j/tensor/Tensor.java. Using fallback presentation compiler.
2026.07.28 17:57:28 INFO  no build target found for /Users/onurercen/Desktop/ml4j/tensor/Tensor.java. Using fallback presentation compiler.
2026.07.28 17:57:28 INFO  no build target found for /Users/onurercen/Desktop/ml4j/tensor/Tensor.java. Using fallback presentation compiler.
2026.07.28 17:57:28 INFO  no build target found for /Users/onurercen/Desktop/ml4j/tensor/Tensor.java. Using fallback presentation compiler.
2026.07.28 17:57:28 INFO  no build target found for /Users/onurercen/Desktop/ml4j/tensor/Tensor.java. Using fallback presentation compiler.
2026.07.28 17:57:29 INFO  no build target found for /Users/onurercen/Desktop/ml4j/tensor/Tensor.java. Using fallback presentation compiler.
2026.07.28 17:57:28 INFO  no build target found for /Users/onurercen/Desktop/ml4j/tensor/Tensor.java. Using fallback presentation compiler.
2026.07.28 17:57:29 INFO  no build target found for /Users/onurercen/Desktop/ml4j/tensor/Tensor.java. Using fallback presentation compiler.
2026.07.28 17:57:30 WARN  no build target for: /Users/onurercen/Desktop/ml4j/tensor/Tensor.java
2026.07.28 17:57:30 INFO  no build target found for /Users/onurercen/Desktop/ml4j/tensor/Tensor.java. Using fallback presentation compiler.
2026.07.28 17:57:30 INFO  no build target found for /Users/onurercen/Desktop/ml4j/tensor/Tensor.java. Using fallback presentation compiler.
2026.07.28 17:57:30 INFO  no build target found for /Users/onurercen/Desktop/ml4j/tensor/Tensor.java. Using fallback presentation compiler.
2026.07.28 17:57:32 WARN  no build target for: /Users/onurercen/Desktop/ml4j/tensor/Tensor.java
2026.07.28 17:57:32 INFO  no build target found for /Users/onurercen/Desktop/ml4j/tensor/Tensor.java. Using fallback presentation compiler.
2026.07.28 17:57:32 WARN  no build target for: /Users/onurercen/Desktop/ml4j/tensor/Tensor.java
2026.07.28 17:57:32 INFO  no build target found for /Users/onurercen/Desktop/ml4j/tensor/Tensor.java. Using fallback presentation compiler.
2026.07.28 17:57:32 WARN  no build target for: /Users/onurercen/Desktop/ml4j/tensor/Tensor.java
2026.07.28 17:57:33 INFO  no build target found for /Users/onurercen/Desktop/ml4j/tensor/Tensor.java. Using fallback presentation compiler.
2026.07.28 17:57:34 INFO  no build target found for /Users/onurercen/Desktop/ml4j/autograd/Node.java. Using fallback presentation compiler.
2026.07.28 17:57:34 WARN  no build target for: /Users/onurercen/Desktop/ml4j/autograd/Node.java
2026.07.28 17:57:34 INFO  no build target found for /Users/onurercen/Desktop/ml4j/autograd/Node.java. Using fallback presentation compiler.
2026.07.28 17:57:34 INFO  no build target found for /Users/onurercen/Desktop/ml4j/autograd/Node.java. Using fallback presentation compiler.
2026.07.28 17:57:34 WARN  no build target for: /Users/onurercen/Desktop/ml4j/autograd/Node.java
2026.07.28 17:57:34 INFO  no build target found for /Users/onurercen/Desktop/ml4j/autograd/Node.java. Using fallback presentation compiler.
2026.07.28 17:57:34 INFO  no build target found for /Users/onurercen/Desktop/ml4j/autograd/Node.java. Using fallback presentation compiler.
2026.07.28 17:57:34 INFO  no build target found for /Users/onurercen/Desktop/ml4j/autograd/Graph.java. Using fallback presentation compiler.
2026.07.28 17:57:34 WARN  no build target for: /Users/onurercen/Desktop/ml4j/autograd/Graph.java
2026.07.28 17:57:34 INFO  no build target found for /Users/onurercen/Desktop/ml4j/autograd/Graph.java. Using fallback presentation compiler.
2026.07.28 17:57:34 INFO  no build target found for /Users/onurercen/Desktop/ml4j/autograd/Graph.java. Using fallback presentation compiler.
2026.07.28 17:57:34 WARN  no build target for: /Users/onurercen/Desktop/ml4j/autograd/Graph.java
2026.07.28 17:57:34 INFO  no build target found for /Users/onurercen/Desktop/ml4j/autograd/Graph.java. Using fallback presentation compiler.
2026.07.28 17:57:34 INFO  no build target found for /Users/onurercen/Desktop/ml4j/autograd/Graph.java. Using fallback presentation compiler.
2026.07.28 17:57:35 INFO  no build target found for /Users/onurercen/Desktop/ml4j/autograd/Node.java. Using fallback presentation compiler.
2026.07.28 17:57:37 INFO  no build target found for /Users/onurercen/Desktop/ml4j/autograd/Graph.java. Using fallback presentation compiler.
2026.07.28 17:57:37 INFO  no build target found for /Users/onurercen/Desktop/ml4j/tensor/Tensor.java. Using fallback presentation compiler.
2026.07.28 17:57:37 WARN  no build target for: /Users/onurercen/Desktop/ml4j/tensor/Tensor.java
2026.07.28 17:57:37 INFO  no build target found for /Users/onurercen/Desktop/ml4j/tensor/Tensor.java. Using fallback presentation compiler.
2026.07.28 17:57:37 INFO  no build target found for /Users/onurercen/Desktop/ml4j/tensor/Tensor.java. Using fallback presentation compiler.
2026.07.28 17:57:37 INFO  no build target found for /Users/onurercen/Desktop/ml4j/tensor/Tensor.java. Using fallback presentation compiler.
2026.07.28 17:57:44 INFO  no build target found for /Users/onurercen/Desktop/ml4j/nn/Linear.java. Using fallback presentation compiler.
2026.07.28 17:57:44 WARN  no build target for: /Users/onurercen/Desktop/ml4j/nn/Linear.java
2026.07.28 17:57:44 INFO  no build target found for /Users/onurercen/Desktop/ml4j/nn/Linear.java. Using fallback presentation compiler.
2026.07.28 17:57:44 INFO  no build target found for /Users/onurercen/Desktop/ml4j/nn/Linear.java. Using fallback presentation compiler.
2026.07.28 17:57:44 INFO  no build target found for /Users/onurercen/Desktop/ml4j/nn/Linear.java. Using fallback presentation compiler.
2026.07.28 17:57:44 INFO  no build target found for /Users/onurercen/Desktop/ml4j/nn/Linear.java. Using fallback presentation compiler.
2026.07.28 17:57:46 INFO  no build target found for /Users/onurercen/Desktop/ml4j/nn/Linear.java. Using fallback presentation compiler.
2026.07.28 17:57:46 INFO  no build target found for /Users/onurercen/Desktop/ml4j/nn/Linear.java. Using fallback presentation compiler.
2026.07.28 17:57:49 INFO  no build target found for /Users/onurercen/Desktop/ml4j/tensor/Tensor.java. Using fallback presentation compiler.
2026.07.28 17:57:49 WARN  no build target for: /Users/onurercen/Desktop/ml4j/tensor/Tensor.java
2026.07.28 17:57:49 INFO  no build target found for /Users/onurercen/Desktop/ml4j/tensor/Tensor.java. Using fallback presentation compiler.
2026.07.28 17:57:49 INFO  no build target found for /Users/onurercen/Desktop/ml4j/tensor/Tensor.java. Using fallback presentation compiler.
2026.07.28 17:57:49 INFO  no build target found for /Users/onurercen/Desktop/ml4j/tensor/Tensor.java. Using fallback presentation compiler.
2026.07.28 17:57:50 INFO  no build target found for /Users/onurercen/Desktop/ml4j/tensor/Tensor.java. Using fallback presentation compiler.
2026.07.28 17:57:50 INFO  no build target found for /Users/onurercen/Desktop/ml4j/tensor/Tensor.java. Using fallback presentation compiler.
2026.07.28 17:57:50 INFO  no build target found for /Users/onurercen/Desktop/ml4j/tensor/Tensor.java. Using fallback presentation compiler.
2026.07.28 17:57:51 INFO  no build target found for /Users/onurercen/Desktop/ml4j/tensor/Tensor.java. Using fallback presentation compiler.
2026.07.28 17:57:51 INFO  no build target found for /Users/onurercen/Desktop/ml4j/tensor/Tensor.java. Using fallback presentation compiler.
2026.07.28 17:57:51 INFO  no build target found for /Users/onurercen/Desktop/ml4j/tensor/Tensor.java. Using fallback presentation compiler.
2026.07.28 17:57:52 INFO  no build target found for /Users/onurercen/Desktop/ml4j/tensor/Tensor.java. Using fallback presentation compiler.
2026.07.28 17:57:51 INFO  no build target found for /Users/onurercen/Desktop/ml4j/tensor/Tensor.java. Using fallback presentation compiler.
2026.07.28 17:57:51 INFO  no build target found for /Users/onurercen/Desktop/ml4j/tensor/Tensor.java. Using fallback presentation compiler.
2026.07.28 17:57:52 INFO  no build target found for /Users/onurercen/Desktop/ml4j/tensor/Tensor.java. Using fallback presentation compiler.
2026.07.28 17:57:51 INFO  no build target found for /Users/onurercen/Desktop/ml4j/tensor/Tensor.java. Using fallback presentation compiler.
2026.07.28 17:57:51 INFO  no build target found for /Users/onurercen/Desktop/ml4j/tensor/Tensor.java. Using fallback presentation compiler.
2026.07.28 17:57:51 INFO  no build target found for /Users/onurercen/Desktop/ml4j/tensor/Tensor.java. Using fallback presentation compiler.
2026.07.28 17:57:52 INFO  no build target found for /Users/onurercen/Desktop/ml4j/tensor/Tensor.java. Using fallback presentation compiler.
2026.07.28 17:57:52 INFO  no build target found for /Users/onurercen/Desktop/ml4j/tensor/Tensor.java. Using fallback presentation compiler.
2026.07.28 17:57:52 INFO  no build target found for /Users/onurercen/Desktop/ml4j/tensor/Tensor.java. Using fallback presentation compiler.
2026.07.28 17:57:52 INFO  no build target found for /Users/onurercen/Desktop/ml4j/tensor/Tensor.java. Using fallback presentation compiler.
2026.07.28 17:57:53 INFO  no build target found for /Users/onurercen/Desktop/ml4j/tensor/Tensor.java. Using fallback presentation compiler.
2026.07.28 17:57:54 WARN  no build target for: /Users/onurercen/Desktop/ml4j/tensor/Tensor.java
2026.07.28 17:57:54 INFO  no build target found for /Users/onurercen/Desktop/ml4j/tensor/Tensor.java. Using fallback presentation compiler.
2026.07.28 17:58:10 INFO  no build target found for /Users/onurercen/Desktop/ml4j/nn/Linear.java. Using fallback presentation compiler.
2026.07.28 17:58:10 WARN  no build target for: /Users/onurercen/Desktop/ml4j/nn/Linear.java
2026.07.28 17:58:10 INFO  no build target found for /Users/onurercen/Desktop/ml4j/nn/Linear.java. Using fallback presentation compiler.
2026.07.28 17:58:10 INFO  no build target found for /Users/onurercen/Desktop/ml4j/nn/Linear.java. Using fallback presentation compiler.
2026.07.28 17:58:10 INFO  no build target found for /Users/onurercen/Desktop/ml4j/nn/Linear.java. Using fallback presentation compiler.
2026.07.28 17:58:13 INFO  no build target found for /Users/onurercen/Desktop/ml4j/nn/Linear.java. Using fallback presentation compiler.
2026.07.28 17:58:13 INFO  no build target found for /Users/onurercen/Desktop/ml4j/nn/Linear.java. Using fallback presentation compiler.
2026.07.28 17:58:14 INFO  no build target found for /Users/onurercen/Desktop/ml4j/nn/Linear.java. Using fallback presentation compiler.
2026.07.28 17:58:14 INFO  no build target found for /Users/onurercen/Desktop/ml4j/nn/Linear.java. Using fallback presentation compiler.
2026.07.28 17:58:14 INFO  no build target found for /Users/onurercen/Desktop/ml4j/nn/Linear.java. Using fallback presentation compiler.
2026.07.28 17:58:15 INFO  no build target found for /Users/onurercen/Desktop/ml4j/nn/Linear.java. Using fallback presentation compiler.
2026.07.28 17:58:14 INFO  no build target found for /Users/onurercen/Desktop/ml4j/nn/Linear.java. Using fallback presentation compiler.
2026.07.28 17:58:14 INFO  no build target found for /Users/onurercen/Desktop/ml4j/nn/Linear.java. Using fallback presentation compiler.
2026.07.28 17:58:15 INFO  no build target found for /Users/onurercen/Desktop/ml4j/nn/Linear.java. Using fallback presentation compiler.
2026.07.28 17:58:14 INFO  no build target found for /Users/onurercen/Desktop/ml4j/nn/Linear.java. Using fallback presentation compiler.
2026.07.28 17:58:14 INFO  no build target found for /Users/onurercen/Desktop/ml4j/nn/Linear.java. Using fallback presentation compiler.
2026.07.28 17:58:14 INFO  no build target found for /Users/onurercen/Desktop/ml4j/nn/Linear.java. Using fallback presentation compiler.
2026.07.28 17:58:15 INFO  no build target found for /Users/onurercen/Desktop/ml4j/nn/Linear.java. Using fallback presentation compiler.
2026.07.28 17:58:15 INFO  no build target found for /Users/onurercen/Desktop/ml4j/nn/Linear.java. Using fallback presentation compiler.
2026.07.28 17:58:15 INFO  no build target found for /Users/onurercen/Desktop/ml4j/nn/Linear.java. Using fallback presentation compiler.
2026.07.28 17:58:17 INFO  no build target found for /Users/onurercen/Desktop/ml4j/nn/Linear.java. Using fallback presentation compiler.
2026.07.28 17:58:17 INFO  no build target found for /Users/onurercen/Desktop/ml4j/nn/Linear.java. Using fallback presentation compiler.
2026.07.28 17:58:17 INFO  no build target found for /Users/onurercen/Desktop/ml4j/nn/Linear.java. Using fallback presentation compiler.
2026.07.28 17:58:18 INFO  no build target found for /Users/onurercen/Desktop/ml4j/nn/Linear.java. Using fallback presentation compiler.
2026.07.28 17:58:18 INFO  no build target found for /Users/onurercen/Desktop/ml4j/nn/Linear.java. Using fallback presentation compiler.
2026.07.28 17:58:18 INFO  no build target found for /Users/onurercen/Desktop/ml4j/nn/Linear.java. Using fallback presentation compiler.
2026.07.28 17:58:19 INFO  no build target found for /Users/onurercen/Desktop/ml4j/nn/Linear.java. Using fallback presentation compiler.
2026.07.28 17:58:20 INFO  no build target found for /Users/onurercen/Desktop/ml4j/nn/Linear.java. Using fallback presentation compiler.
2026.07.28 17:58:20 INFO  no build target found for /Users/onurercen/Desktop/ml4j/nn/Linear.java. Using fallback presentation compiler.
2026.07.28 17:58:21 INFO  no build target found for /Users/onurercen/Desktop/ml4j/nn/Linear.java. Using fallback presentation compiler.
2026.07.28 17:58:21 INFO  no build target found for /Users/onurercen/Desktop/ml4j/nn/Linear.java. Using fallback presentation compiler.
2026.07.28 17:58:21 INFO  no build target found for /Users/onurercen/Desktop/ml4j/nn/Linear.java. Using fallback presentation compiler.
2026.07.28 17:58:21 INFO  no build target found for /Users/onurercen/Desktop/ml4j/nn/Linear.java. Using fallback presentation compiler.
2026.07.28 17:58:23 INFO  no build target found for /Users/onurercen/Desktop/ml4j/nn/Linear.java. Using fallback presentation compiler.
2026.07.28 17:58:23 INFO  no build target found for /Users/onurercen/Desktop/ml4j/nn/Linear.java. Using fallback presentation compiler.
2026.07.28 17:58:23 INFO  no build target found for /Users/onurercen/Desktop/ml4j/nn/Linear.java. Using fallback presentation compiler.
2026.07.28 17:58:23 INFO  no build target found for /Users/onurercen/Desktop/ml4j/nn/Linear.java. Using fallback presentation compiler.
2026.07.28 17:58:24 INFO  no build target found for /Users/onurercen/Desktop/ml4j/nn/Linear.java. Using fallback presentation compiler.
2026.07.28 17:58:24 INFO  no build target found for /Users/onurercen/Desktop/ml4j/nn/Linear.java. Using fallback presentation compiler.
2026.07.28 17:58:24 INFO  no build target found for /Users/onurercen/Desktop/ml4j/nn/Linear.java. Using fallback presentation compiler.
2026.07.28 17:58:24 INFO  no build target found for /Users/onurercen/Desktop/ml4j/nn/Linear.java. Using fallback presentation compiler.
2026.07.28 17:58:25 INFO  no build target found for /Users/onurercen/Desktop/ml4j/nn/Linear.java. Using fallback presentation compiler.
2026.07.28 17:58:25 INFO  no build target found for /Users/onurercen/Desktop/ml4j/nn/Linear.java. Using fallback presentation compiler.
2026.07.28 17:58:25 INFO  no build target found for /Users/onurercen/Desktop/ml4j/nn/Linear.java. Using fallback presentation compiler.
2026.07.28 17:58:25 INFO  no build target found for /Users/onurercen/Desktop/ml4j/nn/Linear.java. Using fallback presentation compiler.
2026.07.28 17:58:25 INFO  no build target found for /Users/onurercen/Desktop/ml4j/nn/Linear.java. Using fallback presentation compiler.
2026.07.28 17:58:26 INFO  no build target found for /Users/onurercen/Desktop/ml4j/nn/Linear.java. Using fallback presentation compiler.
2026.07.28 17:58:26 INFO  no build target found for /Users/onurercen/Desktop/ml4j/nn/Linear.java. Using fallback presentation compiler.
2026.07.28 17:58:27 WARN  no build target for: /Users/onurercen/Desktop/ml4j/nn/Linear.java
2026.07.28 17:58:27 INFO  no build target found for /Users/onurercen/Desktop/ml4j/nn/Linear.java. Using fallback presentation compiler.
2026.07.28 17:58:27 WARN  no build target for: /Users/onurercen/Desktop/ml4j/nn/Linear.java
2026.07.28 17:58:27 INFO  no build target found for /Users/onurercen/Desktop/ml4j/nn/Linear.java. Using fallback presentation compiler.
2026.07.28 17:58:28 INFO  no build target found for /Users/onurercen/Desktop/ml4j/nn/Linear.java. Using fallback presentation compiler.
2026.07.28 17:58:28 INFO  no build target found for /Users/onurercen/Desktop/ml4j/nn/Linear.java. Using fallback presentation compiler.
2026.07.28 17:58:29 INFO  no build target found for /Users/onurercen/Desktop/ml4j/nn/Linear.java. Using fallback presentation compiler.
2026.07.28 17:58:30 INFO  no build target found for /Users/onurercen/Desktop/ml4j/nn/Linear.java. Using fallback presentation compiler.
2026.07.28 17:58:30 INFO  no build target found for /Users/onurercen/Desktop/ml4j/nn/Linear.java. Using fallback presentation compiler.
2026.07.28 17:58:30 INFO  no build target found for /Users/onurercen/Desktop/ml4j/nn/Linear.java. Using fallback presentation compiler.
2026.07.28 17:58:30 INFO  no build target found for /Users/onurercen/Desktop/ml4j/nn/Linear.java. Using fallback presentation compiler.
2026.07.28 17:58:30 INFO  no build target found for /Users/onurercen/Desktop/ml4j/nn/Linear.java. Using fallback presentation compiler.
2026.07.28 17:58:30 INFO  no build target found for /Users/onurercen/Desktop/ml4j/nn/Linear.java. Using fallback presentation compiler.
2026.07.28 17:58:30 INFO  no build target found for /Users/onurercen/Desktop/ml4j/nn/Linear.java. Using fallback presentation compiler.
2026.07.28 17:58:31 INFO  no build target found for /Users/onurercen/Desktop/ml4j/nn/Linear.java. Using fallback presentation compiler.
2026.07.28 17:58:31 INFO  no build target found for /Users/onurercen/Desktop/ml4j/nn/Linear.java. Using fallback presentation compiler.
2026.07.28 17:58:31 INFO  no build target found for /Users/onurercen/Desktop/ml4j/nn/Linear.java. Using fallback presentation compiler.
2026.07.28 17:58:32 INFO  no build target found for /Users/onurercen/Desktop/ml4j/nn/Linear.java. Using fallback presentation compiler.
2026.07.28 17:58:32 INFO  no build target found for /Users/onurercen/Desktop/ml4j/nn/Linear.java. Using fallback presentation compiler.
2026.07.28 17:58:33 INFO  no build target found for /Users/onurercen/Desktop/ml4j/nn/Linear.java. Using fallback presentation compiler.
2026.07.28 17:58:32 INFO  no build target found for /Users/onurercen/Desktop/ml4j/nn/Linear.java. Using fallback presentation compiler.
2026.07.28 17:58:32 INFO  no build target found for /Users/onurercen/Desktop/ml4j/nn/Linear.java. Using fallback presentation compiler.
2026.07.28 17:58:34 INFO  no build target found for /Users/onurercen/Desktop/ml4j/nn/Linear.java. Using fallback presentation compiler.
2026.07.28 17:58:34 INFO  no build target found for /Users/onurercen/Desktop/ml4j/nn/Linear.java. Using fallback presentation compiler.
2026.07.28 17:58:34 INFO  no build target found for /Users/onurercen/Desktop/ml4j/nn/Linear.java. Using fallback presentation compiler.
2026.07.28 17:58:34 INFO  no build target found for /Users/onurercen/Desktop/ml4j/nn/Linear.java. Using fallback presentation compiler.
2026.07.28 17:58:34 INFO  no build target found for /Users/onurercen/Desktop/ml4j/nn/Linear.java. Using fallback presentation compiler.
2026.07.28 17:58:34 INFO  no build target found for /Users/onurercen/Desktop/ml4j/nn/Linear.java. Using fallback presentation compiler.
2026.07.28 17:58:34 INFO  no build target found for /Users/onurercen/Desktop/ml4j/nn/Linear.java. Using fallback presentation compiler.
2026.07.28 17:58:35 INFO  no build target found for /Users/onurercen/Desktop/ml4j/nn/Linear.java. Using fallback presentation compiler.
2026.07.28 17:58:35 INFO  no build target found for /Users/onurercen/Desktop/ml4j/nn/Linear.java. Using fallback presentation compiler.
2026.07.28 17:58:35 INFO  no build target found for /Users/onurercen/Desktop/ml4j/nn/Linear.java. Using fallback presentation compiler.
2026.07.28 17:58:35 INFO  no build target found for /Users/onurercen/Desktop/ml4j/nn/Linear.java. Using fallback presentation compiler.
2026.07.28 17:58:35 INFO  no build target found for /Users/onurercen/Desktop/ml4j/nn/Linear.java. Using fallback presentation compiler.
2026.07.28 17:58:36 INFO  no build target found for /Users/onurercen/Desktop/ml4j/nn/Linear.java. Using fallback presentation compiler.
2026.07.28 17:58:37 INFO  no build target found for /Users/onurercen/Desktop/ml4j/nn/Linear.java. Using fallback presentation compiler.
2026.07.28 17:58:38 INFO  no build target found for /Users/onurercen/Desktop/ml4j/nn/Linear.java. Using fallback presentation compiler.
2026.07.28 17:58:38 INFO  no build target found for /Users/onurercen/Desktop/ml4j/nn/Linear.java. Using fallback presentation compiler.
2026.07.28 17:58:38 INFO  no build target found for /Users/onurercen/Desktop/ml4j/nn/Linear.java. Using fallback presentation compiler.
2026.07.28 17:58:38 INFO  no build target found for /Users/onurercen/Desktop/ml4j/nn/Linear.java. Using fallback presentation compiler.
2026.07.28 17:58:38 INFO  no build target found for /Users/onurercen/Desktop/ml4j/nn/Linear.java. Using fallback presentation compiler.
2026.07.28 17:58:38 INFO  no build target found for /Users/onurercen/Desktop/ml4j/nn/Linear.java. Using fallback presentation compiler.
2026.07.28 17:58:38 INFO  no build target found for /Users/onurercen/Desktop/ml4j/nn/Linear.java. Using fallback presentation compiler.
2026.07.28 17:58:39 INFO  no build target found for /Users/onurercen/Desktop/ml4j/nn/Linear.java. Using fallback presentation compiler.
2026.07.28 17:58:39 INFO  no build target found for /Users/onurercen/Desktop/ml4j/nn/Linear.java. Using fallback presentation compiler.
2026.07.28 17:58:39 INFO  no build target found for /Users/onurercen/Desktop/ml4j/nn/Linear.java. Using fallback presentation compiler.
2026.07.28 17:58:40 INFO  no build target found for /Users/onurercen/Desktop/ml4j/nn/Linear.java. Using fallback presentation compiler.
2026.07.28 17:58:40 INFO  no build target found for /Users/onurercen/Desktop/ml4j/nn/Linear.java. Using fallback presentation compiler.
2026.07.28 17:58:41 WARN  no build target for: /Users/onurercen/Desktop/ml4j/nn/Linear.java
2026.07.28 17:58:41 INFO  no build target found for /Users/onurercen/Desktop/ml4j/nn/Linear.java. Using fallback presentation compiler.
2026.07.28 17:58:41 WARN  no build target for: /Users/onurercen/Desktop/ml4j/nn/Linear.java
2026.07.28 17:58:41 INFO  no build target found for /Users/onurercen/Desktop/ml4j/nn/Linear.java. Using fallback presentation compiler.
2026.07.28 17:58:41 WARN  no build target for: /Users/onurercen/Desktop/ml4j/nn/Linear.java
2026.07.28 17:58:41 INFO  no build target found for /Users/onurercen/Desktop/ml4j/nn/Linear.java. Using fallback presentation compiler.
2026.07.28 17:58:54 INFO  no build target found for /Users/onurercen/Desktop/ml4j/nn/Linear.java. Using fallback presentation compiler.
2026.07.28 17:59:54 INFO  no build target found for /Users/onurercen/Desktop/ml4j/nn/Module.java. Using fallback presentation compiler.
2026.07.28 18:02:40 INFO  no build target found for /Users/onurercen/Desktop/ml4j/nn/Module.java. Using fallback presentation compiler.
2026.07.28 18:02:40 WARN  no build target for: /Users/onurercen/Desktop/ml4j/nn/Module.java
2026.07.28 18:02:40 INFO  no build target found for /Users/onurercen/Desktop/ml4j/nn/Module.java. Using fallback presentation compiler.
2026.07.28 18:02:40 INFO  no build target found for /Users/onurercen/Desktop/ml4j/nn/Module.java. Using fallback presentation compiler.
2026.07.28 18:02:40 INFO  no build target found for /Users/onurercen/Desktop/ml4j/nn/Module.java. Using fallback presentation compiler.
2026.07.28 18:02:40 INFO  no build target found for /Users/onurercen/Desktop/ml4j/nn/Module.java. Using fallback presentation compiler.
2026.07.28 18:02:47 INFO  no build target found for /Users/onurercen/Desktop/ml4j/nn/Module.java. Using fallback presentation compiler.
2026.07.28 18:02:49 INFO  no build target found for /Users/onurercen/Desktop/ml4j/nn/Module.java. Using fallback presentation compiler.
2026.07.28 18:02:49 INFO  no build target found for /Users/onurercen/Desktop/ml4j/nn/Module.java. Using fallback presentation compiler.
2026.07.28 18:02:51 INFO  no build target found for /Users/onurercen/Desktop/ml4j/nn/Module.java. Using fallback presentation compiler.
2026.07.28 18:02:51 INFO  no build target found for /Users/onurercen/Desktop/ml4j/nn/Module.java. Using fallback presentation compiler.
2026.07.28 18:02:51 INFO  no build target found for /Users/onurercen/Desktop/ml4j/nn/Module.java. Using fallback presentation compiler.
2026.07.28 18:02:51 INFO  no build target found for /Users/onurercen/Desktop/ml4j/nn/Module.java. Using fallback presentation compiler.
2026.07.28 18:02:51 INFO  no build target found for /Users/onurercen/Desktop/ml4j/nn/Module.java. Using fallback presentation compiler.
2026.07.28 18:02:56 INFO  no build target found for /Users/onurercen/Desktop/ml4j/nn/Module.java. Using fallback presentation compiler.
2026.07.28 18:02:56 INFO  no build target found for /Users/onurercen/Desktop/ml4j/nn/Module.java. Using fallback presentation compiler.
2026.07.28 18:02:56 INFO  no build target found for /Users/onurercen/Desktop/ml4j/nn/Module.java. Using fallback presentation compiler.
2026.07.28 18:02:56 INFO  no build target found for /Users/onurercen/Desktop/ml4j/nn/Module.java. Using fallback presentation compiler.
2026.07.28 18:03:15 INFO  no build target found for /Users/onurercen/Desktop/ml4j/nn/Linear.java. Using fallback presentation compiler.
2026.07.28 18:03:15 WARN  no build target for: /Users/onurercen/Desktop/ml4j/nn/Linear.java
2026.07.28 18:03:15 INFO  no build target found for /Users/onurercen/Desktop/ml4j/nn/Linear.java. Using fallback presentation compiler.
2026.07.28 18:03:15 INFO  no build target found for /Users/onurercen/Desktop/ml4j/nn/Linear.java. Using fallback presentation compiler.
2026.07.28 18:03:15 INFO  no build target found for /Users/onurercen/Desktop/ml4j/nn/Linear.java. Using fallback presentation compiler.
2026.07.28 18:03:15 INFO  no build target found for /Users/onurercen/Desktop/ml4j/nn/Linear.java. Using fallback presentation compiler.
2026.07.28 18:03:15 INFO  no build target found for /Users/onurercen/Desktop/ml4j/nn/Linear.java. Using fallback presentation compiler.
2026.07.28 18:03:18 INFO  no build target found for /Users/onurercen/Desktop/ml4j/nn/Linear.java. Using fallback presentation compiler.
2026.07.28 18:03:18 INFO  no build target found for /Users/onurercen/Desktop/ml4j/nn/Linear.java. Using fallback presentation compiler.
2026.07.28 18:03:18 INFO  no build target found for /Users/onurercen/Desktop/ml4j/nn/Linear.java. Using fallback presentation compiler.
2026.07.28 18:03:19 INFO  no build target found for /Users/onurercen/Desktop/ml4j/nn/Linear.java. Using fallback presentation compiler.
2026.07.28 18:03:19 INFO  no build target found for /Users/onurercen/Desktop/ml4j/nn/Linear.java. Using fallback presentation compiler.
2026.07.28 18:03:19 INFO  no build target found for /Users/onurercen/Desktop/ml4j/nn/Linear.java. Using fallback presentation compiler.
2026.07.28 18:03:19 INFO  no build target found for /Users/onurercen/Desktop/ml4j/nn/Linear.java. Using fallback presentation compiler.
2026.07.28 18:03:19 INFO  no build target found for /Users/onurercen/Desktop/ml4j/nn/Linear.java. Using fallback presentation compiler.
2026.07.28 18:03:23 INFO  no build target found for /Users/onurercen/Desktop/ml4j/nn/Linear.java. Using fallback presentation compiler.
2026.07.28 18:03:23 INFO  no build target found for /Users/onurercen/Desktop/ml4j/nn/Linear.java. Using fallback presentation compiler.
2026.07.28 18:03:24 INFO  no build target found for /Users/onurercen/Desktop/ml4j/nn/Linear.java. Using fallback presentation compiler.
2026.07.28 18:03:24 INFO  no build target found for /Users/onurercen/Desktop/ml4j/nn/Linear.java. Using fallback presentation compiler.
2026.07.28 18:03:25 INFO  no build target found for /Users/onurercen/Desktop/ml4j/nn/Linear.java. Using fallback presentation compiler.
2026.07.28 18:03:25 INFO  no build target found for /Users/onurercen/Desktop/ml4j/nn/Linear.java. Using fallback presentation compiler.
2026.07.28 18:03:25 INFO  no build target found for /Users/onurercen/Desktop/ml4j/nn/Linear.java. Using fallback presentation compiler.
2026.07.28 18:03:26 INFO  no build target found for /Users/onurercen/Desktop/ml4j/nn/Linear.java. Using fallback presentation compiler.
2026.07.28 18:03:28 WARN  no build target for: /Users/onurercen/Desktop/ml4j/nn/Linear.java
2026.07.28 18:03:28 INFO  no build target found for /Users/onurercen/Desktop/ml4j/nn/Linear.java. Using fallback presentation compiler.
2026.07.28 18:05:20 INFO  no build target found for /Users/onurercen/Desktop/ml4j/nn/Linear.java. Using fallback presentation compiler.
2026.07.28 18:05:34 INFO  no build target found for /Users/onurercen/Desktop/ml4j/tensor/Tensor.java. Using fallback presentation compiler.
2026.07.28 18:05:34 WARN  no build target for: /Users/onurercen/Desktop/ml4j/tensor/Tensor.java
2026.07.28 18:05:34 INFO  no build target found for /Users/onurercen/Desktop/ml4j/tensor/Tensor.java. Using fallback presentation compiler.
2026.07.28 18:05:34 INFO  no build target found for /Users/onurercen/Desktop/ml4j/tensor/Tensor.java. Using fallback presentation compiler.
2026.07.28 18:05:34 INFO  no build target found for /Users/onurercen/Desktop/ml4j/tensor/Tensor.java. Using fallback presentation compiler.
2026.07.28 18:05:34 INFO  no build target found for /Users/onurercen/Desktop/ml4j/tensor/Tensor.java. Using fallback presentation compiler.
2026.07.28 18:05:36 INFO  no build target found for /Users/onurercen/Desktop/ml4j/tensor/Tensor.java. Using fallback presentation compiler.
2026.07.28 18:05:36 INFO  no build target found for /Users/onurercen/Desktop/ml4j/tensor/Tensor.java. Using fallback presentation compiler.
2026.07.28 18:06:48 INFO  no build target found for /Users/onurercen/Desktop/ml4j/tensor/Tensor.java. Using fallback presentation compiler.
2026.07.28 18:06:48 INFO  no build target found for /Users/onurercen/Desktop/ml4j/tensor/Tensor.java. Using fallback presentation compiler.
2026.07.28 18:06:48 INFO  no build target found for /Users/onurercen/Desktop/ml4j/tensor/Tensor.java. Using fallback presentation compiler.
2026.07.28 18:06:48 INFO  no build target found for /Users/onurercen/Desktop/ml4j/tensor/Tensor.java. Using fallback presentation compiler.
2026.07.28 18:06:49 INFO  no build target found for /Users/onurercen/Desktop/ml4j/tensor/Tensor.java. Using fallback presentation compiler.
2026.07.28 18:06:49 INFO  no build target found for /Users/onurercen/Desktop/ml4j/tensor/Tensor.java. Using fallback presentation compiler.
2026.07.28 18:06:49 INFO  no build target found for /Users/onurercen/Desktop/ml4j/tensor/Tensor.java. Using fallback presentation compiler.
2026.07.28 18:06:50 INFO  no build target found for /Users/onurercen/Desktop/ml4j/tensor/Tensor.java. Using fallback presentation compiler.
2026.07.28 18:06:50 INFO  no build target found for /Users/onurercen/Desktop/ml4j/tensor/Tensor.java. Using fallback presentation compiler.
2026.07.28 18:06:50 INFO  no build target found for /Users/onurercen/Desktop/ml4j/tensor/Tensor.java. Using fallback presentation compiler.
2026.07.28 18:06:53 INFO  no build target found for /Users/onurercen/Desktop/ml4j/tensor/Tensor.java. Using fallback presentation compiler.
2026.07.28 18:06:53 INFO  no build target found for /Users/onurercen/Desktop/ml4j/tensor/Tensor.java. Using fallback presentation compiler.
2026.07.28 18:06:53 INFO  no build target found for /Users/onurercen/Desktop/ml4j/tensor/Tensor.java. Using fallback presentation compiler.
2026.07.28 18:06:55 INFO  no build target found for /Users/onurercen/Desktop/ml4j/tensor/Tensor.java. Using fallback presentation compiler.
2026.07.28 18:06:55 INFO  no build target found for /Users/onurercen/Desktop/ml4j/tensor/Tensor.java. Using fallback presentation compiler.
2026.07.28 18:06:55 INFO  no build target found for /Users/onurercen/Desktop/ml4j/tensor/Tensor.java. Using fallback presentation compiler.
2026.07.28 18:06:57 INFO  no build target found for /Users/onurercen/Desktop/ml4j/tensor/Tensor.java. Using fallback presentation compiler.
2026.07.28 18:06:58 INFO  no build target found for /Users/onurercen/Desktop/ml4j/tensor/Tensor.java. Using fallback presentation compiler.
2026.07.28 18:06:58 INFO  no build target found for /Users/onurercen/Desktop/ml4j/tensor/Tensor.java. Using fallback presentation compiler.
2026.07.28 18:06:58 INFO  no build target found for /Users/onurercen/Desktop/ml4j/tensor/Tensor.java. Using fallback presentation compiler.
2026.07.28 18:07:00 INFO  no build target found for /Users/onurercen/Desktop/ml4j/tensor/Tensor.java. Using fallback presentation compiler.
2026.07.28 18:07:00 INFO  no build target found for /Users/onurercen/Desktop/ml4j/tensor/Tensor.java. Using fallback presentation compiler.
2026.07.28 18:07:00 INFO  no build target found for /Users/onurercen/Desktop/ml4j/tensor/Tensor.java. Using fallback presentation compiler.
2026.07.28 18:07:02 WARN  no build target for: /Users/onurercen/Desktop/ml4j/tensor/Tensor.java
2026.07.28 18:07:02 INFO  no build target found for /Users/onurercen/Desktop/ml4j/tensor/Tensor.java. Using fallback presentation compiler.
2026.07.28 18:10:19 INFO  no build target found for /Users/onurercen/Desktop/ml4j/tensor/TensorOps.java. Using fallback presentation compiler.
2026.07.28 18:10:19 WARN  no build target for: /Users/onurercen/Desktop/ml4j/tensor/TensorOps.java
2026.07.28 18:10:19 INFO  no build target found for /Users/onurercen/Desktop/ml4j/tensor/TensorOps.java. Using fallback presentation compiler.
2026.07.28 18:10:21 INFO  no build target found for /Users/onurercen/Desktop/ml4j/nn/Linear.java. Using fallback presentation compiler.
2026.07.28 18:10:21 WARN  no build target for: /Users/onurercen/Desktop/ml4j/nn/Linear.java
2026.07.28 18:10:21 INFO  no build target found for /Users/onurercen/Desktop/ml4j/nn/Linear.java. Using fallback presentation compiler.
2026.07.28 18:10:27 INFO  no build target found for /Users/onurercen/Desktop/ml4j/nn/Module.java. Using fallback presentation compiler.
2026.07.28 18:10:27 WARN  no build target for: /Users/onurercen/Desktop/ml4j/nn/Module.java
2026.07.28 18:10:27 INFO  no build target found for /Users/onurercen/Desktop/ml4j/nn/Module.java. Using fallback presentation compiler.
2026.07.28 18:10:27 INFO  no build target found for /Users/onurercen/Desktop/ml4j/nn/Module.java. Using fallback presentation compiler.
2026.07.28 18:10:27 INFO  no build target found for /Users/onurercen/Desktop/ml4j/nn/Module.java. Using fallback presentation compiler.
2026.07.28 18:10:42 INFO  no build target found for /Users/onurercen/Desktop/ml4j/nn/Linear.java. Using fallback presentation compiler.
2026.07.28 18:10:42 WARN  no build target for: /Users/onurercen/Desktop/ml4j/nn/Linear.java
2026.07.28 18:10:42 INFO  no build target found for /Users/onurercen/Desktop/ml4j/nn/Linear.java. Using fallback presentation compiler.
2026.07.28 18:10:46 INFO  no build target found for /Users/onurercen/Desktop/ml4j/tensor/Tensor.java. Using fallback presentation compiler.
2026.07.28 18:10:46 WARN  no build target for: /Users/onurercen/Desktop/ml4j/tensor/Tensor.java
2026.07.28 18:10:46 INFO  no build target found for /Users/onurercen/Desktop/ml4j/tensor/Tensor.java. Using fallback presentation compiler.
2026.07.28 18:10:46 INFO  no build target found for /Users/onurercen/Desktop/ml4j/tensor/Tensor.java. Using fallback presentation compiler.
2026.07.28 18:10:51 INFO  no build target found for /Users/onurercen/Desktop/ml4j/tensor/Shape.java. Using fallback presentation compiler.
2026.07.28 18:10:51 INFO  no build target found for /Users/onurercen/Desktop/ml4j/tensor/Shape.java. Using fallback presentation compiler.
2026.07.28 18:10:51 WARN  no build target for: /Users/onurercen/Desktop/ml4j/tensor/Shape.java
2026.07.28 18:10:51 INFO  no build target found for /Users/onurercen/Desktop/ml4j/tensor/Shape.java. Using fallback presentation compiler.
2026.07.28 18:10:51 INFO  no build target found for /Users/onurercen/Desktop/ml4j/tensor/Shape.java. Using fallback presentation compiler.
2026.07.28 18:10:51 INFO  no build target found for /Users/onurercen/Desktop/ml4j/tensor/Shape.java. Using fallback presentation compiler.
2026.07.28 18:10:56 INFO  no build target found for /Users/onurercen/Desktop/ml4j/tensor/Tensor.java. Using fallback presentation compiler.
2026.07.28 18:10:56 WARN  no build target for: /Users/onurercen/Desktop/ml4j/tensor/Tensor.java
2026.07.28 18:10:56 INFO  no build target found for /Users/onurercen/Desktop/ml4j/tensor/Tensor.java. Using fallback presentation compiler.
2026.07.28 18:10:57 INFO  no build target found for /Users/onurercen/Desktop/ml4j/tensor/Tensor.java. Using fallback presentation compiler.
2026.07.28 18:10:57 INFO  no build target found for /Users/onurercen/Desktop/ml4j/tensor/Tensor.java. Using fallback presentation compiler.
2026.07.28 18:10:57 INFO  no build target found for /Users/onurercen/Desktop/ml4j/tensor/Tensor.java. Using fallback presentation compiler.
2026.07.28 18:10:59 INFO  no build target found for /Users/onurercen/Desktop/ml4j/tensor/Tensor.java. Using fallback presentation compiler.
2026.07.28 18:10:59 INFO  no build target found for /Users/onurercen/Desktop/ml4j/tensor/Tensor.java. Using fallback presentation compiler.
2026.07.28 18:11:01 INFO  no build target found for /Users/onurercen/Desktop/ml4j/tensor/Tensor.java. Using fallback presentation compiler.
2026.07.28 18:11:01 INFO  no build target found for /Users/onurercen/Desktop/ml4j/tensor/Tensor.java. Using fallback presentation compiler.
2026.07.28 18:11:01 INFO  no build target found for /Users/onurercen/Desktop/ml4j/tensor/Tensor.java. Using fallback presentation compiler.
2026.07.28 18:11:01 INFO  no build target found for /Users/onurercen/Desktop/ml4j/tensor/Tensor.java. Using fallback presentation compiler.
2026.07.28 18:11:01 INFO  no build target found for /Users/onurercen/Desktop/ml4j/tensor/Tensor.java. Using fallback presentation compiler.
2026.07.28 18:11:01 INFO  no build target found for /Users/onurercen/Desktop/ml4j/tensor/Tensor.java. Using fallback presentation compiler.
2026.07.28 18:11:01 INFO  no build target found for /Users/onurercen/Desktop/ml4j/tensor/Tensor.java. Using fallback presentation compiler.
2026.07.28 18:11:01 INFO  no build target found for /Users/onurercen/Desktop/ml4j/tensor/Tensor.java. Using fallback presentation compiler.
2026.07.28 18:11:02 INFO  no build target found for /Users/onurercen/Desktop/ml4j/tensor/Tensor.java. Using fallback presentation compiler.
2026.07.28 18:11:03 INFO  no build target found for /Users/onurercen/Desktop/ml4j/tensor/Tensor.java. Using fallback presentation compiler.
2026.07.28 18:11:03 INFO  no build target found for /Users/onurercen/Desktop/ml4j/tensor/Tensor.java. Using fallback presentation compiler.
2026.07.28 18:11:03 INFO  no build target found for /Users/onurercen/Desktop/ml4j/tensor/Tensor.java. Using fallback presentation compiler.
2026.07.28 18:11:03 INFO  no build target found for /Users/onurercen/Desktop/ml4j/tensor/Tensor.java. Using fallback presentation compiler.
2026.07.28 18:11:03 INFO  no build target found for /Users/onurercen/Desktop/ml4j/tensor/Tensor.java. Using fallback presentation compiler.
2026.07.28 18:11:03 INFO  no build target found for /Users/onurercen/Desktop/ml4j/tensor/Tensor.java. Using fallback presentation compiler.
Tem 28, 2026 6:11:03 ÖS org.eclipse.lsp4j.jsonrpc.RemoteEndpoint handleCancellation
WARNING: Unmatched cancel notification for request id 6066
2026.07.28 18:11:03 INFO  no build target found for /Users/onurercen/Desktop/ml4j/tensor/Tensor.java. Using fallback presentation compiler.
2026.07.28 18:11:03 INFO  no build target found for /Users/onurercen/Desktop/ml4j/tensor/Tensor.java. Using fallback presentation compiler.
2026.07.28 18:11:03 INFO  no build target found for /Users/onurercen/Desktop/ml4j/tensor/Tensor.java. Using fallback presentation compiler.
2026.07.28 18:11:03 INFO  no build target found for /Users/onurercen/Desktop/ml4j/tensor/Tensor.java. Using fallback presentation compiler.
2026.07.28 18:11:04 INFO  no build target found for /Users/onurercen/Desktop/ml4j/tensor/Tensor.java. Using fallback presentation compiler.
2026.07.28 18:11:04 INFO  no build target found for /Users/onurercen/Desktop/ml4j/tensor/Tensor.java. Using fallback presentation compiler.
2026.07.28 18:11:04 INFO  no build target found for /Users/onurercen/Desktop/ml4j/tensor/Tensor.java. Using fallback presentation compiler.
2026.07.28 18:11:04 INFO  no build target found for /Users/onurercen/Desktop/ml4j/tensor/Tensor.java. Using fallback presentation compiler.
2026.07.28 18:11:04 INFO  no build target found for /Users/onurercen/Desktop/ml4j/tensor/Tensor.java. Using fallback presentation compiler.
2026.07.28 18:11:05 INFO  no build target found for /Users/onurercen/Desktop/ml4j/tensor/Tensor.java. Using fallback presentation compiler.
2026.07.28 18:11:05 INFO  no build target found for /Users/onurercen/Desktop/ml4j/tensor/Tensor.java. Using fallback presentation compiler.
2026.07.28 18:11:05 INFO  no build target found for /Users/onurercen/Desktop/ml4j/tensor/Tensor.java. Using fallback presentation compiler.
2026.07.28 18:11:06 INFO  no build target found for /Users/onurercen/Desktop/ml4j/tensor/Tensor.java. Using fallback presentation compiler.
2026.07.28 18:11:07 INFO  no build target found for /Users/onurercen/Desktop/ml4j/tensor/Tensor.java. Using fallback presentation compiler.
2026.07.28 18:11:08 INFO  no build target found for /Users/onurercen/Desktop/ml4j/tensor/Tensor.java. Using fallback presentation compiler.
2026.07.28 18:11:08 INFO  no build target found for /Users/onurercen/Desktop/ml4j/tensor/Tensor.java. Using fallback presentation compiler.
2026.07.28 18:11:08 INFO  no build target found for /Users/onurercen/Desktop/ml4j/tensor/Tensor.java. Using fallback presentation compiler.
2026.07.28 18:11:09 INFO  no build target found for /Users/onurercen/Desktop/ml4j/tensor/Tensor.java. Using fallback presentation compiler.
2026.07.28 18:11:09 INFO  no build target found for /Users/onurercen/Desktop/ml4j/tensor/Tensor.java. Using fallback presentation compiler.
2026.07.28 18:11:09 INFO  no build target found for /Users/onurercen/Desktop/ml4j/tensor/Tensor.java. Using fallback presentation compiler.
2026.07.28 18:11:11 INFO  no build target found for /Users/onurercen/Desktop/ml4j/tensor/Tensor.java. Using fallback presentation compiler.
2026.07.28 18:11:11 INFO  no build target found for /Users/onurercen/Desktop/ml4j/tensor/Tensor.java. Using fallback presentation compiler.
2026.07.28 18:11:11 INFO  no build target found for /Users/onurercen/Desktop/ml4j/tensor/Tensor.java. Using fallback presentation compiler.
2026.07.28 18:11:18 INFO  no build target found for /Users/onurercen/Desktop/ml4j/tensor/Tensor.java. Using fallback presentation compiler.
2026.07.28 18:11:18 INFO  no build target found for /Users/onurercen/Desktop/ml4j/tensor/Tensor.java. Using fallback presentation compiler.
2026.07.28 18:11:20 INFO  no build target found for /Users/onurercen/Desktop/ml4j/tensor/Tensor.java. Using fallback presentation compiler.
2026.07.28 18:11:20 INFO  no build target found for /Users/onurercen/Desktop/ml4j/tensor/Tensor.java. Using fallback presentation compiler.
2026.07.28 18:11:20 INFO  no build target found for /Users/onurercen/Desktop/ml4j/tensor/Tensor.java. Using fallback presentation compiler.
2026.07.28 18:11:21 INFO  no build target found for /Users/onurercen/Desktop/ml4j/tensor/Tensor.java. Using fallback presentation compiler.
2026.07.28 18:11:21 INFO  no build target found for /Users/onurercen/Desktop/ml4j/tensor/Tensor.java. Using fallback presentation compiler.
2026.07.28 18:11:21 INFO  no build target found for /Users/onurercen/Desktop/ml4j/tensor/Tensor.java. Using fallback presentation compiler.
2026.07.28 18:11:21 INFO  no build target found for /Users/onurercen/Desktop/ml4j/tensor/Tensor.java. Using fallback presentation compiler.
2026.07.28 18:11:22 INFO  no build target found for /Users/onurercen/Desktop/ml4j/tensor/Tensor.java. Using fallback presentation compiler.
2026.07.28 18:11:21 INFO  no build target found for /Users/onurercen/Desktop/ml4j/tensor/Tensor.java. Using fallback presentation compiler.
2026.07.28 18:11:21 INFO  no build target found for /Users/onurercen/Desktop/ml4j/tensor/Tensor.java. Using fallback presentation compiler.
2026.07.28 18:11:22 INFO  no build target found for /Users/onurercen/Desktop/ml4j/tensor/Tensor.java. Using fallback presentation compiler.
2026.07.28 18:11:23 INFO  no build target found for /Users/onurercen/Desktop/ml4j/tensor/Tensor.java. Using fallback presentation compiler.
2026.07.28 18:11:23 INFO  no build target found for /Users/onurercen/Desktop/ml4j/tensor/Tensor.java. Using fallback presentation compiler.
2026.07.28 18:11:23 INFO  no build target found for /Users/onurercen/Desktop/ml4j/tensor/Tensor.java. Using fallback presentation compiler.
2026.07.28 18:11:23 INFO  no build target found for /Users/onurercen/Desktop/ml4j/tensor/Tensor.java. Using fallback presentation compiler.
2026.07.28 18:11:23 INFO  no build target found for /Users/onurercen/Desktop/ml4j/tensor/Tensor.java. Using fallback presentation compiler.
2026.07.28 18:11:23 INFO  no build target found for /Users/onurercen/Desktop/ml4j/tensor/Tensor.java. Using fallback presentation compiler.
2026.07.28 18:11:26 INFO  no build target found for /Users/onurercen/Desktop/ml4j/tensor/Tensor.java. Using fallback presentation compiler.
2026.07.28 18:11:26 INFO  no build target found for /Users/onurercen/Desktop/ml4j/tensor/Tensor.java. Using fallback presentation compiler.
2026.07.28 18:11:26 INFO  no build target found for /Users/onurercen/Desktop/ml4j/tensor/Tensor.java. Using fallback presentation compiler.
2026.07.28 18:11:27 INFO  no build target found for /Users/onurercen/Desktop/ml4j/tensor/Tensor.java. Using fallback presentation compiler.
2026.07.28 18:11:27 INFO  no build target found for /Users/onurercen/Desktop/ml4j/tensor/Tensor.java. Using fallback presentation compiler.
2026.07.28 18:11:27 INFO  no build target found for /Users/onurercen/Desktop/ml4j/tensor/Tensor.java. Using fallback presentation compiler.
2026.07.28 18:11:27 INFO  no build target found for /Users/onurercen/Desktop/ml4j/tensor/Tensor.java. Using fallback presentation compiler.
2026.07.28 18:11:28 INFO  no build target found for /Users/onurercen/Desktop/ml4j/tensor/Tensor.java. Using fallback presentation compiler.
2026.07.28 18:11:28 INFO  no build target found for /Users/onurercen/Desktop/ml4j/tensor/Tensor.java. Using fallback presentation compiler.
2026.07.28 18:11:28 INFO  no build target found for /Users/onurercen/Desktop/ml4j/tensor/Tensor.java. Using fallback presentation compiler.
2026.07.28 18:11:28 INFO  no build target found for /Users/onurercen/Desktop/ml4j/tensor/Tensor.java. Using fallback presentation compiler.
2026.07.28 18:11:29 INFO  no build target found for /Users/onurercen/Desktop/ml4j/tensor/Tensor.java. Using fallback presentation compiler.
2026.07.28 18:11:28 INFO  no build target found for /Users/onurercen/Desktop/ml4j/tensor/Tensor.java. Using fallback presentation compiler.
2026.07.28 18:11:28 INFO  no build target found for /Users/onurercen/Desktop/ml4j/tensor/Tensor.java. Using fallback presentation compiler.
2026.07.28 18:11:28 INFO  no build target found for /Users/onurercen/Desktop/ml4j/tensor/Tensor.java. Using fallback presentation compiler.
2026.07.28 18:11:29 INFO  no build target found for /Users/onurercen/Desktop/ml4j/tensor/Tensor.java. Using fallback presentation compiler.
2026.07.28 18:11:29 INFO  no build target found for /Users/onurercen/Desktop/ml4j/tensor/Tensor.java. Using fallback presentation compiler.
2026.07.28 18:11:29 INFO  no build target found for /Users/onurercen/Desktop/ml4j/tensor/Tensor.java. Using fallback presentation compiler.
2026.07.28 18:11:29 INFO  no build target found for /Users/onurercen/Desktop/ml4j/tensor/Tensor.java. Using fallback presentation compiler.
2026.07.28 18:11:30 INFO  no build target found for /Users/onurercen/Desktop/ml4j/tensor/Tensor.java. Using fallback presentation compiler.
2026.07.28 18:11:29 INFO  no build target found for /Users/onurercen/Desktop/ml4j/tensor/Tensor.java. Using fallback presentation compiler.
2026.07.28 18:11:29 INFO  no build target found for /Users/onurercen/Desktop/ml4j/tensor/Tensor.java. Using fallback presentation compiler.
2026.07.28 18:11:29 INFO  no build target found for /Users/onurercen/Desktop/ml4j/tensor/Tensor.java. Using fallback presentation compiler.
2026.07.28 18:11:30 INFO  no build target found for /Users/onurercen/Desktop/ml4j/tensor/Tensor.java. Using fallback presentation compiler.
2026.07.28 18:11:29 INFO  no build target found for /Users/onurercen/Desktop/ml4j/tensor/Tensor.java. Using fallback presentation compiler.
2026.07.28 18:11:29 INFO  no build target found for /Users/onurercen/Desktop/ml4j/tensor/Tensor.java. Using fallback presentation compiler.
2026.07.28 18:11:29 INFO  no build target found for /Users/onurercen/Desktop/ml4j/tensor/Tensor.java. Using fallback presentation compiler.
2026.07.28 18:11:30 INFO  no build target found for /Users/onurercen/Desktop/ml4j/tensor/Tensor.java. Using fallback presentation compiler.
2026.07.28 18:11:30 INFO  no build target found for /Users/onurercen/Desktop/ml4j/tensor/Tensor.java. Using fallback presentation compiler.
2026.07.28 18:11:30 INFO  no build target found for /Users/onurercen/Desktop/ml4j/tensor/Tensor.java. Using fallback presentation compiler.
2026.07.28 18:11:30 INFO  no build target found for /Users/onurercen/Desktop/ml4j/tensor/Tensor.java. Using fallback presentation compiler.
2026.07.28 18:11:31 INFO  no build target found for /Users/onurercen/Desktop/ml4j/tensor/Tensor.java. Using fallback presentation compiler.
2026.07.28 18:11:30 INFO  no build target found for /Users/onurercen/Desktop/ml4j/tensor/Tensor.java. Using fallback presentation compiler.
2026.07.28 18:11:30 INFO  no build target found for /Users/onurercen/Desktop/ml4j/tensor/Tensor.java. Using fallback presentation compiler.
2026.07.28 18:11:30 INFO  no build target found for /Users/onurercen/Desktop/ml4j/tensor/Tensor.java. Using fallback presentation compiler.
2026.07.28 18:11:31 INFO  no build target found for /Users/onurercen/Desktop/ml4j/tensor/Tensor.java. Using fallback presentation compiler.
2026.07.28 18:11:30 INFO  no build target found for /Users/onurercen/Desktop/ml4j/tensor/Tensor.java. Using fallback presentation compiler.
2026.07.28 18:11:32 INFO  no build target found for /Users/onurercen/Desktop/ml4j/tensor/Tensor.java. Using fallback presentation compiler.
2026.07.28 18:11:32 INFO  no build target found for /Users/onurercen/Desktop/ml4j/tensor/Tensor.java. Using fallback presentation compiler.
2026.07.28 18:11:32 INFO  no build target found for /Users/onurercen/Desktop/ml4j/tensor/Tensor.java. Using fallback presentation compiler.
2026.07.28 18:11:32 INFO  no build target found for /Users/onurercen/Desktop/ml4j/tensor/Tensor.java. Using fallback presentation compiler.
2026.07.28 18:11:32 INFO  no build target found for /Users/onurercen/Desktop/ml4j/tensor/Tensor.java. Using fallback presentation compiler.
2026.07.28 18:11:33 INFO  no build target found for /Users/onurercen/Desktop/ml4j/tensor/Tensor.java. Using fallback presentation compiler.
2026.07.28 18:11:33 INFO  no build target found for /Users/onurercen/Desktop/ml4j/tensor/Tensor.java. Using fallback presentation compiler.
2026.07.28 18:11:33 INFO  no build target found for /Users/onurercen/Desktop/ml4j/tensor/Tensor.java. Using fallback presentation compiler.
2026.07.28 18:11:34 INFO  no build target found for /Users/onurercen/Desktop/ml4j/tensor/Tensor.java. Using fallback presentation compiler.
2026.07.28 18:11:34 INFO  no build target found for /Users/onurercen/Desktop/ml4j/tensor/Tensor.java. Using fallback presentation compiler.
2026.07.28 18:11:37 INFO  no build target found for /Users/onurercen/Desktop/ml4j/tensor/Tensor.java. Using fallback presentation compiler.
2026.07.28 18:11:37 INFO  no build target found for /Users/onurercen/Desktop/ml4j/tensor/Tensor.java. Using fallback presentation compiler.
2026.07.28 18:11:40 INFO  no build target found for /Users/onurercen/Desktop/ml4j/tensor/Tensor.java. Using fallback presentation compiler.
2026.07.28 18:11:40 INFO  no build target found for /Users/onurercen/Desktop/ml4j/tensor/Tensor.java. Using fallback presentation compiler.
2026.07.28 18:11:40 INFO  no build target found for /Users/onurercen/Desktop/ml4j/tensor/Tensor.java. Using fallback presentation compiler.
2026.07.28 18:11:40 INFO  no build target found for /Users/onurercen/Desktop/ml4j/tensor/Tensor.java. Using fallback presentation compiler.
2026.07.28 18:11:40 INFO  no build target found for /Users/onurercen/Desktop/ml4j/tensor/Tensor.java. Using fallback presentation compiler.
2026.07.28 18:11:40 INFO  no build target found for /Users/onurercen/Desktop/ml4j/tensor/Tensor.java. Using fallback presentation compiler.
2026.07.28 18:11:43 INFO  no build target found for /Users/onurercen/Desktop/ml4j/tensor/Tensor.java. Using fallback presentation compiler.
2026.07.28 18:11:43 INFO  no build target found for /Users/onurercen/Desktop/ml4j/tensor/Tensor.java. Using fallback presentation compiler.
2026.07.28 18:11:43 INFO  no build target found for /Users/onurercen/Desktop/ml4j/tensor/Tensor.java. Using fallback presentation compiler.
2026.07.28 18:11:43 INFO  no build target found for /Users/onurercen/Desktop/ml4j/tensor/Tensor.java. Using fallback presentation compiler.
2026.07.28 18:11:43 INFO  no build target found for /Users/onurercen/Desktop/ml4j/tensor/Tensor.java. Using fallback presentation compiler.
2026.07.28 18:11:43 INFO  no build target found for /Users/onurercen/Desktop/ml4j/tensor/Tensor.java. Using fallback presentation compiler.
2026.07.28 18:11:50 INFO  no build target found for /Users/onurercen/Desktop/ml4j/tensor/Tensor.java. Using fallback presentation compiler.
2026.07.28 18:11:50 INFO  no build target found for /Users/onurercen/Desktop/ml4j/tensor/Tensor.java. Using fallback presentation compiler.
2026.07.28 18:11:50 INFO  no build target found for /Users/onurercen/Desktop/ml4j/tensor/Tensor.java. Using fallback presentation compiler.
2026.07.28 18:11:50 INFO  no build target found for /Users/onurercen/Desktop/ml4j/tensor/Tensor.java. Using fallback presentation compiler.
2026.07.28 18:11:50 INFO  no build target found for /Users/onurercen/Desktop/ml4j/tensor/Tensor.java. Using fallback presentation compiler.
2026.07.28 18:11:50 INFO  no build target found for /Users/onurercen/Desktop/ml4j/tensor/Tensor.java. Using fallback presentation compiler.
2026.07.28 18:11:50 INFO  no build target found for /Users/onurercen/Desktop/ml4j/tensor/Tensor.java. Using fallback presentation compiler.
2026.07.28 18:11:50 INFO  no build target found for /Users/onurercen/Desktop/ml4j/tensor/Tensor.java. Using fallback presentation compiler.
2026.07.28 18:11:50 INFO  no build target found for /Users/onurercen/Desktop/ml4j/tensor/Tensor.java. Using fallback presentation compiler.
2026.07.28 18:11:50 INFO  no build target found for /Users/onurercen/Desktop/ml4j/tensor/Tensor.java. Using fallback presentation compiler.
2026.07.28 18:11:50 INFO  no build target found for /Users/onurercen/Desktop/ml4j/tensor/Tensor.java. Using fallback presentation compiler.
2026.07.28 18:11:50 INFO  no build target found for /Users/onurercen/Desktop/ml4j/tensor/Tensor.java. Using fallback presentation compiler.
2026.07.28 18:11:51 INFO  no build target found for /Users/onurercen/Desktop/ml4j/tensor/Tensor.java. Using fallback presentation compiler.
2026.07.28 18:11:51 INFO  no build target found for /Users/onurercen/Desktop/ml4j/tensor/Tensor.java. Using fallback presentation compiler.
2026.07.28 18:11:51 INFO  no build target found for /Users/onurercen/Desktop/ml4j/tensor/Tensor.java. Using fallback presentation compiler.
2026.07.28 18:11:51 INFO  no build target found for /Users/onurercen/Desktop/ml4j/tensor/Tensor.java. Using fallback presentation compiler.
2026.07.28 18:11:51 INFO  no build target found for /Users/onurercen/Desktop/ml4j/tensor/Tensor.java. Using fallback presentation compiler.
2026.07.28 18:11:51 INFO  no build target found for /Users/onurercen/Desktop/ml4j/tensor/Tensor.java. Using fallback presentation compiler.
2026.07.28 18:11:51 INFO  no build target found for /Users/onurercen/Desktop/ml4j/tensor/Tensor.java. Using fallback presentation compiler.
2026.07.28 18:11:52 INFO  no build target found for /Users/onurercen/Desktop/ml4j/tensor/Tensor.java. Using fallback presentation compiler.
2026.07.28 18:11:51 INFO  no build target found for /Users/onurercen/Desktop/ml4j/tensor/Tensor.java. Using fallback presentation compiler.
2026.07.28 18:11:52 INFO  no build target found for /Users/onurercen/Desktop/ml4j/tensor/Tensor.java. Using fallback presentation compiler.
2026.07.28 18:11:52 INFO  no build target found for /Users/onurercen/Desktop/ml4j/tensor/Tensor.java. Using fallback presentation compiler.
2026.07.28 18:11:52 INFO  no build target found for /Users/onurercen/Desktop/ml4j/tensor/Tensor.java. Using fallback presentation compiler.
2026.07.28 18:11:52 INFO  no build target found for /Users/onurercen/Desktop/ml4j/tensor/Tensor.java. Using fallback presentation compiler.
2026.07.28 18:11:52 INFO  no build target found for /Users/onurercen/Desktop/ml4j/tensor/Tensor.java. Using fallback presentation compiler.
2026.07.28 18:11:52 INFO  no build target found for /Users/onurercen/Desktop/ml4j/tensor/Tensor.java. Using fallback presentation compiler.
2026.07.28 18:11:53 INFO  no build target found for /Users/onurercen/Desktop/ml4j/tensor/Tensor.java. Using fallback presentation compiler.
2026.07.28 18:11:52 INFO  no build target found for /Users/onurercen/Desktop/ml4j/tensor/Tensor.java. Using fallback presentation compiler.
2026.07.28 18:11:53 INFO  no build target found for /Users/onurercen/Desktop/ml4j/tensor/Tensor.java. Using fallback presentation compiler.
2026.07.28 18:11:53 INFO  no build target found for /Users/onurercen/Desktop/ml4j/tensor/Tensor.java. Using fallback presentation compiler.
2026.07.28 18:11:54 INFO  no build target found for /Users/onurercen/Desktop/ml4j/tensor/Tensor.java. Using fallback presentation compiler.
2026.07.28 18:11:53 INFO  no build target found for /Users/onurercen/Desktop/ml4j/tensor/Tensor.java. Using fallback presentation compiler.
2026.07.28 18:11:57 INFO  no build target found for /Users/onurercen/Desktop/ml4j/tensor/Tensor.java. Using fallback presentation compiler.
2026.07.28 18:11:57 INFO  no build target found for /Users/onurercen/Desktop/ml4j/tensor/Tensor.java. Using fallback presentation compiler.
2026.07.28 18:11:57 INFO  no build target found for /Users/onurercen/Desktop/ml4j/tensor/Tensor.java. Using fallback presentation compiler.
2026.07.28 18:11:57 INFO  no build target found for /Users/onurercen/Desktop/ml4j/tensor/Tensor.java. Using fallback presentation compiler.
2026.07.28 18:11:58 INFO  no build target found for /Users/onurercen/Desktop/ml4j/tensor/Tensor.java. Using fallback presentation compiler.
2026.07.28 18:11:58 INFO  no build target found for /Users/onurercen/Desktop/ml4j/tensor/Tensor.java. Using fallback presentation compiler.
2026.07.28 18:12:00 INFO  no build target found for /Users/onurercen/Desktop/ml4j/tensor/Tensor.java. Using fallback presentation compiler.
2026.07.28 18:12:00 INFO  no build target found for /Users/onurercen/Desktop/ml4j/tensor/Tensor.java. Using fallback presentation compiler.
2026.07.28 18:12:00 INFO  no build target found for /Users/onurercen/Desktop/ml4j/tensor/Tensor.java. Using fallback presentation compiler.
2026.07.28 18:12:00 INFO  no build target found for /Users/onurercen/Desktop/ml4j/tensor/Tensor.java. Using fallback presentation compiler.
2026.07.28 18:12:00 INFO  no build target found for /Users/onurercen/Desktop/ml4j/tensor/Tensor.java. Using fallback presentation compiler.
2026.07.28 18:12:01 INFO  no build target found for /Users/onurercen/Desktop/ml4j/tensor/Tensor.java. Using fallback presentation compiler.
2026.07.28 18:12:01 INFO  no build target found for /Users/onurercen/Desktop/ml4j/tensor/Tensor.java. Using fallback presentation compiler.
2026.07.28 18:12:01 INFO  no build target found for /Users/onurercen/Desktop/ml4j/tensor/Tensor.java. Using fallback presentation compiler.
2026.07.28 18:12:01 INFO  no build target found for /Users/onurercen/Desktop/ml4j/tensor/Tensor.java. Using fallback presentation compiler.
2026.07.28 18:12:02 INFO  no build target found for /Users/onurercen/Desktop/ml4j/tensor/Tensor.java. Using fallback presentation compiler.
2026.07.28 18:12:02 INFO  no build target found for /Users/onurercen/Desktop/ml4j/tensor/Tensor.java. Using fallback presentation compiler.
2026.07.28 18:12:02 INFO  no build target found for /Users/onurercen/Desktop/ml4j/tensor/Tensor.java. Using fallback presentation compiler.
2026.07.28 18:12:02 INFO  no build target found for /Users/onurercen/Desktop/ml4j/tensor/Tensor.java. Using fallback presentation compiler.
2026.07.28 18:12:05 INFO  no build target found for /Users/onurercen/Desktop/ml4j/tensor/Tensor.java. Using fallback presentation compiler.
2026.07.28 18:12:05 INFO  no build target found for /Users/onurercen/Desktop/ml4j/tensor/Tensor.java. Using fallback presentation compiler.
2026.07.28 18:12:05 INFO  no build target found for /Users/onurercen/Desktop/ml4j/tensor/Tensor.java. Using fallback presentation compiler.
2026.07.28 18:12:05 INFO  no build target found for /Users/onurercen/Desktop/ml4j/tensor/Tensor.java. Using fallback presentation compiler.
2026.07.28 18:12:05 INFO  no build target found for /Users/onurercen/Desktop/ml4j/tensor/Tensor.java. Using fallback presentation compiler.
2026.07.28 18:12:05 INFO  no build target found for /Users/onurercen/Desktop/ml4j/tensor/Tensor.java. Using fallback presentation compiler.
2026.07.28 18:12:05 INFO  no build target found for /Users/onurercen/Desktop/ml4j/tensor/Tensor.java. Using fallback presentation compiler.
2026.07.28 18:12:06 INFO  no build target found for /Users/onurercen/Desktop/ml4j/tensor/Tensor.java. Using fallback presentation compiler.
2026.07.28 18:12:05 INFO  no build target found for /Users/onurercen/Desktop/ml4j/tensor/Tensor.java. Using fallback presentation compiler.
2026.07.28 18:12:05 INFO  no build target found for /Users/onurercen/Desktop/ml4j/tensor/Tensor.java. Using fallback presentation compiler.
2026.07.28 18:12:05 INFO  no build target found for /Users/onurercen/Desktop/ml4j/tensor/Tensor.java. Using fallback presentation compiler.
2026.07.28 18:12:06 INFO  no build target found for /Users/onurercen/Desktop/ml4j/tensor/Tensor.java. Using fallback presentation compiler.
2026.07.28 18:12:06 INFO  no build target found for /Users/onurercen/Desktop/ml4j/tensor/Tensor.java. Using fallback presentation compiler.
2026.07.28 18:12:06 INFO  no build target found for /Users/onurercen/Desktop/ml4j/tensor/Tensor.java. Using fallback presentation compiler.
2026.07.28 18:12:06 INFO  no build target found for /Users/onurercen/Desktop/ml4j/tensor/Tensor.java. Using fallback presentation compiler.
2026.07.28 18:12:06 INFO  no build target found for /Users/onurercen/Desktop/ml4j/tensor/Tensor.java. Using fallback presentation compiler.
2026.07.28 18:12:07 INFO  no build target found for /Users/onurercen/Desktop/ml4j/tensor/Tensor.java. Using fallback presentation compiler.
2026.07.28 18:12:07 INFO  no build target found for /Users/onurercen/Desktop/ml4j/tensor/Tensor.java. Using fallback presentation compiler.
2026.07.28 18:12:07 INFO  no build target found for /Users/onurercen/Desktop/ml4j/tensor/Tensor.java. Using fallback presentation compiler.
2026.07.28 18:12:10 INFO  no build target found for /Users/onurercen/Desktop/ml4j/tensor/Tensor.java. Using fallback presentation compiler.
2026.07.28 18:12:12 INFO  no build target found for /Users/onurercen/Desktop/ml4j/tensor/Tensor.java. Using fallback presentation compiler.
2026.07.28 18:12:18 INFO  no build target found for /Users/onurercen/Desktop/ml4j/tensor/Tensor.java. Using fallback presentation compiler.
2026.07.28 18:12:20 INFO  no build target found for /Users/onurercen/Desktop/ml4j/tensor/Tensor.java. Using fallback presentation compiler.
2026.07.28 18:12:20 INFO  no build target found for /Users/onurercen/Desktop/ml4j/tensor/Tensor.java. Using fallback presentation compiler.
2026.07.28 18:12:26 INFO  no build target found for /Users/onurercen/Desktop/ml4j/tensor/Tensor.java. Using fallback presentation compiler.
2026.07.28 18:12:36 INFO  no build target found for /Users/onurercen/Desktop/ml4j/tensor/Tensor.java. Using fallback presentation compiler.
2026.07.28 18:12:39 INFO  no build target found for /Users/onurercen/Desktop/ml4j/tensor/Tensor.java. Using fallback presentation compiler.
2026.07.28 18:12:39 INFO  no build target found for /Users/onurercen/Desktop/ml4j/tensor/Tensor.java. Using fallback presentation compiler.
2026.07.28 18:13:49 INFO  no build target found for /Users/onurercen/Desktop/ml4j/tensor/Tensor.java. Using fallback presentation compiler.
2026.07.28 18:13:49 INFO  no build target found for /Users/onurercen/Desktop/ml4j/tensor/Tensor.java. Using fallback presentation compiler.
2026.07.28 18:13:49 INFO  no build target found for /Users/onurercen/Desktop/ml4j/tensor/Tensor.java. Using fallback presentation compiler.
2026.07.28 18:13:49 INFO  no build target found for /Users/onurercen/Desktop/ml4j/tensor/Tensor.java. Using fallback presentation compiler.
2026.07.28 18:13:49 INFO  no build target found for /Users/onurercen/Desktop/ml4j/tensor/Tensor.java. Using fallback presentation compiler.
2026.07.28 18:13:50 WARN  no build target for: /Users/onurercen/Desktop/ml4j/tensor/Tensor.java
2026.07.28 18:13:50 INFO  no build target found for /Users/onurercen/Desktop/ml4j/tensor/Tensor.java. Using fallback presentation compiler.
2026.07.28 18:13:51 INFO  no build target found for /Users/onurercen/Desktop/ml4j/tensor/Tensor.java. Using fallback presentation compiler.
2026.07.28 18:13:55 INFO  no build target found for /Users/onurercen/Desktop/ml4j/tensor/Tensor.java. Using fallback presentation compiler.
2026.07.28 18:13:55 INFO  no build target found for /Users/onurercen/Desktop/ml4j/tensor/Tensor.java. Using fallback presentation compiler.
2026.07.28 18:13:59 INFO  no build target found for /Users/onurercen/Desktop/ml4j/tensor/Shape.java. Using fallback presentation compiler.
2026.07.28 18:13:59 WARN  no build target for: /Users/onurercen/Desktop/ml4j/tensor/Shape.java
2026.07.28 18:13:59 INFO  no build target found for /Users/onurercen/Desktop/ml4j/tensor/Shape.java. Using fallback presentation compiler.
2026.07.28 18:13:59 INFO  no build target found for /Users/onurercen/Desktop/ml4j/tensor/Shape.java. Using fallback presentation compiler.
2026.07.28 18:13:59 INFO  no build target found for /Users/onurercen/Desktop/ml4j/tensor/Shape.java. Using fallback presentation compiler.
2026.07.28 18:14:04 INFO  no build target found for /Users/onurercen/Desktop/ml4j/tensor/Shape.java. Using fallback presentation compiler.
2026.07.28 18:14:04 INFO  no build target found for /Users/onurercen/Desktop/ml4j/tensor/Shape.java. Using fallback presentation compiler.
2026.07.28 18:14:04 INFO  no build target found for /Users/onurercen/Desktop/ml4j/tensor/Shape.java. Using fallback presentation compiler.
2026.07.28 18:14:39 INFO  no build target found for /Users/onurercen/Desktop/ml4j/tensor/Shape.java. Using fallback presentation compiler.
2026.07.28 18:14:39 INFO  no build target found for /Users/onurercen/Desktop/ml4j/tensor/Shape.java. Using fallback presentation compiler.
2026.07.28 18:14:39 INFO  no build target found for /Users/onurercen/Desktop/ml4j/tensor/Shape.java. Using fallback presentation compiler.
2026.07.28 18:14:39 INFO  no build target found for /Users/onurercen/Desktop/ml4j/tensor/Shape.java. Using fallback presentation compiler.
2026.07.28 18:14:40 WARN  no build target for: /Users/onurercen/Desktop/ml4j/tensor/Shape.java
2026.07.28 18:14:40 INFO  no build target found for /Users/onurercen/Desktop/ml4j/tensor/Shape.java. Using fallback presentation compiler.
2026.07.28 18:14:45 INFO  no build target found for /Users/onurercen/Desktop/ml4j/tensor/TensorOps.java. Using fallback presentation compiler.
2026.07.28 18:14:45 WARN  no build target for: /Users/onurercen/Desktop/ml4j/tensor/TensorOps.java
2026.07.28 18:14:45 INFO  no build target found for /Users/onurercen/Desktop/ml4j/tensor/TensorOps.java. Using fallback presentation compiler.
2026.07.28 18:14:46 INFO  no build target found for /Users/onurercen/Desktop/ml4j/tensor/TensorOps.java. Using fallback presentation compiler.
2026.07.28 18:14:46 INFO  no build target found for /Users/onurercen/Desktop/ml4j/tensor/TensorOps.java. Using fallback presentation compiler.
2026.07.28 18:14:48 INFO  no build target found for /Users/onurercen/Desktop/ml4j/tensor/TensorOps.java. Using fallback presentation compiler.
2026.07.28 18:14:50 INFO  no build target found for /Users/onurercen/Desktop/ml4j/tensor/TensorOps.java. Using fallback presentation compiler.
2026.07.28 18:14:50 INFO  no build target found for /Users/onurercen/Desktop/ml4j/tensor/TensorOps.java. Using fallback presentation compiler.
2026.07.28 18:14:53 INFO  no build target found for /Users/onurercen/Desktop/ml4j/tensor/TensorOps.java. Using fallback presentation compiler.
2026.07.28 18:14:57 INFO  no build target found for /Users/onurercen/Desktop/ml4j/tensor/TensorOps.java. Using fallback presentation compiler.
2026.07.28 18:14:57 INFO  no build target found for /Users/onurercen/Desktop/ml4j/tensor/TensorOps.java. Using fallback presentation compiler.
2026.07.28 18:14:57 INFO  no build target found for /Users/onurercen/Desktop/ml4j/tensor/TensorOps.java. Using fallback presentation compiler.
2026.07.28 18:14:59 INFO  no build target found for /Users/onurercen/Desktop/ml4j/tensor/TensorOps.java. Using fallback presentation compiler.
2026.07.28 18:14:59 INFO  no build target found for /Users/onurercen/Desktop/ml4j/tensor/TensorOps.java. Using fallback presentation compiler.
2026.07.28 18:14:59 INFO  no build target found for /Users/onurercen/Desktop/ml4j/tensor/TensorOps.java. Using fallback presentation compiler.
2026.07.28 18:15:01 INFO  no build target found for /Users/onurercen/Desktop/ml4j/tensor/TensorOps.java. Using fallback presentation compiler.
2026.07.28 18:15:01 INFO  no build target found for /Users/onurercen/Desktop/ml4j/tensor/TensorOps.java. Using fallback presentation compiler.
2026.07.28 18:15:02 INFO  no build target found for /Users/onurercen/Desktop/ml4j/tensor/TensorOps.java. Using fallback presentation compiler.
2026.07.28 18:15:02 INFO  no build target found for /Users/onurercen/Desktop/ml4j/tensor/TensorOps.java. Using fallback presentation compiler.
2026.07.28 18:15:04 WARN  no build target for: /Users/onurercen/Desktop/ml4j/tensor/TensorOps.java
2026.07.28 18:15:04 INFO  no build target found for /Users/onurercen/Desktop/ml4j/tensor/TensorOps.java. Using fallback presentation compiler.
2026.07.28 18:15:05 INFO  no build target found for /Users/onurercen/Desktop/ml4j/nn/Module.java. Using fallback presentation compiler.
2026.07.28 18:15:05 WARN  no build target for: /Users/onurercen/Desktop/ml4j/nn/Module.java
2026.07.28 18:15:05 INFO  no build target found for /Users/onurercen/Desktop/ml4j/nn/Module.java. Using fallback presentation compiler.
2026.07.28 18:15:05 INFO  no build target found for /Users/onurercen/Desktop/ml4j/nn/Module.java. Using fallback presentation compiler.
2026.07.28 18:15:05 INFO  no build target found for /Users/onurercen/Desktop/ml4j/nn/Module.java. Using fallback presentation compiler.
2026.07.28 18:15:07 WARN  no build target for: /Users/onurercen/Desktop/ml4j/nn/Module.java
2026.07.28 18:15:07 INFO  no build target found for /Users/onurercen/Desktop/ml4j/nn/Module.java. Using fallback presentation compiler.
2026.07.28 18:15:08 INFO  no build target found for /Users/onurercen/Desktop/ml4j/tensor/Shape.java. Using fallback presentation compiler.
2026.07.28 18:15:08 WARN  no build target for: /Users/onurercen/Desktop/ml4j/tensor/Shape.java
2026.07.28 18:15:08 INFO  no build target found for /Users/onurercen/Desktop/ml4j/tensor/Shape.java. Using fallback presentation compiler.
2026.07.28 18:15:08 INFO  no build target found for /Users/onurercen/Desktop/ml4j/tensor/Shape.java. Using fallback presentation compiler.
2026.07.28 18:15:08 INFO  no build target found for /Users/onurercen/Desktop/ml4j/tensor/Shape.java. Using fallback presentation compiler.
2026.07.28 18:15:44 INFO  no build target found for /Users/onurercen/Desktop/ml4j/nn/Linear.java. Using fallback presentation compiler.
2026.07.28 18:15:44 WARN  no build target for: /Users/onurercen/Desktop/ml4j/nn/Linear.java
2026.07.28 18:15:44 INFO  no build target found for /Users/onurercen/Desktop/ml4j/nn/Linear.java. Using fallback presentation compiler.
2026.07.28 18:18:39 INFO  no build target found for /Users/onurercen/Desktop/ml4j/tensor/TensorOps.java. Using fallback presentation compiler.
2026.07.28 18:18:39 WARN  no build target for: /Users/onurercen/Desktop/ml4j/tensor/TensorOps.java
2026.07.28 18:18:39 INFO  no build target found for /Users/onurercen/Desktop/ml4j/tensor/TensorOps.java. Using fallback presentation compiler.
2026.07.28 18:19:05 INFO  no build target found for /Users/onurercen/Desktop/ml4j/tensor/TensorOps.java. Using fallback presentation compiler.
2026.07.28 18:19:05 INFO  no build target found for /Users/onurercen/Desktop/ml4j/tensor/TensorOps.java. Using fallback presentation compiler.
2026.07.28 18:19:05 INFO  no build target found for /Users/onurercen/Desktop/ml4j/tensor/TensorOps.java. Using fallback presentation compiler.
2026.07.28 18:19:05 INFO  no build target found for /Users/onurercen/Desktop/ml4j/tensor/TensorOps.java. Using fallback presentation compiler.
2026.07.28 18:19:05 INFO  no build target found for /Users/onurercen/Desktop/ml4j/tensor/TensorOps.java. Using fallback presentation compiler.
2026.07.28 18:19:06 INFO  no build target found for /Users/onurercen/Desktop/ml4j/tensor/TensorOps.java. Using fallback presentation compiler.
2026.07.28 18:19:06 WARN  no build target for: /Users/onurercen/Desktop/ml4j/tensor/TensorOps.java
2026.07.28 18:19:07 INFO  no build target found for /Users/onurercen/Desktop/ml4j/tensor/TensorOps.java. Using fallback presentation compiler.
2026.07.28 18:19:25 INFO  no build target found for /Users/onurercen/Desktop/ml4j/examples/MnistExamples.java. Using fallback presentation compiler.
2026.07.28 18:19:25 WARN  no build target for: /Users/onurercen/Desktop/ml4j/examples/MnistExamples.java
2026.07.28 18:19:25 INFO  no build target found for /Users/onurercen/Desktop/ml4j/examples/MnistExamples.java. Using fallback presentation compiler.
2026.07.28 18:19:25 INFO  no build target found for /Users/onurercen/Desktop/ml4j/examples/MnistExamples.java. Using fallback presentation compiler.
2026.07.28 18:19:27 INFO  no build target found for /Users/onurercen/Desktop/ml4j/examples/MnistExamples.java. Using fallback presentation compiler.
2026.07.28 18:19:27 INFO  no build target found for /Users/onurercen/Desktop/ml4j/examples/MnistExamples.java. Using fallback presentation compiler.
2026.07.28 18:19:27 INFO  no build target found for /Users/onurercen/Desktop/ml4j/examples/MnistExamples.java. Using fallback presentation compiler.
2026.07.28 18:19:28 INFO  no build target found for /Users/onurercen/Desktop/ml4j/examples/MnistExamples.java. Using fallback presentation compiler.
2026.07.28 18:19:28 INFO  no build target found for /Users/onurercen/Desktop/ml4j/examples/MnistExamples.java. Using fallback presentation compiler.
2026.07.28 18:19:28 INFO  no build target found for /Users/onurercen/Desktop/ml4j/examples/MnistExamples.java. Using fallback presentation compiler.
2026.07.28 18:19:28 INFO  no build target found for /Users/onurercen/Desktop/ml4j/examples/MnistExamples.java. Using fallback presentation compiler.
2026.07.28 18:19:28 INFO  no build target found for /Users/onurercen/Desktop/ml4j/examples/MnistExamples.java. Using fallback presentation compiler.
2026.07.28 18:19:31 INFO  no build target found for /Users/onurercen/Desktop/ml4j/examples/MnistExamples.java. Using fallback presentation compiler.
2026.07.28 18:19:31 INFO  no build target found for /Users/onurercen/Desktop/ml4j/examples/MnistExamples.java. Using fallback presentation compiler.
2026.07.28 18:19:31 INFO  no build target found for /Users/onurercen/Desktop/ml4j/examples/MnistExamples.java. Using fallback presentation compiler.
2026.07.28 18:19:31 INFO  no build target found for /Users/onurercen/Desktop/ml4j/examples/MnistExamples.java. Using fallback presentation compiler.
2026.07.28 18:19:31 INFO  no build target found for /Users/onurercen/Desktop/ml4j/examples/MnistExamples.java. Using fallback presentation compiler.
2026.07.28 18:19:31 INFO  no build target found for /Users/onurercen/Desktop/ml4j/examples/MnistExamples.java. Using fallback presentation compiler.
2026.07.28 18:20:01 WARN  no build target for: /Users/onurercen/Desktop/ml4j/examples/TensorTest.java
2026.07.28 18:20:01 WARN  Running javac-semanticdb failed for file:///Users/onurercen/Desktop/ml4j/examples/TensorTest.java. Output:

2026.07.28 18:20:01 INFO  no build target found for /Users/onurercen/Desktop/ml4j/examples/TensorTest.java. Using fallback presentation compiler.
2026.07.28 18:20:01 INFO  no build target found for /Users/onurercen/Desktop/ml4j/examples/TensorTest.java. Using fallback presentation compiler.
2026.07.28 18:20:01 INFO  no build target found for /Users/onurercen/Desktop/ml4j/examples/TensorTest.java. Using fallback presentation compiler.
2026.07.28 18:20:01 INFO  no build target found for /Users/onurercen/Desktop/ml4j/examples/TensorTest.java. Using fallback presentation compiler.
2026.07.28 18:20:01 WARN  Running javac-semanticdb failed for file:///Users/onurercen/Desktop/ml4j/examples/TensorTest.java. Output:

2026.07.28 18:20:02 INFO  no build target found for /Users/onurercen/Desktop/ml4j/examples/TensorTest.java. Using fallback presentation compiler.
2026.07.28 18:20:02 INFO  no build target found for /Users/onurercen/Desktop/ml4j/examples/TensorTest.java. Using fallback presentation compiler.
2026.07.28 18:20:02 INFO  no build target found for /Users/onurercen/Desktop/ml4j/examples/TensorTest.java. Using fallback presentation compiler.
2026.07.28 18:20:02 INFO  no build target found for /Users/onurercen/Desktop/ml4j/examples/TensorTest.java. Using fallback presentation compiler.
2026.07.28 18:20:02 WARN  Running javac-semanticdb failed for file:///Users/onurercen/Desktop/ml4j/examples/TensorTest.java. Output:

2026.07.28 18:20:02 INFO  no build target found for /Users/onurercen/Desktop/ml4j/examples/TensorTest.java. Using fallback presentation compiler.
2026.07.28 18:20:03 WARN  no build target for: /Users/onurercen/Desktop/ml4j/examples/TensorTest.java
2026.07.28 18:20:02 INFO  no build target found for /Users/onurercen/Desktop/ml4j/examples/TensorTest.java. Using fallback presentation compiler.
2026.07.28 18:20:03 WARN  no build target for: /Users/onurercen/Desktop/ml4j/examples/TensorTest.java
2026.07.28 18:20:03 INFO  no build target found for /Users/onurercen/Desktop/ml4j/examples/TensorTest.java. Using fallback presentation compiler.
